Workbook
Name IQ_CH: 110000
Name IQ_CQ: 5000
Name IQ_CY: 10000
Name IQ_DAILY: 500000
Name IQ_FH: 100000
Name IQ_FQ: 500
Name IQ_FY: 1000
Name IQ_LTM: 2000
Name IQ_MONTH: 15000
Name IQ_NTM: 6000
Name IQ_WEEK: 50000
Name IQ_YTD: 3000

Sheet Sheet2
C1: 43 | D1: 44 | E1: 45 | F1: 46 | G1: 47 | H1: 48 | I1: 49 | J1: 50 | K1: 51 | L1: 52 | M1: 53 | N1: 54 | O1: 55 | P1: 56 | Q1: 57 | R1: 58 | S1: 59 | T1: 60 | U1: 61 | V1: 62 | W1: 63 | X1: 64 | Y1: 65 | Z1: 66 | AA1: 67 | AB1: 68 | AC1: 69 | AD1: 70 | AE1: 71 | AF1: 72 | AG1: 73 | AH1: 74
A2: STATE | C2: 1990 | D2: 1991 | E2: 1992 | F2: 1993 | G2: 1994 | H2: 1995 | I2: 1996 | J2: 1997 | K2: 1998 | L2: 1999 | M2: 2000 | N2: 2001 | O2: 2002 | P2: 2003 | Q2: 2004 | R2: 2005 | S2: 2006 | T2: 2007 | U2: 2008 | V2: 2009 | W2: 2010 | X2: 2011 | Y2: 2012 | Z2: 2013 | AA2: 2014 | AB2: 2015 | AC2: 2016 | AD2: 2017 | AE2: 2018 | AF2: 2019 | AG2: 2020 | AH2: 2021
A3: Alabama | B3: =VLOOKUP(A3,'State Codes'!$C$10:$D$63,2,FALSE) -> AL | C3: =VLOOKUP($A3,'MF-226'!$A$2:$BV$53,C$1,FALSE) -> 2053319 | D3: =VLOOKUP($A3,'MF-226'!$A$2:$BV$53,D$1,FALSE) -> 2050458 | E3: =VLOOKUP($A3,'MF-226'!$A$2:$BV$53,E$1,FALSE) -> 2125176 | F3: =VLOOKUP($A3,'MF-226'!$A$2:$BV$53,F$1,FALSE) -> 2165688 | G3: =VLOOKUP($A3,'MF-226'!$A$2:$BV$53,G$1,FALSE) -> 2220444 | H3: =VLOOKUP($A3,'MF-226'!$A$2:$BV$53,H$1,FALSE) -> 2283380 | I3: =VLOOKUP($A3,'MF-226'!$A$2:$BV$53,I$1,FALSE) -> 2274640 | J3: =VLOOKUP($A3,'MF-226'!$A$2:$BV$53,J$1,FALSE) -> 2303025 | ... AH3: =VLOOKUP($A3,'MF-226'!$A$2:$BV$53,AH$1,FALSE) -> 3072895
A4: Alaska | B4: =VLOOKUP(A4,'State Codes'!$C$10:$D$63,2,FALSE) -> AK | C4: =VLOOKUP($A4,'MF-226'!$A$2:$BV$53,C$1,FALSE) -> 236151 | D4: =VLOOKUP($A4,'MF-226'!$A$2:$BV$53,D$1,FALSE) -> 201902 | E4: =VLOOKUP($A4,'MF-226'!$A$2:$BV$53,E$1,FALSE) -> 235343 | F4: =VLOOKUP($A4,'MF-226'!$A$2:$BV$53,F$1,FALSE) -> 242127 | G4: =VLOOKUP($A4,'MF-226'!$A$2:$BV$53,G$1,FALSE) -> 273319 | H4: =VLOOKUP($A4,'MF-226'!$A$2:$BV$53,H$1,FALSE) -> 294662 | I4: =VLOOKUP($A4,'MF-226'!$A$2:$BV$53,I$1,FALSE) -> 267994 | J4: =VLOOKUP($A4,'MF-226'!$A$2:$BV$53,J$1,FALSE) -> 259191 | ... AH4: =VLOOKUP($A4,'MF-226'!$A$2:$BV$53,AH$1,FALSE) -> 233350
A5: Arizona | B5: =VLOOKUP(A5,'State Codes'!$C$10:$D$63,2,FALSE) -> AZ | C5: =VLOOKUP($A5,'MF-226'!$A$2:$BV$53,C$1,FALSE) -> 1637845 | D5: =VLOOKUP($A5,'MF-226'!$A$2:$BV$53,D$1,FALSE) -> 1678543 | E5: =VLOOKUP($A5,'MF-226'!$A$2:$BV$53,E$1,FALSE) -> 1744958 | F5: =VLOOKUP($A5,'MF-226'!$A$2:$BV$53,F$1,FALSE) -> 1799523 | G5: =VLOOKUP($A5,'MF-226'!$A$2:$BV$53,G$1,FALSE) -> 1899942 | H5: =VLOOKUP($A5,'MF-226'!$A$2:$BV$53,H$1,FALSE) -> 1958002 | I5: =VLOOKUP($A5,'MF-226'!$A$2:$BV$53,I$1,FALSE) -> 2062005 | J5: =VLOOKUP($A5,'MF-226'!$A$2:$BV$53,J$1,FALSE) -> 2038874 | ... AH5: =VLOOKUP($A5,'MF-226'!$A$2:$BV$53,AH$1,FALSE) -> 2788875
A6: Arkansas | B6: =VLOOKUP(A6,'State Codes'!$C$10:$D$63,2,FALSE) -> AR | C6: =VLOOKUP($A6,'MF-226'!$A$2:$BV$53,C$1,FALSE) -> 1203811 | D6: =VLOOKUP($A6,'MF-226'!$A$2:$BV$53,D$1,FALSE) -> 1192698 | E6: =VLOOKUP($A6,'MF-226'!$A$2:$BV$53,E$1,FALSE) -> 1228841 | F6: =VLOOKUP($A6,'MF-226'!$A$2:$BV$53,F$1,FALSE) -> 1268663 | G6: =VLOOKUP($A6,'MF-226'!$A$2:$BV$53,G$1,FALSE) -> 1286100 | H6: =VLOOKUP($A6,'MF-226'!$A$2:$BV$53,H$1,FALSE) -> 1318092 | I6: =VLOOKUP($A6,'MF-226'!$A$2:$BV$53,I$1,FALSE) -> 1322962 | J6: =VLOOKUP($A6,'MF-226'!$A$2:$BV$53,J$1,FALSE) -> 1368546 | ... AH6: =VLOOKUP($A6,'MF-226'!$A$2:$BV$53,AH$1,FALSE) -> 1417358
A7: California | B7: =VLOOKUP(A7,'State Codes'!$C$10:$D$63,2,FALSE) -> CA | C7: =VLOOKUP($A7,'MF-226'!$A$2:$BV$53,C$1,FALSE) -> 12808053 | D7: =VLOOKUP($A7,'MF-226'!$A$2:$BV$53,D$1,FALSE) -> 12397037 | E7: =VLOOKUP($A7,'MF-226'!$A$2:$BV$53,E$1,FALSE) -> 13281462 | F7: =VLOOKUP($A7,'MF-226'!$A$2:$BV$53,F$1,FALSE) -> 12962782 | G7: =VLOOKUP($A7,'MF-226'!$A$2:$BV$53,G$1,FALSE) -> 12932907 | H7: =VLOOKUP($A7,'MF-226'!$A$2:$BV$53,H$1,FALSE) -> 13012893 | I7: =VLOOKUP($A7,'MF-226'!$A$2:$BV$53,I$1,FALSE) -> 13291758 | J7: =VLOOKUP($A7,'MF-226'!$A$2:$BV$53,J$1,FALSE) -> 13492400 | ... AH7: =VLOOKUP($A7,'MF-226'!$A$2:$BV$53,AH$1,FALSE) -> 12812146
A8: Colorado | B8: =VLOOKUP(A8,'State Codes'!$C$10:$D$63,2,FALSE) -> CO | C8: =VLOOKUP($A8,'MF-226'!$A$2:$BV$53,C$1,FALSE) -> 1490475 | D8: =VLOOKUP($A8,'MF-226'!$A$2:$BV$53,D$1,FALSE) -> 1478385 | E8: =VLOOKUP($A8,'MF-226'!$A$2:$BV$53,E$1,FALSE) -> 1507258 | F8: =VLOOKUP($A8,'MF-226'!$A$2:$BV$53,F$1,FALSE) -> 1587223 | G8: =VLOOKUP($A8,'MF-226'!$A$2:$BV$53,G$1,FALSE) -> 1648166 | H8: =VLOOKUP($A8,'MF-226'!$A$2:$BV$53,H$1,FALSE) -> 1712801 | I8: =VLOOKUP($A8,'MF-226'!$A$2:$BV$53,I$1,FALSE) -> 1779655 | J8: =VLOOKUP($A8,'MF-226'!$A$2:$BV$53,J$1,FALSE) -> 1817808 | ... AH8: =VLOOKUP($A8,'MF-226'!$A$2:$BV$53,AH$1,FALSE) -> 2156344
A9: Connecticut | B9: =VLOOKUP(A9,'State Codes'!$C$10:$D$63,2,FALSE) -> CT | C9: =VLOOKUP($A9,'MF-226'!$A$2:$BV$53,C$1,FALSE) -> 1301715 | D9: =VLOOKUP($A9,'MF-226'!$A$2:$BV$53,D$1,FALSE) -> 1302750 | E9: =VLOOKUP($A9,'MF-226'!$A$2:$BV$53,E$1,FALSE) -> 1311247 | F9: =VLOOKUP($A9,'MF-226'!$A$2:$BV$53,F$1,FALSE) -> 1321880 | G9: =VLOOKUP($A9,'MF-226'!$A$2:$BV$53,G$1,FALSE) -> 1328585 | H9: =VLOOKUP($A9,'MF-226'!$A$2:$BV$53,H$1,FALSE) -> 1257051 | I9: =VLOOKUP($A9,'MF-226'!$A$2:$BV$53,I$1,FALSE) -> 1326218 | J9: =VLOOKUP($A9,'MF-226'!$A$2:$BV$53,J$1,FALSE) -> 1330775 | ... AH9: =VLOOKUP($A9,'MF-226'!$A$2:$BV$53,AH$1,FALSE) -> 1310187
A10: Delaware | B10: =VLOOKUP(A10,'State Codes'!$C$10:$D$63,2,FALSE) -> DE | C10: =VLOOKUP($A10,'MF-226'!$A$2:$BV$53,C$1,FALSE) -> 332478 | D10: =VLOOKUP($A10,'MF-226'!$A$2:$BV$53,D$1,FALSE) -> 319264 | E10: =VLOOKUP($A10,'MF-226'!$A$2:$BV$53,E$1,FALSE) -> 338513 | F10: =VLOOKUP($A10,'MF-226'!$A$2:$BV$53,F$1,FALSE) -> 344743 | G10: =VLOOKUP($A10,'MF-226'!$A$2:$BV$53,G$1,FALSE) -> 344799 | H10: =VLOOKUP($A10,'MF-226'!$A$2:$BV$53,H$1,FALSE) -> 346900 | I10: =VLOOKUP($A10,'MF-226'!$A$2:$BV$53,I$1,FALSE) -> 347820 | J10: =VLOOKUP($A10,'MF-226'!$A$2:$BV$53,J$1,FALSE) -> 353687 | ... AH10: =VLOOKUP($A10,'MF-226'!$A$2:$BV$53,AH$1,FALSE) -> 463301
A11: Dist. of Col. | B11: =VLOOKUP(A11,'State Codes'!$C$10:$D$63,2,FALSE) -> DC | C11: =VLOOKUP($A11,'MF-226'!$A$2:$BV$53,C$1,FALSE) -> 165513 | D11: =VLOOKUP($A11,'MF-226'!$A$2:$BV$53,D$1,FALSE) -> 165983 | E11: =VLOOKUP($A11,'MF-226'!$A$2:$BV$53,E$1,FALSE) -> 168246 | F11: =VLOOKUP($A11,'MF-226'!$A$2:$BV$53,F$1,FALSE) -> 174992 | G11: =VLOOKUP($A11,'MF-226'!$A$2:$BV$53,G$1,FALSE) -> 168682 | H11: =VLOOKUP($A11,'MF-226'!$A$2:$BV$53,H$1,FALSE) -> 167701 | I11: =VLOOKUP($A11,'MF-226'!$A$2:$BV$53,I$1,FALSE) -> 160948 | J11: =VLOOKUP($A11,'MF-226'!$A$2:$BV$53,J$1,FALSE) -> 167144 | ... AH11: =VLOOKUP($A11,'MF-226'!$A$2:$BV$53,AH$1,FALSE) -> 99660
A12: Florida | B12: =VLOOKUP(A12,'State Codes'!$C$10:$D$63,2,FALSE) -> FL | C12: =VLOOKUP($A12,'MF-226'!$A$2:$BV$53,C$1,FALSE) -> 5830693 | D12: =VLOOKUP($A12,'MF-226'!$A$2:$BV$53,D$1,FALSE) -> 5741435 | E12: =VLOOKUP($A12,'MF-226'!$A$2:$BV$53,E$1,FALSE) -> 5925701 | F12: =VLOOKUP($A12,'MF-226'!$A$2:$BV$53,F$1,FALSE) -> 6255156 | G12: =VLOOKUP($A12,'MF-226'!$A$2:$BV$53,G$1,FALSE) -> 6345491 | H12: =VLOOKUP($A12,'MF-226'!$A$2:$BV$53,H$1,FALSE) -> 6470446 | I12: =VLOOKUP($A12,'MF-226'!$A$2:$BV$53,I$1,FALSE) -> 6560084 | J12: =VLOOKUP($A12,'MF-226'!$A$2:$BV$53,J$1,FALSE) -> 6677385 | ... AH12: =VLOOKUP($A12,'MF-226'!$A$2:$BV$53,AH$1,FALSE) -> 8252295
A13: Georgia | B13: =VLOOKUP(A13,'State Codes'!$C$10:$D$63,2,FALSE) -> GA | C13: =VLOOKUP($A13,'MF-226'!$A$2:$BV$53,C$1,FALSE) -> 3455575 | D13: =VLOOKUP($A13,'MF-226'!$A$2:$BV$53,D$1,FALSE) -> 3462670 | E13: =VLOOKUP($A13,'MF-226'!$A$2:$BV$53,E$1,FALSE) -> 3508850 | F13: =VLOOKUP($A13,'MF-226'!$A$2:$BV$53,F$1,FALSE) -> 3910536 | G13: =VLOOKUP($A13,'MF-226'!$A$2:$BV$53,G$1,FALSE) -> 3927999 | H13: =VLOOKUP($A13,'MF-226'!$A$2:$BV$53,H$1,FALSE) -> 4057778 | I13: =VLOOKUP($A13,'MF-226'!$A$2:$BV$53,I$1,FALSE) -> 4218465 | J13: =VLOOKUP($A13,'MF-226'!$A$2:$BV$53,J$1,FALSE) -> 4217906 | ... AH13: =VLOOKUP($A13,'MF-226'!$A$2:$BV$53,AH$1,FALSE) -> 4531818
A14: Hawaii | B14: =VLOOKUP(A14,'State Codes'!$C$10:$D$63,2,FALSE) -> HI | C14: =VLOOKUP($A14,'MF-226'!$A$2:$BV$53,C$1,FALSE) -> 360888 | D14: =VLOOKUP($A14,'MF-226'!$A$2:$BV$53,D$1,FALSE) -> 370441 | E14: =VLOOKUP($A14,'MF-226'!$A$2:$BV$53,E$1,FALSE) -> 370792 | F14: =VLOOKUP($A14,'MF-226'!$A$2:$BV$53,F$1,FALSE) -> 372667 | G14: =VLOOKUP($A14,'MF-226'!$A$2:$BV$53,G$1,FALSE) -> 385055 | H14: =VLOOKUP($A14,'MF-226'!$A$2:$BV$53,H$1,FALSE) -> 383362 | I14: =VLOOKUP($A14,'MF-226'!$A$2:$BV$53,I$1,FALSE) -> 382909 | J14: =VLOOKUP($A14,'MF-226'!$A$2:$BV$53,J$1,FALSE) -> 382944 | ... AH14: =VLOOKUP($A14,'MF-226'!$A$2:$BV$53,AH$1,FALSE) -> 388680
... A53: Wyoming | B53: =VLOOKUP(A53,'State Codes'!$C$10:$D$63,2,FALSE) -> WY | C53: =VLOOKUP($A53,'MF-226'!$A$2:$BV$53,C$1,FALSE) -> 282290 | D53: =VLOOKUP($A53,'MF-226'!$A$2:$BV$53,D$1,FALSE) -> 280693 | E53: =VLOOKUP($A53,'MF-226'!$A$2:$BV$53,E$1,FALSE) -> 292718 | F53: =VLOOKUP($A53,'MF-226'!$A$2:$BV$53,F$1,FALSE) -> 304040 | G53: =VLOOKUP($A53,'MF-226'!$A$2:$BV$53,G$1,FALSE) -> 307874 | H53: =VLOOKUP($A53,'MF-226'!$A$2:$BV$53,H$1,FALSE) -> 313372 | I53: =VLOOKUP($A53,'MF-226'!$A$2:$BV$53,I$1,FALSE) -> 312216 | J53: =VLOOKUP($A53,'MF-226'!$A$2:$BV$53,J$1,FALSE) -> 299736 | ... AH53: =VLOOKUP($A53,'MF-226'!$A$2:$BV$53,AH$1,FALSE) -> 294439
A54: Total | C54: =VLOOKUP($A54,'MF-226'!$A$2:$BV$53,C$1,FALSE) -> 109529456 | D54: =VLOOKUP($A54,'MF-226'!$A$2:$BV$53,D$1,FALSE) -> 107913262 | E54: =VLOOKUP($A54,'MF-226'!$A$2:$BV$53,E$1,FALSE) -> 110974379 | F54: =VLOOKUP($A54,'MF-226'!$A$2:$BV$53,F$1,FALSE) -> 113668348 | G54: =VLOOKUP($A54,'MF-226'!$A$2:$BV$53,G$1,FALSE) -> 115681981 | H54: =VLOOKUP($A54,'MF-226'!$A$2:$BV$53,H$1,FALSE) -> 117060566 | I54: =VLOOKUP($A54,'MF-226'!$A$2:$BV$53,I$1,FALSE) -> 119514718 | J54: =VLOOKUP($A54,'MF-226'!$A$2:$BV$53,J$1,FALSE) -> 120937877 | ... AH54: =VLOOKUP($A54,'MF-226'!$A$2:$BV$53,AH$1,FALSE) -> 128909697
A55: Check: | C55: =SUM(C3:C53)-C54 -> 0 | D55: =SUM(D3:D53)-D54 -> 0 | E55: =SUM(E3:E53)-E54 -> 0 | F55: =SUM(F3:F53)-F54 -> 0 | G55: =SUM(G3:G53)-G54 -> 0 | H55: =SUM(H3:H53)-H54 -> 0 | I55: =SUM(I3:I53)-I54 -> 0 | J55: =SUM(J3:J53)-J54 -> 0 | ... AH55: =SUM(AH3:AH53)-AH54 -> 0
B57: AK | C57: =SUMIF($B$3:$B$53,$B57,C$3:C$53)/C$54 -> 0.0021560501 | D57: =SUMIF($B$3:$B$53,$B57,D$3:D$53)/D$54 -> 0.0018709656 | E57: =SUMIF($B$3:$B$53,$B57,E$3:E$53)/E$54 -> 0.0021206967 | F57: =SUMIF($B$3:$B$53,$B57,F$3:F$53)/F$54 -> 0.0021301181 | G57: =SUMIF($B$3:$B$53,$B57,G$3:G$53)/G$54 -> 0.0023626757 | H57: =SUMIF($B$3:$B$53,$B57,H$3:H$53)/H$54 -> 0.0025171756 | I57: =SUMIF($B$3:$B$53,$B57,I$3:I$53)/I$54 -> 0.0022423514 | J57: =SUMIF($B$3:$B$53,$B57,J$3:J$53)/J$54 -> 0.0021431747 | ... AH57: =SUMIF($B$3:$B$53,$B57,AH$3:AH$53)/AH$54 -> 0.0018101819
B58: AL | C58: =SUMIF($B$3:$B$53,$B58,C$3:C$53)/C$54 -> 0.018746729 | D58: =SUMIF($B$3:$B$53,$B58,D$3:D$53)/D$54 -> 0.019000982 | E58: =SUMIF($B$3:$B$53,$B58,E$3:E$53)/E$54 -> 0.01915015 | F58: =SUMIF($B$3:$B$53,$B58,F$3:F$53)/F$54 -> 0.019052692 | G58: =SUMIF($B$3:$B$53,$B58,G$3:G$53)/G$54 -> 0.019194381 | H58: =SUMIF($B$3:$B$53,$B58,H$3:H$53)/H$54 -> 0.019505971 | I58: =SUMIF($B$3:$B$53,$B58,I$3:I$53)/I$54 -> 0.0190323 | J58: =SUMIF($B$3:$B$53,$B58,J$3:J$53)/J$54 -> 0.019043041 | ... AH58: =SUMIF($B$3:$B$53,$B58,AH$3:AH$53)/AH$54 -> 0.023837578
B59: AR | C59: =SUMIF($B$3:$B$53,$B59,C$3:C$53)/C$54 -> 0.010990751 | D59: =SUMIF($B$3:$B$53,$B59,D$3:D$53)/D$54 -> 0.011052376 | E59: =SUMIF($B$3:$B$53,$B59,E$3:E$53)/E$54 -> 0.011073196 | F59: =SUMIF($B$3:$B$53,$B59,F$3:F$53)/F$54 -> 0.011161093 | G59: =SUMIF($B$3:$B$53,$B59,G$3:G$53)/G$54 -> 0.011117548 | H59: =SUMIF($B$3:$B$53,$B59,H$3:H$53)/H$54 -> 0.011259915 | I59: =SUMIF($B$3:$B$53,$B59,I$3:I$53)/I$54 -> 0.011069448 | J59: =SUMIF($B$3:$B$53,$B59,J$3:J$53)/J$54 -> 0.011316107 | ... AH59: =SUMIF($B$3:$B$53,$B59,AH$3:AH$53)/AH$54 -> 0.010994968
B60: AZ | C60: =SUMIF($B$3:$B$53,$B60,C$3:C$53)/C$54 -> 0.014953466 | D60: =SUMIF($B$3:$B$53,$B60,D$3:D$53)/D$54 -> 0.015554557 | E60: =SUMIF($B$3:$B$53,$B60,E$3:E$53)/E$54 -> 0.015723972 | F60: =SUMIF($B$3:$B$53,$B60,F$3:F$53)/F$54 -> 0.015831346 | G60: =SUMIF($B$3:$B$53,$B60,G$3:G$53)/G$54 -> 0.016423837 | H60: =SUMIF($B$3:$B$53,$B60,H$3:H$53)/H$54 -> 0.016726401 | I60: =SUMIF($B$3:$B$53,$B60,I$3:I$53)/I$54 -> 0.017253147 | J60: =SUMIF($B$3:$B$53,$B60,J$3:J$53)/J$54 -> 0.016858854 | ... AH60: =SUMIF($B$3:$B$53,$B60,AH$3:AH$53)/AH$54 -> 0.021634331
B61: CA | C61: =SUMIF($B$3:$B$53,$B61,C$3:C$53)/C$54 -> 0.11693706 | D61: =SUMIF($B$3:$B$53,$B61,D$3:D$53)/D$54 -> 0.11487964 | E61: =SUMIF($B$3:$B$53,$B61,E$3:E$53)/E$54 -> 0.11968044 | F61: =SUMIF($B$3:$B$53,$B61,F$3:F$53)/F$54 -> 0.11404038 | G61: =SUMIF($B$3:$B$53,$B61,G$3:G$53)/G$54 -> 0.11179707 | H61: =SUMIF($B$3:$B$53,$B61,H$3:H$53)/H$54 -> 0.11116376 | I61: =SUMIF($B$3:$B$53,$B61,I$3:I$53)/I$54 -> 0.1112144 | J61: =SUMIF($B$3:$B$53,$B61,J$3:J$53)/J$54 -> 0.11156472 | ... AH61: =SUMIF($B$3:$B$53,$B61,AH$3:AH$53)/AH$54 -> 0.099388536
B62: CO | C62: =SUMIF($B$3:$B$53,$B62,C$3:C$53)/C$54 -> 0.013607983 | D62: =SUMIF($B$3:$B$53,$B62,D$3:D$53)/D$54 -> 0.013699753 | E62: =SUMIF($B$3:$B$53,$B62,E$3:E$53)/E$54 -> 0.013582036 | F62: =SUMIF($B$3:$B$53,$B62,F$3:F$53)/F$54 -> 0.013963632 | G62: =SUMIF($B$3:$B$53,$B62,G$3:G$53)/G$54 -> 0.014247387 | H62: =SUMIF($B$3:$B$53,$B62,H$3:H$53)/H$54 -> 0.014631751 | I62: =SUMIF($B$3:$B$53,$B62,I$3:I$53)/I$54 -> 0.014890676 | J62: =SUMIF($B$3:$B$53,$B62,J$3:J$53)/J$54 -> 0.015030924 | ... AH62: =SUMIF($B$3:$B$53,$B62,AH$3:AH$53)/AH$54 -> 0.016727555
B63: CT | C63: =SUMIF($B$3:$B$53,$B63,C$3:C$53)/C$54 -> 0.011884611 | D63: =SUMIF($B$3:$B$53,$B63,D$3:D$53)/D$54 -> 0.012072196 | E63: =SUMIF($B$3:$B$53,$B63,E$3:E$53)/E$54 -> 0.011815763 | F63: =SUMIF($B$3:$B$53,$B63,F$3:F$53)/F$54 -> 0.011629271 | G63: =SUMIF($B$3:$B$53,$B63,G$3:G$53)/G$54 -> 0.011484805 | H63: =SUMIF($B$3:$B$53,$B63,H$3:H$53)/H$54 -> 0.010738467 | I63: =SUMIF($B$3:$B$53,$B63,I$3:I$53)/I$54 -> 0.011096692 | J63: =SUMIF($B$3:$B$53,$B63,J$3:J$53)/J$54 -> 0.01100379 | ... AH63: =SUMIF($B$3:$B$53,$B63,AH$3:AH$53)/AH$54 -> 0.010163603
B64: DC | C64: =SUMIF($B$3:$B$53,$B64,C$3:C$53)/C$54 -> 0.0015111277 | D64: =SUMIF($B$3:$B$53,$B64,D$3:D$53)/D$54 -> 0.0015381149 | E64: =SUMIF($B$3:$B$53,$B64,E$3:E$53)/E$54 -> 0.0015160797 | F64: =SUMIF($B$3:$B$53,$B64,F$3:F$53)/F$54 -> 0.0015394963 | G64: =SUMIF($B$3:$B$53,$B64,G$3:G$53)/G$54 -> 0.0014581528 | H64: =SUMIF($B$3:$B$53,$B64,H$3:H$53)/H$54 -> 0.0014326003 | I64: =SUMIF($B$3:$B$53,$B64,I$3:I$53)/I$54 -> 0.0013466793 | J64: =SUMIF($B$3:$B$53,$B64,J$3:J$53)/J$54 -> 0.0013820649 | ... AH64: =SUMIF($B$3:$B$53,$B64,AH$3:AH$53)/AH$54 -> 0.00077309933
B65: DE | C65: =SUMIF($B$3:$B$53,$B65,C$3:C$53)/C$54 -> 0.0030355122 | D65: =SUMIF($B$3:$B$53,$B65,D$3:D$53)/D$54 -> 0.0029585242 | E65: =SUMIF($B$3:$B$53,$B65,E$3:E$53)/E$54 -> 0.0030503708 | F65: =SUMIF($B$3:$B$53,$B65,F$3:F$53)/F$54 -> 0.0030328848 | G65: =SUMIF($B$3:$B$53,$B65,G$3:G$53)/G$54 -> 0.0029805766 | H65: =SUMIF($B$3:$B$53,$B65,H$3:H$53)/H$54 -> 0.0029634232 | I65: =SUMIF($B$3:$B$53,$B65,I$3:I$53)/I$54 -> 0.0029102692 | J65: =SUMIF($B$3:$B$53,$B65,J$3:J$53)/J$54 -> 0.0029245346 | ... AH65: =SUMIF($B$3:$B$53,$B65,AH$3:AH$53)/AH$54 -> 0.0035939965
B66: FL | C66: =SUMIF($B$3:$B$53,$B66,C$3:C$53)/C$54 -> 0.053234018 | D66: =SUMIF($B$3:$B$53,$B66,D$3:D$53)/D$54 -> 0.053204165 | E66: =SUMIF($B$3:$B$53,$B66,E$3:E$53)/E$54 -> 0.053397019 | F66: =SUMIF($B$3:$B$53,$B66,F$3:F$53)/F$54 -> 0.055029884 | G66: =SUMIF($B$3:$B$53,$B66,G$3:G$53)/G$54 -> 0.05485289 | H66: =SUMIF($B$3:$B$53,$B66,H$3:H$53)/H$54 -> 0.055274344 | I66: =SUMIF($B$3:$B$53,$B66,I$3:I$53)/I$54 -> 0.05488934 | J66: =SUMIF($B$3:$B$53,$B66,J$3:J$53)/J$54 -> 0.055213347 | ... AH66: =SUMIF($B$3:$B$53,$B66,AH$3:AH$53)/AH$54 -> 0.064016092
B67: GA | C67: =SUMIF($B$3:$B$53,$B67,C$3:C$53)/C$54 -> 0.031549276 | D67: =SUMIF($B$3:$B$53,$B67,D$3:D$53)/D$54 -> 0.03208753 | E67: =SUMIF($B$3:$B$53,$B67,E$3:E$53)/E$54 -> 0.031618559 | F67: =SUMIF($B$3:$B$53,$B67,F$3:F$53)/F$54 -> 0.034403034 | G67: =SUMIF($B$3:$B$53,$B67,G$3:G$53)/G$54 -> 0.03395515 | H67: =SUMIF($B$3:$B$53,$B67,H$3:H$53)/H$54 -> 0.034663919 | I67: =SUMIF($B$3:$B$53,$B67,I$3:I$53)/I$54 -> 0.035296615 | J67: =SUMIF($B$3:$B$53,$B67,J$3:J$53)/J$54 -> 0.034876633 | ... AH67: =SUMIF($B$3:$B$53,$B67,AH$3:AH$53)/AH$54 -> 0.035154981
B68: HI | C68: =SUMIF($B$3:$B$53,$B68,C$3:C$53)/C$54 -> 0.0032948945 | D68: =SUMIF($B$3:$B$53,$B68,D$3:D$53)/D$54 -> 0.0034327662 | E68: =SUMIF($B$3:$B$53,$B68,E$3:E$53)/E$54 -> 0.0033412397 | F68: =SUMIF($B$3:$B$53,$B68,F$3:F$53)/F$54 -> 0.0032785468 | G68: =SUMIF($B$3:$B$53,$B68,G$3:G$53)/G$54 -> 0.0033285651 | H68: =SUMIF($B$3:$B$53,$B68,H$3:H$53)/H$54 -> 0.003274903 | I68: =SUMIF($B$3:$B$53,$B68,I$3:I$53)/I$54 -> 0.0032038648 | J68: =SUMIF($B$3:$B$53,$B68,J$3:J$53)/J$54 -> 0.0031664521 | ... AH68: =SUMIF($B$3:$B$53,$B68,AH$3:AH$53)/AH$54 -> 0.0030151339
... B107: WY | C107: =SUMIF($B$3:$B$53,$B107,C$3:C$53)/C$54 -> 0.0025772976 | D107: =SUMIF($B$3:$B$53,$B107,D$3:D$53)/D$54 -> 0.0026010983 | E107: =SUMIF($B$3:$B$53,$B107,E$3:E$53)/E$54 -> 0.0026377079 | F107: =SUMIF($B$3:$B$53,$B107,F$3:F$53)/F$54 -> 0.0026747991 | G107: =SUMIF($B$3:$B$53,$B107,G$3:G$53)/G$54 -> 0.0026613825 | H107: =SUMIF($B$3:$B$53,$B107,H$3:H$53)/H$54 -> 0.0026770074 | I107: =SUMIF($B$3:$B$53,$B107,I$3:I$53)/I$54 -> 0.0026123644 | J107: =SUMIF($B$3:$B$53,$B107,J$3:J$53)/J$54 -> 0.0024784295 | ... AH107: =SUMIF($B$3:$B$53,$B107,AH$3:AH$53)/AH$54 -> 0.0022840718
C108: =SUM(C57:C107) -> 1 | D108: =SUM(D57:D107) -> 1 | E108: =SUM(E57:E107) -> 1 | F108: =SUM(F57:F107) -> 1 | G108: =SUM(G57:G107) -> 1 | H108: =SUM(H57:H107) -> 1 | I108: =SUM(I57:I107) -> 1 | J108: =SUM(J57:J107) -> 1 | ... AH108: =SUM(AH57:AH107) -> 1

Sheet MF-226
A1: STATE | B1: 1949 | C1: 1950 | D1: 1951 | E1: 1952 | F1: 1953 | G1: 1954 | H1: 1955 | I1: 1956 | J1: 1957 | K1: 1958 | L1: 1959 | M1: 1960 | N1: 1961 | O1: 1962 | P1: 1963 | Q1: 1964 | R1: 1965 | S1: 1966 | T1: 1967 | U1: 1968 | V1: 1969 | W1: 1970 | X1: 1971 | Y1: 1972 | Z1: 1973 | AA1: 1974 | AB1: 1975 | AC1: 1976 | AD1: 1977 | AE1: 1978 | AF1: 1979 | AG1: 1980 | AH1: 1981 | AI1: 1982 | AJ1: 1983 | AK1: 1984 | AL1: 1985 | AM1: 1986 | AN1: 1987 | AO1: 1988 | AP1: 1989 | AQ1: 1990 | AR1: 1991 | AS1: 1992 | AT1: 1993 | AU1: 1994 | AV1: 1995 | AW1: 1996 | AX1: 1997 | AY1: 1998 | AZ1: 1999 | BA1: 2000 | BB1: 2001 | BC1: 2002 | BD1: 2003 | BE1: 2004 | BF1: 2005 | BG1: 2006 | BH1: 2007 | BI1: 2008 | BJ1: 2009 | BK1: 2010 | BL1: 2011 | BM1: 2012 | BN1: 2013 | BO1: 2014 | BP1: 2015 | BQ1: 2016 | BR1: 2017 | BS1: 2018 | BT1: 2019 | BU1: 2020 | BV1: 2021
A2: Alabama | B2: 464959 | C2: 522435 | D2: 575658 | E2: 632908 | F2: 669398 | G2: 701738 | H2: 759948 | I2: 817714 | J2: 842180 | K2: 884860 | L2: 929434 | M2: 969016 | N2: 995540 | O2: 1034428 | P2: 1072598 | Q2: 1125842 | R2: 1175454 | S2: 1246736 | T2: 1296855 | U2: 1366642 | V2: 1436548 | W2: 1527691 | X2: 1627315 | Y2: 1735271 | Z2: 1828089 | AA2: 1806873 | AB2: 1861917 | AC2: 1973892 | AD2: 2045824 | AE2: 2122221 | AF2: 2035364 | AG2: 1884476 | AH2: 1800105 | AI2: 1789845 | AJ2: 1813442 | AK2: 1834786 | AL2: 1808899 | AM2: 1940127 | AN2: 2011028 | AO2: 2010794 | AP2: 2057276 | AQ2: 2053319 | AR2: 2050458 | AS2: 2125176 | AT2: 2165688 | AU2: 2220444 | AV2: 2283380 | AW2: 2274640 | AX2: 2303025 | AY2: 2383298 | AZ2: 2414076 | BA2: 2378770.5 | BB2: 2382507 | BC2: 2541401 | BD2: 2446942 | BE2: 2545769 | BF2: 2545997 | BG2: 2537990 | BH2: 2573326 | BI2: 2510679 | BJ2: 2533308 | BK2: 2595316 | BL2: 2538696 | BM2: 2521069 | BN2: 2519753 | BO2: 2576928 | BP2: 2504176 | BQ2: 2580392 | BR2: 2550741 | BS2: 2540902 | BT2: 2659652 | BU2: 2702225 | BV2: 3072895
A3: Alaska | B3: 0 | C3: 0 | D3: 0 | E3: 0 | F3: 0 | G3: 0 | H3: 0 | I3: 0 | J3: 0 | K3: 0 | L3: 47443 | M3: 46811 | N3: 51530 | O3: 54135 | P3: 57768 | Q3: 61518 | R3: 71052 | S3: 67231 | T3: 70396 | U3: 66827 | V3: 79991 | W3: 88864 | X3: 102242 | Y3: 98041 | Z3: 107689 | AA3: 120035 | AB3: 148291 | AC3: 175084 | AD3: 173298 | AE3: 165465 | AF3: 174074 | AG3: 135236 | AH3: 172219 | AI3: 192852 | AJ3: 182043 | AK3: 215914 | AL3: 211382 | AM3: 198008 | AN3: 191421 | AO3: 209827 | AP3: 202140 | AQ3: 236151 | AR3: 201902 | AS3: 235343 | AT3: 242127 | AU3: 273319 | AV3: 294662 | AW3: 267994 | AX3: 259191 | AY3: 276828 | AZ3: 267005 | BA3: 247394.85 | BB3: 235400 | BC3: 237008 | BD3: 241205 | BE3: 279712 | BF3: 267821 | BG3: 262992 | BH3: 267442 | BI3: 261376 | BJ3: 265790 | BK3: 265549 | BL3: 259821 | BM3: 267783 | BN3: 251692 | BO3: 274074 | BP3: 243380 | BQ3: 253416 | BR3: 247425 | BS3: 244389 | BT3: 242562 | BU3: 211646 | BV3: 233350
A4: Arizona | B4: 187266 | C4: 209747 | D4: 236282 | E4: 270431 | F4: 287090 | G4: 289041 | H4: 321573 | I4: 348685 | J4: 377009 | K4: 404638 | L4: 440080 | M4: 477258 | N4: 497422 | O4: 531357 | P4: 559879 | Q4: 588372 | R4: 606285 | S4: 634631 | T4: 651339 | U4: 716403 | V4: 818039 | W4: 879530 | X4: 945355 | Y4: 1058992 | Z4: 1152556 | AA4: 1077648 | AB4: 1128228 | AC4: 1189696 | AD4: 1267998 | AE4: 1345525 | AF4: 1351339 | AG4: 1292055 | AH4: 1283328 | AI4: 1300264 | AJ4: 1375867 | AK4: 1448887 | AL4: 1518510 | AM4: 1590459 | AN4: 1630561 | AO4: 1665460 | AP4: 1699692 | AQ4: 1637845 | AR4: 1678543 | AS4: 1744958 | AT4: 1799523 | AU4: 1899942 | AV4: 1958002 | AW4: 2062005 | AX4: 2038874 | AY4: 2196899 | AZ4: 2312106 | BA4: 2366395.8 | BB4: 2428430 | BC4: 2540577 | BD4: 2574491 | BE4: 2691468 | BF4: 2757235 | BG4: 2793239 | BH4: 2818981 | BI4: 2650997 | BJ4: 2571902 | BK4: 2585987 | BL4: 2563505 | BM4: 2555274 | BN4: 2578433 | BO4: 2663653 | BP4: 2606360 | BQ4: 2716868 | BR4: 2732137 | BS4: 2783217 | BT4: 2831627 | BU4: 2511812 | BV4: 2788875
A5: Arkansas | B5: 321704 | C5: 348899 | D5: 379263 | E5: 405515 | F5: 416544 | G5: 437240 | H5: 465036 | I5: 496737 | J5: 494126 | K5: 514367 | L5: 535351 | M5: 572125 | N5: 597390 | O5: 633323 | P5: 663986 | Q5: 697744 | R5: 727626 | S5: 756367 | T5: 775839 | U5: 834961 | V5: 885852 | W5: 922822 | X5: 988725 | Y5: 1079361 | Z5: 1129609 | AA5: 1110907 | AB5: 1142058 | AC5: 1214119 | AD5: 1248850 | AE5: 1289507 | AF5: 1058418 | AG5: 1127761 | AH5: 1103404 | AI5: 1082402 | AJ5: 1089061 | AK5: 1103456 | AL5: 1084243 | AM5: 1139702 | AN5: 1156660 | AO5: 1209911 | AP5: 1220757 | AQ5: 1203811 | AR5: 1192698 | AS5: 1228841 | AT5: 1268663 | AU5: 1286100 | AV5: 1318092 | AW5: 1322962 | AX5: 1368546 | AY5: 1364348 | AZ5: 1392948 | BA5: 1371641.2 | BB5: 1358174 | BC5: 1383458 | BD5: 1397579 | BE5: 1392455 | BF5: 1367278 | BG5: 1347736 | BH5: 1377803 | BI5: 1373783 | BJ5: 1405993 | BK5: 1408255 | BL5: 1372183 | BM5: 1366706 | BN5: 1342104 | BO5: 1420837 | BP5: 1320737 | BQ5: 1412534 | BR5: 1408054 | BS5: 1379415 | BT5: 1431471 | BU5: 1326814 | BV5: 1417358
A6: California | B6: 2878314 | C6: 3085424 | D6: 3332050 | E6: 3583710 | F6: 3774965 | G6: 3846379 | H6: 4172306 | I6: 4511496 | J6: 4654595 | K6: 4804266 | L6: 5116018 | M6: 5372810 | N6: 5616172 | O6: 5839438 | P6: 6268590 | Q6: 6666357 | R6: 6949943 | S6: 7293963 | T6: 7552723 | U6: 8042178 | V6: 8480798 | W6: 8846685 | X6: 9157397 | Y6: 9790977 | Z6: 10102925 | AA6: 9662532 | AB6: 9985654 | AC6: 10494542 | AD6: 11076867 | AE6: 11616189 | AF6: 11433403 | AG6: 10745324 | AH6: 10580202 | AI6: 10400392 | AJ6: 10684667 | AK6: 11126075 | AL6: 11211337 | AM6: 11733752 | AN6: 12162124 | AO6: 12555731 | AP6: 12976069 | AQ6: 12808053 | AR6: 12397037 | AS6: 13281462 | AT6: 12962782 | AU6: 12932907 | AV6: 13012893 | AW6: 13291758 | AX6: 13492400 | AY6: 13755547 | AZ6: 14249177 | BA6: 14378254 | BB6: 14691753 | BC6: 15385840 | BD6: 15358354 | BE6: 15579476 | BF6: 15614464 | BG6: 15509940 | BH6: 15402164 | BI6: 14787997 | BJ6: 14575049 | BK6: 14555037 | BL6: 14276055 | BM6: 14221198 | BN6: 14201939 | BO6: 14660111 | BP6: 14188342 | BQ6: 14540213 | BR6: 14613569 | BS6: 14536101 | BT6: 14432583 | BU6: 11487227 | BV6: 12812146
A7: Colorado | B7: 327975 | C7: 354528 | D7: 391408 | E7: 420604 | F7: 435843 | G7: 458030 | H7: 482764 | I7: 510140 | J7: 535047 | K7: 549815 | L7: 588917 | M7: 609886 | N7: 639455 | O7: 665008 | P7: 695695 | Q7: 730392 | R7: 760708 | S7: 787267 | T7: 820873 | U7: 897542 | V7: 962563 | W7: 1049639 | X7: 1124158 | Y7: 1233942 | Z7: 1294033 | AA7: 1236551 | AB7: 1297997 | AC7: 1348630 | AD7: 1403614 | AE7: 1528834 | AF7: 1482632 | AG7: 1433965 | AH7: 1432558 | AI7: 1443232 | AJ7: 1388048 | AK7: 1393466 | AL7: 1499775 | AM7: 1533321 | AN7: 1507967 | AO7: 1506623 | AP7: 1478994 | AQ7: 1490475 | AR7: 1478385 | AS7: 1507258 | AT7: 1587223 | AU7: 1648166 | AV7: 1712801 | AW7: 1779655 | AX7: 1817808 | AY7: 1865569 | AZ7: 1971403 | BA7: 1977730.2 | BB7: 2048664 | BC7: 2023069 | BD7: 2011767 | BE7: 2080962 | BF7: 2076744 | BG7: 2066183 | BH7: 2092476 | BI7: 2062000 | BJ7: 2060032 | BK7: 2093404 | BL7: 2079287 | BM7: 2065165 | BN7: 2095760 | BO7: 2213924 | BP7: 2107254 | BQ7: 2217141 | BR7: 2196347 | BS7: 2210977 | BT7: 2270649 | BU7: 1921601 | BV7: 2156344
A8: Connecticut | B8: 447195 | C8: 483019 | D8: 516668 | E8: 549352 | F8: 587601 | G8: 616554 | H8: 655619 | I8: 674805 | J8: 704359 | K8: 720071 | L8: 750064 | M8: 772486 | N8: 788870 | O8: 821828 | P8: 858671 | Q8: 910115 | R8: 949550 | S8: 985904 | T8: 1015909 | U8: 1079977 | V8: 1132242 | W8: 1187124 | X8: 1237805 | Y8: 1298183 | Z8: 1329756 | AA8: 1295895 | AB8: 1320158 | AC8: 1359579 | AD8: 1381452 | AE8: 1393505 | AF8: 1340218 | AG8: 1282313 | AH8: 1265625 | AI8: 1249142 | AJ8: 1277382 | AK8: 1302491 | AL8: 1307119 | AM8: 1343492 | AN8: 1354517 | AO8: 1359107 | AP8: 1345656 | AQ8: 1301715 | AR8: 1302750 | AS8: 1311247 | AT8: 1321880 | AU8: 1328585 | AV8: 1257051 | AW8: 1326218 | AX8: 1330775 | AY8: 1373280 | AZ8: 1491660 | BA8: 1422963.7 | BB8: 1458279 | BC8: 1519930 | BD8: 1610491 | BE8: 1796582 | BF8: 1566904 | BG8: 1516783 | BH8: 1526330 | BI8: 1462593 | BJ8: 1479193 | BK8: 1459754 | BL8: 1432206 | BM8: 1415334 | BN8: 1398670 | BO8: 1419108 | BP8: 1405870 | BQ8: 1441862 | BR8: 1434972 | BS8: 1442689 | BT8: 1437444 | BU8: 1192564 | BV8: 1310187
A9: Delaware | B9: 81885 | C9: 90568 | D9: 97987 | E9: 106416 | F9: 114302 | G9: 117326 | H9: 129238 | I9: 141561 | J9: 153753 | K9: 156147 | L9: 166436 | M9: 165908 | N9: 185325 | O9: 179207 | P9: 192361 | Q9: 197719 | R9: 206536 | S9: 215039 | T9: 220073 | U9: 232008 | V9: 246513 | W9: 258143 | X9: 272077 | Y9: 282796 | Z9: 300235 | AA9: 286745 | AB9: 292617 | AC9: 308245 | AD9: 306396 | AE9: 307779 | AF9: 298189 | AG9: 281819 | AH9: 288767 | AI9: 275895 | AJ9: 302688 | AK9: 309775 | AL9: 314191 | AM9: 320503 | AN9: 324265 | AO9: 334242 | AP9: 336356 | AQ9: 332478 | AR9: 319264 | AS9: 338513 | AT9: 344743 | AU9: 344799 | AV9: 346900 | AW9: 347820 | AX9: 353687 | AY9: 373510 | AZ9: 383444 | BA9: 371093.38 | BB9: 382043 | BC9: 409225 | BD9: 408311 | BE9: 412075 | BF9: 426638 | BG9: 433203 | BH9: 434051 | BI9: 419204 | BJ9: 420681 | BK9: 425326 | BL9: 409634 | BM9: 405959 | BN9: 408344 | BO9: 417947 | BP9: 434287 | BQ9: 523442 | BR9: 466810 | BS9: 485874 | BT9: 522552 | BU9: 429937 | BV9: 463301
A10: Dist. of Col. | B10: 179603 | C10: 192775 | D10: 200045 | E10: 201173 | F10: 196993 | G10: 193229 | H10: 199163 | I10: 194771 | J10: 187978 | K10: 187928 | L10: 199188 | M10: 197795 | N10: 199244 | O10: 201076 | P10: 203957 | Q10: 217859 | R10: 226605 | S10: 230216 | T10: 228391 | U10: 232048 | V10: 235783 | W10: 236868 | X10: 237665 | Y10: 237022 | Z10: 251278 | AA10: 233966 | AB10: 237688 | AC10: 228647 | AD10: 217881 | AE10: 214732 | AF10: 192900 | AG10: 165943 | AH10: 167438 | AI10: 167651 | AJ10: 166943 | AK10: 173175 | AL10: 159065 | AM10: 161423 | AN10: 176093 | AO10: 180276 | AP10: 174476 | AQ10: 165513 | AR10: 165983 | AS10: 168246 | AT10: 174992 | AU10: 168682 | AV10: 167701 | AW10: 160948 | AX10: 167144 | AY10: 161570 | AZ10: 167820 | BA10: 169225.03 | BB10: 148769 | BC10: 140542 | BD10: 131472 | BE10: 138427 | BF10: 125313 | BG10: 123904 | BH10: 122186 | BI10: 100568 | BJ10: 107113 | BK10: 103082 | BL10: 105076 | BM10: 94414 | BN10: 94670 | BO10: 107715 | BP10: 106690 | BQ10: 114843 | BR10: 99509 | BS10: =BP10+BR10 -> 206199 | BT10: 113256 | BU10: 93883 | BV10: 99660
A11: Florida | B11: 630210 | C11: 713193 | D11: 785484 | E11: 899741 | F11: 978915 | G11: 1052672 | H11: 1174151 | I11: 1307819 | J11: 1425607 | K11: 1490213 | L11: 1596853 | M11: 1715648 | N11: 1746159 | O11: 1856181 | P11: 1950200 | Q11: 2077891 | R11: 2195099 | S11: 2317716 | T11: 2436299 | U11: 2659855 | V11: 2899615 | W11: 3129151 | X11: 3363503 | Y11: 3778532 | Z11: 4170530 | AA11: 4028165 | AB11: 4154294 | AC11: 4321000 | AD11: 4484746 | AE11: 4738242 | AF11: 4714622 | AG11: 4617752 | AH11: 4681624 | AI11: 4740741 | AJ11: 4908558 | AK11: 5052157 | AL11: 5167383 | AM11: 5408907 | AN11: 5632701 | AO11: 5748436 | AP11: 5820715 | AQ11: 5830693 | AR11: 5741435 | AS11: 5925701 | AT11: 6255156 | AU11: 6345491 | AV11: 6470446 | AW11: 6560084 | AX11: 6677385 | AY11: 6946216 | AZ11: 7211565 | BA11: 7368472.5 | BB11: 7471117 | BC11: 7720436 | BD11: 7893121 | BE11: 8255164 | BF11: 8365589 | BG11: 8368522 | BH11: 8250698 | BI11: 7903075 | BJ11: 7965595 | BK11: 7893177 | BL11: 7834706 | BM11: 7886365 | BN11: 7954688 | BO11: 8248186 | BP11: 8037700 | BQ11: 8206142 | BR11: 8392520 | BS11: 8539389 | BT11: 8586669 | BU11: 7473496 | BV11: 8252295
A12: Georgia | B12: 621642 | C12: 697708 | D12: 766003 | E12: 861462 | F12: 897180 | G12: 940029 | H12: 1030178 | I12: 1093197 | J12: 1121026 | K12: 1168736 | L12: 1227261 | M12: 1253241 | N12: 1279849 | O12: 1352578 | P12: 1420694 | Q12: 1519756 | R12: 1606336 | S12: 1699566 | T12: 1789617 | U12: 1956085 | V12: 2122272 | W12: 2248815 | X12: 2425221 | Y12: 2630641 | Z12: 2781136 | AA12: 2680824 | AB12: 2722133 | AC12: 2859916 | AD12: 2941179 | AE12: 3053700 | AF12: 2969992 | AG12: 2792057 | AH12: 2753025 | AI12: 2754747 | AJ12: 2843510 | AK12: 2991125 | AL12: 3044547 | AM12: 3216274 | AN12: 3318263 | AO12: 3435023 | AP12: 3465714 | AQ12: 3455575 | AR12: 3462670 | AS12: 3508850 | AT12: 3910536 | AU12: 3927999 | AV12: 4057778 | AW12: 4218465 | AX12: 4217906 | AY12: 4456819 | AZ12: 4619658 | BA12: 4640345.3 | BB12: 4693703 | BC12: 4826786 | BD12: 4899436 | BE12: 4959100 | BF12: 4965789 | BG12: 4827210 | BH12: 4883089 | BI12: 4667051 | BJ12: 4786431 | BK12: 4796734 | BL12: 4630907 | BM12: 4610055 | BN12: 4736966 | BO12: 4668163 | BP12: 4709948 | BQ12: 4587799 | BR12: 4812597 | BS12: 4798630 | BT12: 4743377 | BU12: 4403166 | BV12: 4531818
A13: Hawaii | B13: 0 | C13: 0 | D13: 0 | E13: 0 | F13: 0 | G13: 0 | H13: 0 | I13: 0 | J13: 0 | K13: 0 | L13: 122857 | M13: 133261 | N13: 138079 | O13: 144034 | P13: 147510 | Q13: 155705 | R13: 165675 | S13: 173752 | T13: 184039 | U13: 196525 | V13: 210044 | W13: 230797 | X13: 242246 | Y13: 256833 | Z13: 273498 | AA13: 265826 | AB13: 276266 | AC13: 289315 | AD13: 305434 | AE13: 316295 | AF13: 315760 | AG13: 304774 | AH13: 297913 | AI13: 299352 | AJ13: 300108 | AK13: 316537 | AL13: 317469 | AM13: 329924 | AN13: 339926 | AO13: 348963 | AP13: 363488 | AQ13: 360888 | AR13: 370441 | AS13: 370792 | AT13: 372667 | AU13: 385055 | AV13: 383362 | AW13: 382909 | AX13: 382944 | AY13: 381223 | AZ13: 372078 | BA13: 384107.99 | BB13: 404684 | BC13: 433325 | BD13: 442905 | BE13: 444469 | BF13: 450140 | BG13: 467833 | BH13: 453984 | BI13: 431549 | BJ13: 437279 | BK13: 409601 | BL13: 461331 | BM13: 436913 | BN13: 437641 | BO13: 455279 | BP13: 429113 | BQ13: 444048 | BR13: 441219 | BS13: 431109 | BT13: 436711 | BU13: 335260 | BV13: 388680
A14: Idaho | B14: 159060 | C14: 170585 | D14: 177906 | E14: 190015 | F14: 195474 | G14: 201756 | H14: 211266 | I14: 222223 | J14: 220555 | K14: 231736 | L14: 236859 | M14: 242913 | N14: 252027 | O14: 258910 | P14: 261700 | Q14: 273979 | R14: 283391 | S14: 291811 | T14: 309727 | U14: 319865 | V14: 345212 | W14: 376634 | X14: 385529 | Y14: 422820 | Z14: 424843 | AA14: 411452 | AB14: 433904 | AC14: 479012 | AD14: 483409 | AE14: 518248 | AF14: 497777 | AG14: 442122 | AH14: 420679 | AI14: 408350 | AJ14: 418562 | AK14: 411293 | AL14: 426131 | AM14: 436498 | AN14: 427876 | AO14: 436596 | AP14: 454139 | AQ14: 464899 | AR14: 455365 | AS14: 479204 | AT14: 522739 | AU14: 528438 | AV14: 544855 | AW14: 569417 | AX14: 586629 | AY14: 621506 | AZ14: 654935 | BA14: 631692.16 | BB14: 609051 | BC14: 625328 | BD14: 593515 | BE14: 595752 | BF14: 582140 | BG14: 607855 | BH14: 630155 | BI14: 621448 | BJ14: 627966 | BK14: 657282 | BL14: 643170 | BM14: 660533 | BN14: 666601 | BO14: 703882 | BP14: 673253 | BQ14: 717347 | BR14: 733892 | BS14: 688307 | BT14: 734046 | BU14: 707918 | BV14: 758838
A15: Illinois | B15: 1805706 | C15: 2023145 | D15: 2153236 | E15: 2181902 | F15: 2272829 | G15: 2294752 | H15: 2505253 | I15: 2566112 | J15: 2704849 | K15: 2750630 | L15: 2805616 | M15: 2889623 | N15: 2969709 | O15: 3052493 | P15: 3164534 | Q15: 3307680 | R15: 3437841 | S15: 3636786 | T15: 3739872 | U15: 3931594 | V15: 4097656 | W15: 4223506 | X15: 4292857 | Y15: 4656554 | Z15: 4807790 | AA15: 4573296 | AB15: 4759415 | AC15: 4947920 | AD15: 5061310 | AE15: 5367550 | AF15: 4967287 | AG15: 4493038 | AH15: 4352102 | AI15: 4284689 | AJ15: 4401767 | AK15: 4359457 | AL15: 4660305 | AM15: 4561851 | AN15: 4603363 | AO15: 4803480 | AP15: 4833345 | AQ15: 4441642 | AR15: 4345307 | AS15: 4483515 | AT15: 4572328 | AU15: 4651703 | AV15: 4593398 | AW15: 4631162 | AX15: 4705717 | AY15: 4724884 | AZ15: 4989037 | BA15: 5012000.2 | BB15: 5015217 | BC15: 5060607 | BD15: 5077060 | BE15: 5167835 | BF15: 5053245 | BG15: 5011306 | BH15: 4999558 | BI15: 4836836 | BJ15: 4772810 | BK15: 4760179 | BL15: 4584599 | BM15: 4520233 | BN15: 4504374 | BO15: 4645212 | BP15: 4850518 | BQ15: 4645051 | BR15: 4613983 | BS15: 4564577 | BT15: 4454984 | BU15: 3662554 | BV15: 3993039
A16: Indiana | B16: 963393 | C16: 1071886 | D16: 1152964 | E16: 1214919 | F16: 1316600 | G16: 1354444 | H16: 1467537 | I16: 1549612 | J16: 1562148 | K16: 1553053 | L16: 1618701 | M16: 1648533 | N16: 1654184 | O16: 1706335 | P16: 1754867 | Q16: 1823309 | R16: 1899635 | S16: 1985648 | T16: 2046934 | U16: 2173794 | V16: 2260178 | W16: 2365800 | X16: 2467832 | Y16: 2621031 | Z16: 2732472 | AA16: 2597773 | AB16: 2644285 | AC16: 2778791 | AD16: 2794992 | AE16: 2936851 | AF16: 2756976 | AG16: 2537585 | AH16: 2539242 | AI16: 2336250 | AJ16: 2381122 | AK16: 2405539 | AL16: 2424768 | AM16: 2511307 | AN16: 2630466 | AO16: 2645729 | AP16: 2569801 | AQ16: 2589010 | AR16: 2542833 | AS16: 2606881 | AT16: 2738094 | AU16: 2794766 | AV16: 2902287 | AW16: 2895763 | AX16: 2905263 | AY16: 3094446 | AZ16: 3048711 | BA16: 3094610.8 | BB16: 3120985 | BC16: 3076612 | BD16: 3197024 | BE16: 3173039 | BF16: 3131836 | BG16: 3097830 | BH16: 3053154 | BI16: 2970967 | BJ16: 2945733 | BK16: 3040895 | BL16: 2930702 | BM16: 2893749 | BN16: 2906274 | BO16: 3024572 | BP16: 2999321 | BQ16: 3046109 | BR16: 3044745 | BS16: 2971529 | BT16: 2934667 | BU16: 2698260 | BV16: 2964920
A17: Iowa | B17: 647627 | C17: 724203 | D17: 741885 | E17: 766311 | F17: 803704 | G17: 802000 | H17: 847782 | I17: 871330 | J17: 838829 | K17: 909627 | L17: 945644 | M17: 953553 | N17: 959387 | O17: 974835 | P17: 990733 | Q17: 1024142 | R17: 1060322 | S17: 1098619 | T17: 1174497 | U17: 1214421 | V17: 1261482 | W17: 1259372 | X17: 1380803 | Y17: 1436851 | Z17: 1566149 | AA17: 1440441 | AB17: 1460109 | AC17: 1561841 | AD17: 1585471 | AE17: 1601581 | AF17: 1524801 | AG17: 1390589 | AH17: 1309008 | AI17: 1280262 | AJ17: 1314953 | AK17: 1270119 | AL17: 1258219 | AM17: 1259975 | AN17: 1266997 | AO17: 1288803 | AP17: 1313760 | AQ17: 1296381 | AR17: 1287864 | AS17: 1281169 | AT17: 1323502 | AU17: 1388391 | AV17: 1396552 | AW17: 1456486 | AX17: 1433765 | AY17: 1498561 | AZ17: 1512989 | BA17: 1494514.1 | BB17: 1475812 | BC17: 1519134 | BD17: 1532197 | BE17: 1543332 | BF17: 1528512 | BG17: 1528570 | BH17: 1518186 | BI17: 1500415 | BJ17: 1511323 | BK17: 1544035 | BL17: 1570233 | BM17: 1474297 | BN17: 1495747 | BO17: 1570178 | BP17: 1486300 | BQ17: 1649512 | BR17: 1497134 | BS17: 1483052 | BT17: 1486910 | BU17: 1309964 | BV17: 1471486
A18: Kansas | B18: 471828 | C18: 543530 | D18: 564180 | E18: 601167 | F18: 616837 | G18: 647102 | H18: 678789 | I18: 708635 | J18: 714845 | K18: 741372 | L18: 757494 | M18: 770310 | N18: 801290 | O18: 841902 | P18: 865860 | Q18: 886927 | R18: 915755 | S18: 936487 | T18: 971245 | U18: 1031954 | V18: 1076556 | W18: 1086950 | X18: 1106509 | Y18: 1201252 | Z18: 1201360 | AA18: 1173597 | AB18: 1228179 | AC18: 1326321 | AD18: 1297354 | AE18: 1333889 | AF18: 1289132 | AG18: 1208569 | AH18: 1171889 | AI18: 1147316 | AJ18: 1164286 | AK18: 1145886 | AL18: 1152918 | AM18: 1169732 | AN18: 1185506 | AO18: 1254037 | AP18: 1225814 | AQ18: 1180600 | AR18: 1148794 | AS18: 1156517 | AT18: 1168705 | AU18: 1192638 | AV18: 1190041 | AW18: 1258374 | AX18: 1247800 | AY18: 1298007 | AZ18: 1393463 | BA18: 1314816.7 | BB18: 1236951 | BC18: 1161487 | BD18: 1337343 | BE18: 1282196 | BF18: 1117791 | BG18: 1241476 | BH18: 1266187 | BI18: 1259882 | BJ18: 1277966 | BK18: 1296822 | BL18: 1262070 | BM18: 1208024 | BN18: 1253991 | BO18: 1322139 | BP18: 1194249 | BQ18: 1287766 | BR18: 1227362 | BS18: 1205658 | BT18: 1284250 | BU18: 1179982 | BV18: 1202904
A19: Kentucky | B19: 493418 | C19: 541802 | D19: 571513 | E19: 609766 | F19: 640102 | G19: 672793 | H19: 720691 | I19: 753874 | J19: 782028 | K19: 797312 | L19: 828108 | M19: 840963 | N19: 859041 | O19: 880192 | P19: 953116 | Q19: 990328 | R19: 1052483 | S19: 1100840 | T19: 1169760 | U19: 1244323 | V19: 1316032 | W19: 1391541 | X19: 1492756 | Y19: 1582949 | Z19: 1653995 | AA19: 1625278 | AB19: 1690036 | AC19: 1788590 | AD19: 1836994 | AE19: 1889133 | AF19: 1817182 | AG19: 1698442 | AH19: 1688497 | AI19: 1673670 | AJ19: 1684817 | AK19: 1690290 | AL19: 1653770 | AM19: 1765594 | AN19: 1772236 | AO19: 1805674 | AP19: 1792234 | AQ19: 1779908 | AR19: 1799146 | AS19: 1869812 | AT19: 1890024 | AU19: 1907606 | AV19: 1960974 | AW19: 1776376 | AX19: 2056492 | AY19: 2072992 | AZ19: 2120311 | BA19: 2020901 | BB19: 2085629 | BC19: 2062529 | BD19: 2143961 | BE19: 2225856 | BF19: 2141791 | BG19: 2109807 | BH19: 2161295 | BI19: 2090807 | BJ19: 2162032 | BK19: 2168790 | BL19: 2114195 | BM19: 2098219 | BN19: 2074192 | BO19: 2111377 | BP19: 2067021 | BQ19: 2134147 | BR19: 2125246 | BS19: 2130436 | BT19: 2146204 | BU19: 1922559 | BV19: 2074053
A20: Louisiana | B20: 445396 | C20: 495838 | D20: 530787 | E20: 571936 | F20: 614793 | G20: 652120 | H20: 707706 | I20: 776965 | J20: 817427 | K20: 845354 | L20: 873598 | M20: 879593 | N20: 898523 | O20: 932483 | P20: 968208 | Q20: 1039599 | R20: 1113210 | S20: 1177434 | T20: 1229899 | U20: 1311291 | V20: 1370799 | W20: 1431718 | X20: 1487078 | Y20: 1627902 | Z20: 1714938 | AA20: 1687086 | AB20: 1777329 | AC20: 1918614 | AD20: 2006575 | AE20: 2090318 | AF20: 2079588 | AG20: 2012771 | AH20: 2056535 | AI20: 2076371 | AJ20: 2093158 | AK20: 2090737 | AL20: 2017247 | AM20: 2047398 | AN20: 1958296 | AO20: 1969629 | AP20: 1912341 | AQ20: 1790914 | AR20: 1719583 | AS20: 1851277 | AT20: 1904510 | AU20: 1881685 | AV20: 1924180 | AW20: 2089414 | AX20: 1918388 | AY20: 2061110 | AZ20: 2062004 | BA20: 2160512.7 | BB20: 2151437 | BC20: 2218653 | BD20: 2269312 | BE20: 2200827 | BF20: 2236901 | BG20: 2526746 | BH20: 2164678 | BI20: 2094762 | BJ20: 2226788 | BK20: 2216089 | BL20: 2219551 | BM20: 2149410 | BN20: 2191565 | BO20: 2244508 | BP20: 2179194 | BQ20: 2128383 | BR20: 2046902 | BS20: 2037250 | BT20: 2089133 | BU20: 1827355 | BV20: 2048296
A21: Maine | B21: 202947 | C21: 214568 | D21: 227909 | E21: 237910 | F21: 250169 | G21: 261148 | H21: 277220 | I21: 284138 | J21: 299219 | K21: 306323 | L21: 317231 | M21: 329079 | N21: 334610 | O21: 336430 | P21: 344811 | Q21: 359208 | R21: 373912 | S21: 384345 | T21: 393979 | U21: 416025 | V21: 431839 | W21: 454685 | X21: 479670 | Y21: 508742 | Z21: 524885 | AA21: 508825 | AB21: 523286 | AC21: 554270 | AD21: 563149 | AE21: 573743 | AF21: 528965 | AG21: 498556 | AH21: 484102 | AI21: 490251 | AJ21: 502262 | AK21: 500345 | AL21: 512622 | AM21: 550456 | AN21: 574907 | AO21: 623194 | AP21: 577162 | AQ21: 577864 | AR21: 574024 | AS21: 585045 | AT21: 599454 | AU21: 604773 | AV21: 590935 | AW21: 619194 | AX21: 662260 | AY21: 636021 | AZ21: 678530 | BA21: 681120.93 | BB21: 590093 | BC21: 699017 | BD21: 760776 | BE21: 701165 | BF21: 706051 | BG21: 682564 | BH21: 670761 | BI21: 637206 | BJ21: 646536 | BK21: 654826 | BL21: 654010 | BM21: 632819 | BN21: 715904 | BO21: 771730 | BP21: 721666 | BQ21: 742407 | BR21: 597724 | BS21: 593253 | BT21: 593253 | BU21: 535245 | BV21: 599699
A22: Maryland | B22: 437272 | C22: 489858 | D22: 536459 | E22: 589561 | F22: 622119 | G22: 653858 | H22: 706442 | I22: 773901 | J22: 776665 | K22: 802126 | L22: 850761 | M22: 880360 | N22: 904244 | O22: 963230 | P22: 1024279 | Q22: 1081237 | R22: 1129405 | S22: 1202026 | T22: 1260557 | U22: 1348839 | V22: 1448438 | W22: 1545748 | X22: 1634180 | Y22: 1752535 | Z22: 1809456 | AA22: 1748537 | AB22: 1811816 | AC22: 1908460 | AD22: 1972120 | AE22: 2021653 | AF22: 1906179 | AG22: 1879557 | AH22: 1868157 | AI22: 1849402 | AJ22: 1855244 | AK22: 1906998 | AL22: 1905076 | AM22: 1958437 | AN22: 1995427 | AO22: 2013918 | AP22: 2052808 | AQ22: 1965028 | AR22: 1987938 | AS22: 2047839 | AT22: 2081787 | AU22: 2131215 | AV22: 2135881 | AW22: 2160380 | AX22: 2235236 | AY22: 2279763 | AZ22: 2396097 | BA22: 2388292 | BB22: 2460545 | BC22: 2504827 | BD22: 2574037 | BE22: 2624148 | BF22: 2630530 | BG22: 2642371 | BH22: 2658984 | BI22: 2627293 | BJ22: 2813359 | BK22: 2621571 | BL22: 2602742 | BM22: 2657326 | BN22: 2744629 | BO22: 2715452 | BP22: 2711766 | BQ22: 2630070 | BR22: 2599399 | BS22: 2587123 | BT22: 2602302 | BU22: 2054135 | BV22: 2364826
... A52: Wyoming | B52: 110868 | C52: 118126 | D52: 124861 | E52: 133264 | F52: 141540 | G52: 142190 | H52: 145920 | I52: 147269 | J52: 149709 | K52: 144139 | L52: 156884 | M52: 163924 | N52: 164838 | O52: 172036 | P52: 175792 | Q52: 174595 | R52: 174738 | S52: 179789 | T52: 186937 | U52: 197931 | V52: 211299 | W52: 220892 | X52: 226396 | Y52: 247735 | Z52: 266255 | AA52: 254619 | AB52: 279950 | AC52: 301847 | AD52: 312567 | AE52: 354312 | AF52: 347730 | AG52: 344979 | AH52: 343351 | AI52: 324240 | AJ52: 309927 | AK52: 338231 | AL52: 302965 | AM52: 281818 | AN52: 286861 | AO52: 290585 | AP52: 298435 | AQ52: 282290 | AR52: 280693 | AS52: 292718 | AT52: 304040 | AU52: 307874 | AV52: 313372 | AW52: 312216 | AX52: 299736 | AY52: 321265 | AZ52: 323729 | BA52: 318344.06 | BB52: 321847 | BC52: 313298 | BD52: 311028 | BE52: 301525 | BF52: 303700 | BG52: 303569 | BH52: 315267 | BI52: 311144 | BJ52: 325843 | BK52: 331835 | BL52: 315006 | BM52: 334026 | BN52: 334414 | BO52: 338200 | BP52: 314096 | BQ52: 320912 | BR52: 314802 | BS52: 294731 | BT52: 293603 | BU52: 273102 | BV52: 294439
A53: Total | B53: =SUM(B2:B52) -> 32010871 | C53: =SUM(C2:C52) -> 35124800 | D53: =SUM(D2:D52) -> 37430684 | E53: =SUM(E2:E52) -> 39760208 | F53: =SUM(F2:F52) -> 41805845 | G53: =SUM(G2:G52) -> 43319266 | H53: =SUM(H2:H52) -> 46527057 | I53: =SUM(I2:I52) -> 48805145 | ... BL53: =SUM(BL2:BL52) -> 131274407 | BM53: 130934705 | BN53: =SUM(BN2:BN52) -> 131298651 | BO53: 1.3646815e+08 | BP53: 1.3224254e+08 | BQ53: 135559291 | BR53: 135300642 | BS53: =SUM(BS2:BS52) -> 135336713 | BT53: 136075824 | BU53: 117251028 | BV53: 128909697
B54: Source: Highway Statistics, various years, Table MF-21, Column 5.

Sheet State Codes
B2: State Energy Data System
B3: State Codes and Descriptions
B5: The State Codes are 2-character codes, following the U.S. Postal Service State abbreviations. Geographic
B6: areas used throughout SEDS includes the 50 States and the District of Columbia, and the United States.
B7: For production of crude oil and natural gas, Federal offshore regions are identified by X3 and X5.
C9: State Name | D9: State Code
C10: Alabama | D10: AL
C11: Alaska | D11: AK
C12: Arizona | D12: AZ
C13: Arkansas | D13: AR
C14: California | D14: CA
C15: Colorado | D15: CO
C16: Connecticut | D16: CT
C17: Delaware | D17: DE
C18: Dist. of Col. | D18: DC
C19: Federa Offshore, Pacific | D19: X5
C20: Federal Offshore, Gulf of Mexico | D20: X3
... C63: Wyoming | D63: WY
