Workbook
Name IQ_CH: 110000
Name IQ_CQ: 5000
Name IQ_CY: 10000
Name IQ_DAILY: 500000
Name IQ_FH: 100000
Name IQ_FQ: 500
Name IQ_FY: 1000
Name IQ_LTM: 2000
Name IQ_MONTH: 15000
Name IQ_NTM: 6000
Name IQ_WEEK: 50000
Name IQ_YTD: 3000

Sheet Sheet1
C1: 43 | D1: 44 | E1: 45 | F1: 46 | G1: 47 | H1: 48 | I1: 49 | J1: 50 | K1: 51 | L1: 52 | M1: 53 | N1: 54 | O1: 55 | P1: 56 | Q1: 57 | R1: 58 | S1: 59 | T1: 60 | U1: 61 | V1: 62 | W1: 63 | X1: 64 | Y1: 65 | Z1: 66 | AA1: 67 | AB1: 68 | AC1: 69 | AD1: 70 | AE1: 71 | AF1: 72 | AG1: 73 | AH1: 74
A2: STATE | C2: 1990 | D2: 1991 | E2: 1992 | F2: 1993 | G2: 1994 | H2: 1995 | I2: 1996 | J2: 1997 | K2: 1998 | L2: 1999 | M2: 2000 | N2: 2001 | O2: 2002 | P2: 2003 | Q2: 2004 | R2: 2005 | S2: 2006 | T2: 2007 | U2: 2008 | V2: 2009 | W2: 2010 | X2: 2011 | Y2: 2012 | Z2: 2013 | AA2: 2014 | AB2: 2015 | AC2: 2016 | AD2: 2017 | AE2: 2018 | AF2: 2019 | AG2: 2020 | AH2: 2021
A3: Alabama | B3: =VLOOKUP(A3,'State Codes'!$C$10:$D$63,2,FALSE) -> AL | C3: =VLOOKUP($A3,'MF-225'!$A$2:$BV$53,C$1,FALSE) -> 571091 | D3: =VLOOKUP($A3,'MF-225'!$A$2:$BV$53,D$1,FALSE) -> 554649 | E3: =VLOOKUP($A3,'MF-225'!$A$2:$BV$53,E$1,FALSE) -> 551926 | F3: =VLOOKUP($A3,'MF-225'!$A$2:$BV$53,F$1,FALSE) -> 587390 | G3: =VLOOKUP($A3,'MF-225'!$A$2:$BV$53,G$1,FALSE) -> 659025 | H3: =VLOOKUP($A3,'MF-225'!$A$2:$BV$53,H$1,FALSE) -> 696427 | I3: =VLOOKUP($A3,'MF-225'!$A$2:$BV$53,I$1,FALSE) -> 650666 | J3: =VLOOKUP($A3,'MF-225'!$A$2:$BV$53,J$1,FALSE) -> 659865 | ... AH3: =VLOOKUP($A3,'MF-225'!$A$2:$BV$53,AH$1,FALSE) -> 990396
A4: Alaska | B4: =VLOOKUP(A4,'State Codes'!$C$10:$D$63,2,FALSE) -> AK | C4: =VLOOKUP($A4,'MF-225'!$A$2:$BV$53,C$1,FALSE) -> 83524 | D4: =VLOOKUP($A4,'MF-225'!$A$2:$BV$53,D$1,FALSE) -> 40077 | E4: =VLOOKUP($A4,'MF-225'!$A$2:$BV$53,E$1,FALSE) -> 49869 | F4: =VLOOKUP($A4,'MF-225'!$A$2:$BV$53,F$1,FALSE) -> 116570 | G4: =VLOOKUP($A4,'MF-225'!$A$2:$BV$53,G$1,FALSE) -> 30422 | H4: =VLOOKUP($A4,'MF-225'!$A$2:$BV$53,H$1,FALSE) -> 79862 | I4: =VLOOKUP($A4,'MF-225'!$A$2:$BV$53,I$1,FALSE) -> 67938 | J4: =VLOOKUP($A4,'MF-225'!$A$2:$BV$53,J$1,FALSE) -> 48374 | ... AH4: =VLOOKUP($A4,'MF-225'!$A$2:$BV$53,AH$1,FALSE) -> 119289
A5: Arizona | B5: =VLOOKUP(A5,'State Codes'!$C$10:$D$63,2,FALSE) -> AZ | C5: =VLOOKUP($A5,'MF-225'!$A$2:$BV$53,C$1,FALSE) -> 331071 | D5: =VLOOKUP($A5,'MF-225'!$A$2:$BV$53,D$1,FALSE) -> 301102 | E5: =VLOOKUP($A5,'MF-225'!$A$2:$BV$53,E$1,FALSE) -> 352181 | F5: =VLOOKUP($A5,'MF-225'!$A$2:$BV$53,F$1,FALSE) -> 474486 | G5: =VLOOKUP($A5,'MF-225'!$A$2:$BV$53,G$1,FALSE) -> 463479 | H5: =VLOOKUP($A5,'MF-225'!$A$2:$BV$53,H$1,FALSE) -> 484323 | I5: =VLOOKUP($A5,'MF-225'!$A$2:$BV$53,I$1,FALSE) -> 529310 | J5: =VLOOKUP($A5,'MF-225'!$A$2:$BV$53,J$1,FALSE) -> 688869 | ... AH5: =VLOOKUP($A5,'MF-225'!$A$2:$BV$53,AH$1,FALSE) -> 1075428
A6: Arkansas | B6: =VLOOKUP(A6,'State Codes'!$C$10:$D$63,2,FALSE) -> AR | C6: =VLOOKUP($A6,'MF-225'!$A$2:$BV$53,C$1,FALSE) -> 385802 | D6: =VLOOKUP($A6,'MF-225'!$A$2:$BV$53,D$1,FALSE) -> 386961 | E6: =VLOOKUP($A6,'MF-225'!$A$2:$BV$53,E$1,FALSE) -> 405441 | F6: =VLOOKUP($A6,'MF-225'!$A$2:$BV$53,F$1,FALSE) -> 427972 | G6: =VLOOKUP($A6,'MF-225'!$A$2:$BV$53,G$1,FALSE) -> 472195 | H6: =VLOOKUP($A6,'MF-225'!$A$2:$BV$53,H$1,FALSE) -> 490814 | I6: =VLOOKUP($A6,'MF-225'!$A$2:$BV$53,I$1,FALSE) -> 497660 | J6: =VLOOKUP($A6,'MF-225'!$A$2:$BV$53,J$1,FALSE) -> 534712 | ... AH6: =VLOOKUP($A6,'MF-225'!$A$2:$BV$53,AH$1,FALSE) -> 737944
A7: California | B7: =VLOOKUP(A7,'State Codes'!$C$10:$D$63,2,FALSE) -> CA | C7: =VLOOKUP($A7,'MF-225'!$A$2:$BV$53,C$1,FALSE) -> 1852610 | D7: =VLOOKUP($A7,'MF-225'!$A$2:$BV$53,D$1,FALSE) -> 1793825 | E7: =VLOOKUP($A7,'MF-225'!$A$2:$BV$53,E$1,FALSE) -> 1998741 | F7: =VLOOKUP($A7,'MF-225'!$A$2:$BV$53,F$1,FALSE) -> 1853278 | G7: =VLOOKUP($A7,'MF-225'!$A$2:$BV$53,G$1,FALSE) -> 2035629 | H7: =VLOOKUP($A7,'MF-225'!$A$2:$BV$53,H$1,FALSE) -> 2109665 | I7: =VLOOKUP($A7,'MF-225'!$A$2:$BV$53,I$1,FALSE) -> 2133927 | J7: =VLOOKUP($A7,'MF-225'!$A$2:$BV$53,J$1,FALSE) -> 2297847 | ... AH7: =VLOOKUP($A7,'MF-225'!$A$2:$BV$53,AH$1,FALSE) -> 3366973
A8: Colorado | B8: =VLOOKUP(A8,'State Codes'!$C$10:$D$63,2,FALSE) -> CO | C8: =VLOOKUP($A8,'MF-225'!$A$2:$BV$53,C$1,FALSE) -> 206215 | D8: =VLOOKUP($A8,'MF-225'!$A$2:$BV$53,D$1,FALSE) -> 208405 | E8: =VLOOKUP($A8,'MF-225'!$A$2:$BV$53,E$1,FALSE) -> 224266 | F8: =VLOOKUP($A8,'MF-225'!$A$2:$BV$53,F$1,FALSE) -> 263542 | G8: =VLOOKUP($A8,'MF-225'!$A$2:$BV$53,G$1,FALSE) -> 269399 | H8: =VLOOKUP($A8,'MF-225'!$A$2:$BV$53,H$1,FALSE) -> 285785 | I8: =VLOOKUP($A8,'MF-225'!$A$2:$BV$53,I$1,FALSE) -> 274939 | J8: =VLOOKUP($A8,'MF-225'!$A$2:$BV$53,J$1,FALSE) -> 292686 | ... AH8: =VLOOKUP($A8,'MF-225'!$A$2:$BV$53,AH$1,FALSE) -> 709776
A9: Connecticut | B9: =VLOOKUP(A9,'State Codes'!$C$10:$D$63,2,FALSE) -> CT | C9: =VLOOKUP($A9,'MF-225'!$A$2:$BV$53,C$1,FALSE) -> 186197 | D9: =VLOOKUP($A9,'MF-225'!$A$2:$BV$53,D$1,FALSE) -> 173200 | E9: =VLOOKUP($A9,'MF-225'!$A$2:$BV$53,E$1,FALSE) -> 189394 | F9: =VLOOKUP($A9,'MF-225'!$A$2:$BV$53,F$1,FALSE) -> 197287 | G9: =VLOOKUP($A9,'MF-225'!$A$2:$BV$53,G$1,FALSE) -> 186477 | H9: =VLOOKUP($A9,'MF-225'!$A$2:$BV$53,H$1,FALSE) -> 200736 | I9: =VLOOKUP($A9,'MF-225'!$A$2:$BV$53,I$1,FALSE) -> 177626 | J9: =VLOOKUP($A9,'MF-225'!$A$2:$BV$53,J$1,FALSE) -> 244903 | ... AH9: =VLOOKUP($A9,'MF-225'!$A$2:$BV$53,AH$1,FALSE) -> 306588
A10: Delaware | B10: =VLOOKUP(A10,'State Codes'!$C$10:$D$63,2,FALSE) -> DE | C10: =VLOOKUP($A10,'MF-225'!$A$2:$BV$53,C$1,FALSE) -> 53266 | D10: =VLOOKUP($A10,'MF-225'!$A$2:$BV$53,D$1,FALSE) -> 52689 | E10: =VLOOKUP($A10,'MF-225'!$A$2:$BV$53,E$1,FALSE) -> 52503 | F10: =VLOOKUP($A10,'MF-225'!$A$2:$BV$53,F$1,FALSE) -> 55154 | G10: =VLOOKUP($A10,'MF-225'!$A$2:$BV$53,G$1,FALSE) -> 62278 | H10: =VLOOKUP($A10,'MF-225'!$A$2:$BV$53,H$1,FALSE) -> 63381 | I10: =VLOOKUP($A10,'MF-225'!$A$2:$BV$53,I$1,FALSE) -> 59666 | J10: =VLOOKUP($A10,'MF-225'!$A$2:$BV$53,J$1,FALSE) -> 63530 | ... AH10: =VLOOKUP($A10,'MF-225'!$A$2:$BV$53,AH$1,FALSE) -> 80110
A11: Dist. of Col. | B11: =VLOOKUP(A11,'State Codes'!$C$10:$D$63,2,FALSE) -> DC | C11: =VLOOKUP($A11,'MF-225'!$A$2:$BV$53,C$1,FALSE) -> 22818 | D11: =VLOOKUP($A11,'MF-225'!$A$2:$BV$53,D$1,FALSE) -> 22148 | E11: =VLOOKUP($A11,'MF-225'!$A$2:$BV$53,E$1,FALSE) -> 21092 | F11: =VLOOKUP($A11,'MF-225'!$A$2:$BV$53,F$1,FALSE) -> 20872 | G11: =VLOOKUP($A11,'MF-225'!$A$2:$BV$53,G$1,FALSE) -> 21889 | H11: =VLOOKUP($A11,'MF-225'!$A$2:$BV$53,H$1,FALSE) -> 21363 | I11: =VLOOKUP($A11,'MF-225'!$A$2:$BV$53,I$1,FALSE) -> 21082 | J11: =VLOOKUP($A11,'MF-225'!$A$2:$BV$53,J$1,FALSE) -> 21689 | ... AH11: =VLOOKUP($A11,'MF-225'!$A$2:$BV$53,AH$1,FALSE) -> 12598
A12: Florida | B12: =VLOOKUP(A12,'State Codes'!$C$10:$D$63,2,FALSE) -> FL | C12: =VLOOKUP($A12,'MF-225'!$A$2:$BV$53,C$1,FALSE) -> 843849 | D12: =VLOOKUP($A12,'MF-225'!$A$2:$BV$53,D$1,FALSE) -> 845962 | E12: =VLOOKUP($A12,'MF-225'!$A$2:$BV$53,E$1,FALSE) -> 901509 | F12: =VLOOKUP($A12,'MF-225'!$A$2:$BV$53,F$1,FALSE) -> 932513 | G12: =VLOOKUP($A12,'MF-225'!$A$2:$BV$53,G$1,FALSE) -> 963393 | H12: =VLOOKUP($A12,'MF-225'!$A$2:$BV$53,H$1,FALSE) -> 1004016 | I12: =VLOOKUP($A12,'MF-225'!$A$2:$BV$53,I$1,FALSE) -> 1038762 | J12: =VLOOKUP($A12,'MF-225'!$A$2:$BV$53,J$1,FALSE) -> 1136005 | ... AH12: =VLOOKUP($A12,'MF-225'!$A$2:$BV$53,AH$1,FALSE) -> 1887387
A13: Georgia | B13: =VLOOKUP(A13,'State Codes'!$C$10:$D$63,2,FALSE) -> GA | C13: =VLOOKUP($A13,'MF-225'!$A$2:$BV$53,C$1,FALSE) -> 867436 | D13: =VLOOKUP($A13,'MF-225'!$A$2:$BV$53,D$1,FALSE) -> 862607 | E13: =VLOOKUP($A13,'MF-225'!$A$2:$BV$53,E$1,FALSE) -> 888773 | F13: =VLOOKUP($A13,'MF-225'!$A$2:$BV$53,F$1,FALSE) -> 1003668 | G13: =VLOOKUP($A13,'MF-225'!$A$2:$BV$53,G$1,FALSE) -> 1050161 | H13: =VLOOKUP($A13,'MF-225'!$A$2:$BV$53,H$1,FALSE) -> 1115612 | I13: =VLOOKUP($A13,'MF-225'!$A$2:$BV$53,I$1,FALSE) -> 1173285 | J13: =VLOOKUP($A13,'MF-225'!$A$2:$BV$53,J$1,FALSE) -> 1192282 | ... AH13: =VLOOKUP($A13,'MF-225'!$A$2:$BV$53,AH$1,FALSE) -> 1481265
A14: Hawaii | B14: =VLOOKUP(A14,'State Codes'!$C$10:$D$63,2,FALSE) -> HI | C14: =VLOOKUP($A14,'MF-225'!$A$2:$BV$53,C$1,FALSE) -> 25795 | D14: =VLOOKUP($A14,'MF-225'!$A$2:$BV$53,D$1,FALSE) -> 26131 | E14: =VLOOKUP($A14,'MF-225'!$A$2:$BV$53,E$1,FALSE) -> 25912 | F14: =VLOOKUP($A14,'MF-225'!$A$2:$BV$53,F$1,FALSE) -> 26023 | G14: =VLOOKUP($A14,'MF-225'!$A$2:$BV$53,G$1,FALSE) -> 31751 | H14: =VLOOKUP($A14,'MF-225'!$A$2:$BV$53,H$1,FALSE) -> 27525 | I14: =VLOOKUP($A14,'MF-225'!$A$2:$BV$53,I$1,FALSE) -> 30841 | J14: =VLOOKUP($A14,'MF-225'!$A$2:$BV$53,J$1,FALSE) -> 28795 | ... AH14: =VLOOKUP($A14,'MF-225'!$A$2:$BV$53,AH$1,FALSE) -> 47587
... A53: Wyoming | B53: =VLOOKUP(A53,'State Codes'!$C$10:$D$63,2,FALSE) -> WY | C53: =VLOOKUP($A53,'MF-225'!$A$2:$BV$53,C$1,FALSE) -> 176724 | D53: =VLOOKUP($A53,'MF-225'!$A$2:$BV$53,D$1,FALSE) -> 158671 | E53: =VLOOKUP($A53,'MF-225'!$A$2:$BV$53,E$1,FALSE) -> 173984 | F53: =VLOOKUP($A53,'MF-225'!$A$2:$BV$53,F$1,FALSE) -> 207805 | G53: =VLOOKUP($A53,'MF-225'!$A$2:$BV$53,G$1,FALSE) -> 198821 | H53: =VLOOKUP($A53,'MF-225'!$A$2:$BV$53,H$1,FALSE) -> 214887 | I53: =VLOOKUP($A53,'MF-225'!$A$2:$BV$53,I$1,FALSE) -> 239167 | J53: =VLOOKUP($A53,'MF-225'!$A$2:$BV$53,J$1,FALSE) -> 260146 | ... AH53: =VLOOKUP($A53,'MF-225'!$A$2:$BV$53,AH$1,FALSE) -> 365138
A54: Total | C54: =VLOOKUP($A54,'MF-225'!$A$2:$BV$53,C$1,FALSE) -> 21225689 | D54: =VLOOKUP($A54,'MF-225'!$A$2:$BV$53,D$1,FALSE) -> 20649770 | E54: =VLOOKUP($A54,'MF-225'!$A$2:$BV$53,E$1,FALSE) -> 21913180 | F54: =VLOOKUP($A54,'MF-225'!$A$2:$BV$53,F$1,FALSE) -> 23593864 | G54: =VLOOKUP($A54,'MF-225'!$A$2:$BV$53,G$1,FALSE) -> 25157457 | H54: =VLOOKUP($A54,'MF-225'!$A$2:$BV$53,H$1,FALSE) -> 26207171 | I54: =VLOOKUP($A54,'MF-225'!$A$2:$BV$53,I$1,FALSE) -> 27160482 | J54: =VLOOKUP($A54,'MF-225'!$A$2:$BV$53,J$1,FALSE) -> 29394119 | ... AH54: =VLOOKUP($A54,'MF-225'!$A$2:$BV$53,AH$1,FALSE) -> 45220997
A55: Check: | C55: =SUM(C3:C53)-C54 -> 0 | D55: =SUM(D3:D53)-D54 -> 0 | E55: =SUM(E3:E53)-E54 -> 0 | F55: =SUM(F3:F53)-F54 -> 0 | G55: =SUM(G3:G53)-G54 -> 0 | H55: =SUM(H3:H53)-H54 -> 0 | I55: =SUM(I3:I53)-I54 -> 0 | J55: =SUM(J3:J53)-J54 -> 0 | ... AH55: =SUM(AH3:AH53)-AH54 -> 0
B57: AK | C57: =SUMIF($B$3:$B$53,$B57,C$3:C$53)/C$54 -> 0.0039350431 | D57: =SUMIF($B$3:$B$53,$B57,D$3:D$53)/D$54 -> 0.0019407964 | E57: =SUMIF($B$3:$B$53,$B57,E$3:E$53)/E$54 -> 0.0022757537 | F57: =SUMIF($B$3:$B$53,$B57,F$3:F$53)/F$54 -> 0.0049406914 | G57: =SUMIF($B$3:$B$53,$B57,G$3:G$53)/G$54 -> 0.0012092637 | H57: =SUMIF($B$3:$B$53,$B57,H$3:H$53)/H$54 -> 0.0030473339 | I57: =SUMIF($B$3:$B$53,$B57,I$3:I$53)/I$54 -> 0.0025013547 | J57: =SUMIF($B$3:$B$53,$B57,J$3:J$53)/J$54 -> 0.0016457033 | ... AH57: =SUMIF($B$3:$B$53,$B57,AH$3:AH$53)/AH$54 -> 0.0026379118
B58: AL | C58: =SUMIF($B$3:$B$53,$B58,C$3:C$53)/C$54 -> 0.026905652 | D58: =SUMIF($B$3:$B$53,$B58,D$3:D$53)/D$54 -> 0.026859815 | E58: =SUMIF($B$3:$B$53,$B58,E$3:E$53)/E$54 -> 0.025186942 | F58: =SUMIF($B$3:$B$53,$B58,F$3:F$53)/F$54 -> 0.02489588 | G58: =SUMIF($B$3:$B$53,$B58,G$3:G$53)/G$54 -> 0.02619601 | H58: =SUMIF($B$3:$B$53,$B58,H$3:H$53)/H$54 -> 0.02657391 | I58: =SUMIF($B$3:$B$53,$B58,I$3:I$53)/I$54 -> 0.02395635 | J58: =SUMIF($B$3:$B$53,$B58,J$3:J$53)/J$54 -> 0.022448878 | ... AH58: =SUMIF($B$3:$B$53,$B58,AH$3:AH$53)/AH$54 -> 0.021901242
B59: AR | C59: =SUMIF($B$3:$B$53,$B59,C$3:C$53)/C$54 -> 0.018176183 | D59: =SUMIF($B$3:$B$53,$B59,D$3:D$53)/D$54 -> 0.01873924 | E59: =SUMIF($B$3:$B$53,$B59,E$3:E$53)/E$54 -> 0.018502153 | F59: =SUMIF($B$3:$B$53,$B59,F$3:F$53)/F$54 -> 0.018139123 | G59: =SUMIF($B$3:$B$53,$B59,G$3:G$53)/G$54 -> 0.018769584 | H59: =SUMIF($B$3:$B$53,$B59,H$3:H$53)/H$54 -> 0.018728233 | I59: =SUMIF($B$3:$B$53,$B59,I$3:I$53)/I$54 -> 0.018322944 | J59: =SUMIF($B$3:$B$53,$B59,J$3:J$53)/J$54 -> 0.018191122 | ... AH59: =SUMIF($B$3:$B$53,$B59,AH$3:AH$53)/AH$54 -> 0.016318614
B60: AZ | C60: =SUMIF($B$3:$B$53,$B60,C$3:C$53)/C$54 -> 0.015597656 | D60: =SUMIF($B$3:$B$53,$B60,D$3:D$53)/D$54 -> 0.014581373 | E60: =SUMIF($B$3:$B$53,$B60,E$3:E$53)/E$54 -> 0.016071652 | F60: =SUMIF($B$3:$B$53,$B60,F$3:F$53)/F$54 -> 0.020110568 | G60: =SUMIF($B$3:$B$53,$B60,G$3:G$53)/G$54 -> 0.018423126 | H60: =SUMIF($B$3:$B$53,$B60,H$3:H$53)/H$54 -> 0.018480553 | I60: =SUMIF($B$3:$B$53,$B60,I$3:I$53)/I$54 -> 0.01948824 | J60: =SUMIF($B$3:$B$53,$B60,J$3:J$53)/J$54 -> 0.023435606 | ... AH60: =SUMIF($B$3:$B$53,$B60,AH$3:AH$53)/AH$54 -> 0.023781607
B61: CA | C61: =SUMIF($B$3:$B$53,$B61,C$3:C$53)/C$54 -> 0.087281501 | D61: =SUMIF($B$3:$B$53,$B61,D$3:D$53)/D$54 -> 0.086869006 | E61: =SUMIF($B$3:$B$53,$B61,E$3:E$53)/E$54 -> 0.091211819 | F61: =SUMIF($B$3:$B$53,$B61,F$3:F$53)/F$54 -> 0.078549152 | G61: =SUMIF($B$3:$B$53,$B61,G$3:G$53)/G$54 -> 0.080915531 | H61: =SUMIF($B$3:$B$53,$B61,H$3:H$53)/H$54 -> 0.080499532 | I61: =SUMIF($B$3:$B$53,$B61,I$3:I$53)/I$54 -> 0.078567346 | J61: =SUMIF($B$3:$B$53,$B61,J$3:J$53)/J$54 -> 0.078173699 | ... AH61: =SUMIF($B$3:$B$53,$B61,AH$3:AH$53)/AH$54 -> 0.074455966
B62: CO | C62: =SUMIF($B$3:$B$53,$B62,C$3:C$53)/C$54 -> 0.0097153501 | D62: =SUMIF($B$3:$B$53,$B62,D$3:D$53)/D$54 -> 0.010092364 | E62: =SUMIF($B$3:$B$53,$B62,E$3:E$53)/E$54 -> 0.010234297 | F62: =SUMIF($B$3:$B$53,$B62,F$3:F$53)/F$54 -> 0.011169938 | G62: =SUMIF($B$3:$B$53,$B62,G$3:G$53)/G$54 -> 0.010708515 | H62: =SUMIF($B$3:$B$53,$B62,H$3:H$53)/H$54 -> 0.01090484 | I62: =SUMIF($B$3:$B$53,$B62,I$3:I$53)/I$54 -> 0.010122758 | J62: =SUMIF($B$3:$B$53,$B62,J$3:J$53)/J$54 -> 0.0099572979 | ... AH62: =SUMIF($B$3:$B$53,$B62,AH$3:AH$53)/AH$54 -> 0.015695718
B63: CT | C63: =SUMIF($B$3:$B$53,$B63,C$3:C$53)/C$54 -> 0.0087722476 | D63: =SUMIF($B$3:$B$53,$B63,D$3:D$53)/D$54 -> 0.0083875026 | E63: =SUMIF($B$3:$B$53,$B63,E$3:E$53)/E$54 -> 0.0086429263 | F63: =SUMIF($B$3:$B$53,$B63,F$3:F$53)/F$54 -> 0.0083617927 | G63: =SUMIF($B$3:$B$53,$B63,G$3:G$53)/G$54 -> 0.0074123947 | H63: =SUMIF($B$3:$B$53,$B63,H$3:H$53)/H$54 -> 0.0076595829 | I63: =SUMIF($B$3:$B$53,$B63,I$3:I$53)/I$54 -> 0.0065398692 | J63: =SUMIF($B$3:$B$53,$B63,J$3:J$53)/J$54 -> 0.0083317006 | ... AH63: =SUMIF($B$3:$B$53,$B63,AH$3:AH$53)/AH$54 -> 0.0067797709
B64: DC | C64: =SUMIF($B$3:$B$53,$B64,C$3:C$53)/C$54 -> 0.0010750181 | D64: =SUMIF($B$3:$B$53,$B64,D$3:D$53)/D$54 -> 0.0010725543 | E64: =SUMIF($B$3:$B$53,$B64,E$3:E$53)/E$54 -> 0.00096252575 | F64: =SUMIF($B$3:$B$53,$B64,F$3:F$53)/F$54 -> 0.00088463679 | G64: =SUMIF($B$3:$B$53,$B64,G$3:G$53)/G$54 -> 0.00087007999 | H64: =SUMIF($B$3:$B$53,$B64,H$3:H$53)/H$54 -> 0.00081515857 | I64: =SUMIF($B$3:$B$53,$B64,I$3:I$53)/I$54 -> 0.00077620125 | J64: =SUMIF($B$3:$B$53,$B64,J$3:J$53)/J$54 -> 0.00073786869 | ... AH64: =SUMIF($B$3:$B$53,$B64,AH$3:AH$53)/AH$54 -> 0.0002785874
B65: DE | C65: =SUMIF($B$3:$B$53,$B65,C$3:C$53)/C$54 -> 0.0025095063 | D65: =SUMIF($B$3:$B$53,$B65,D$3:D$53)/D$54 -> 0.0025515538 | E65: =SUMIF($B$3:$B$53,$B65,E$3:E$53)/E$54 -> 0.0023959553 | F65: =SUMIF($B$3:$B$53,$B65,F$3:F$53)/F$54 -> 0.0023376417 | G65: =SUMIF($B$3:$B$53,$B65,G$3:G$53)/G$54 -> 0.0024755284 | H65: =SUMIF($B$3:$B$53,$B65,H$3:H$53)/H$54 -> 0.0024184602 | I65: =SUMIF($B$3:$B$53,$B65,I$3:I$53)/I$54 -> 0.0021967946 | J65: =SUMIF($B$3:$B$53,$B65,J$3:J$53)/J$54 -> 0.0021613167 | ... AH65: =SUMIF($B$3:$B$53,$B65,AH$3:AH$53)/AH$54 -> 0.0017715222
B66: FL | C66: =SUMIF($B$3:$B$53,$B66,C$3:C$53)/C$54 -> 0.039756024 | D66: =SUMIF($B$3:$B$53,$B66,D$3:D$53)/D$54 -> 0.040967139 | E66: =SUMIF($B$3:$B$53,$B66,E$3:E$53)/E$54 -> 0.041140035 | F66: =SUMIF($B$3:$B$53,$B66,F$3:F$53)/F$54 -> 0.039523539 | G66: =SUMIF($B$3:$B$53,$B66,G$3:G$53)/G$54 -> 0.03829453 | H66: =SUMIF($B$3:$B$53,$B66,H$3:H$53)/H$54 -> 0.038310736 | I66: =SUMIF($B$3:$B$53,$B66,I$3:I$53)/I$54 -> 0.038245345 | J66: =SUMIF($B$3:$B$53,$B66,J$3:J$53)/J$54 -> 0.038647357 | ... AH66: =SUMIF($B$3:$B$53,$B66,AH$3:AH$53)/AH$54 -> 0.041736961
B67: GA | C67: =SUMIF($B$3:$B$53,$B67,C$3:C$53)/C$54 -> 0.040867272 | D67: =SUMIF($B$3:$B$53,$B67,D$3:D$53)/D$54 -> 0.041773201 | E67: =SUMIF($B$3:$B$53,$B67,E$3:E$53)/E$54 -> 0.040558833 | F67: =SUMIF($B$3:$B$53,$B67,F$3:F$53)/F$54 -> 0.042539365 | G67: =SUMIF($B$3:$B$53,$B67,G$3:G$53)/G$54 -> 0.041743528 | H67: =SUMIF($B$3:$B$53,$B67,H$3:H$53)/H$54 -> 0.042568959 | I67: =SUMIF($B$3:$B$53,$B67,I$3:I$53)/I$54 -> 0.043198239 | J67: =SUMIF($B$3:$B$53,$B67,J$3:J$53)/J$54 -> 0.040561923 | ... AH67: =SUMIF($B$3:$B$53,$B67,AH$3:AH$53)/AH$54 -> 0.032756133
B68: HI | C68: =SUMIF($B$3:$B$53,$B68,C$3:C$53)/C$54 -> 0.0012152727 | D68: =SUMIF($B$3:$B$53,$B68,D$3:D$53)/D$54 -> 0.0012654378 | E68: =SUMIF($B$3:$B$53,$B68,E$3:E$53)/E$54 -> 0.0011824847 | F68: =SUMIF($B$3:$B$53,$B68,F$3:F$53)/F$54 -> 0.0011029563 | G68: =SUMIF($B$3:$B$53,$B68,G$3:G$53)/G$54 -> 0.001262091 | H68: =SUMIF($B$3:$B$53,$B68,H$3:H$53)/H$54 -> 0.0010502851 | I68: =SUMIF($B$3:$B$53,$B68,I$3:I$53)/I$54 -> 0.00113551 | J68: =SUMIF($B$3:$B$53,$B68,J$3:J$53)/J$54 -> 0.00097961773 | ... AH68: =SUMIF($B$3:$B$53,$B68,AH$3:AH$53)/AH$54 -> 0.0010523209
... B107: WY | C107: =SUMIF($B$3:$B$53,$B107,C$3:C$53)/C$54 -> 0.0083259488 | D107: =SUMIF($B$3:$B$53,$B107,D$3:D$53)/D$54 -> 0.0076839112 | E107: =SUMIF($B$3:$B$53,$B107,E$3:E$53)/E$54 -> 0.0079396966 | F107: =SUMIF($B$3:$B$53,$B107,F$3:F$53)/F$54 -> 0.0088075866 | G107: =SUMIF($B$3:$B$53,$B107,G$3:G$53)/G$54 -> 0.0079030643 | H107: =SUMIF($B$3:$B$53,$B107,H$3:H$53)/H$54 -> 0.0081995497 | I107: =SUMIF($B$3:$B$53,$B107,I$3:I$53)/I$54 -> 0.0088056979 | J107: =SUMIF($B$3:$B$53,$B107,J$3:J$53)/J$54 -> 0.0088502738 | ... AH107: =SUMIF($B$3:$B$53,$B107,AH$3:AH$53)/AH$54 -> 0.0080745234
C108: =SUM(C57:C107) -> 1 | D108: =SUM(D57:D107) -> 1 | E108: =SUM(E57:E107) -> 1 | F108: =SUM(F57:F107) -> 1 | G108: =SUM(G57:G107) -> 1 | H108: =SUM(H57:H107) -> 1 | I108: =SUM(I57:I107) -> 1 | J108: =SUM(J57:J107) -> 1 | ... AH108: =SUM(AH57:AH107) -> 1

Sheet MF-225
A1: STATE | B1: 1949 | C1: 1950 | D1: 1951 | E1: 1952 | F1: 1953 | G1: 1954 | H1: 1955 | I1: 1956 | J1: 1957 | K1: 1958 | L1: 1959 | M1: 1960 | N1: 1961 | O1: 1962 | P1: 1963 | Q1: 1964 | R1: 1965 | S1: 1966 | T1: 1967 | U1: 1968 | V1: 1969 | W1: 1970 | X1: 1971 | Y1: 1972 | Z1: 1973 | AA1: 1974 | AB1: 1975 | AC1: 1976 | AD1: 1977 | AE1: 1978 | AF1: 1979 | AG1: 1980 | AH1: 1981 | AI1: 1982 | AJ1: 1983 | AK1: 1984 | AL1: 1985 | AM1: 1986 | AN1: 1987 | AO1: 1988 | AP1: 1989 | AQ1: 1990 | AR1: 1991 | AS1: 1992 | AT1: 1993 | AU1: 1994 | AV1: 1995 | AW1: 1996 | AX1: 1997 | AY1: 1998 | AZ1: 1999 | BA1: 2000 | BB1: 2001 | BC1: 2002 | BD1: 2003 | BE1: 2004 | BF1: 2005 | BG1: 2006 | BH1: 2007 | BI1: 2008 | BJ1: 2009 | BK1: 2010 | BL1: 2011 | BM1: 2012 | BN1: 2013 | BO1: 2014 | BP1: 2015 | BQ1: 2016 | BR1: 2017 | BS1: 2018 | BT1: 2019 | BU1: 2020 | BV1: 2021
A2: Alabama | B2: 2319 | C2: 3707 | D2: 6034 | E2: 8314 | F2: 9457 | G2: 10956 | H2: 13627 | I2: 16274 | J2: 20188 | K2: 24376 | L2: 30927 | M2: 35274 | N2: 40282 | O2: 48006 | P2: 54967 | Q2: 63677 | R2: 73097 | S2: 84476 | T2: 93185 | U2: 106523 | V2: 119658 | W2: 127971 | X2: 145429 | Y2: 165202 | Z2: 190600 | AA2: 193253 | AB2: 194081 | AC2: 219093 | AD2: 249302 | AE2: 280542 | AF2: 291498 | AG2: 322457 | AH2: 291923 | AI2: 291133 | AJ2: 323318 | AK2: 355297 | AL2: 365287 | AM2: 375522 | AN2: 409825 | AO2: 486519 | AP2: 535136 | AQ2: 571091 | AR2: 554649 | AS2: 551926 | AT2: 587390 | AU2: 659025 | AV2: 696427 | AW2: 650666 | AX2: 659865 | AY2: 705978 | AZ2: 745713 | BA2: 769752 | BB2: 683396 | BC2: 672948 | BD2: 734983 | BE2: 790734 | BF2: 814696 | BG2: 824496 | BH2: 882000 | BI2: 774380.59 | BJ2: 687818.38 | BK2: 746135.58 | BL2: 748448.66 | BM2: 730942.45 | BN2: 736632 | BO2: 779280 | BP2: 828453 | BQ2: 963803 | BR2: 891595 | BS2: 859500 | BT2: 874206 | BU2: 863691 | BV2: 990396
A3: Alaska | B3: 0 | C3: 0 | D3: 0 | E3: 0 | F3: 0 | G3: 0 | H3: 0 | I3: 0 | J3: 0 | K3: 0 | L3: 612 | M3: 664 | N3: 724 | O3: 794 | P3: 902 | Q3: 975 | R3: 1148 | S3: 2361 | T3: 2531 | U3: 8773 | V3: 4709 | W3: 10544 | X3: 3076 | Y3: 11459 | Z3: 9040 | AA3: 30151 | AB3: 35226 | AC3: 44788 | AD3: 44160 | AE3: 32396 | AF3: 11956 | AG3: 46132 | AH3: 14713 | AI3: 41283 | AJ3: 97400 | AK3: 60445 | AL3: 73836 | AM3: 59947 | AN3: 29091 | AO3: 43362 | AP3: 58472 | AQ3: 83524 | AR3: 40077 | AS3: 49869 | AT3: 116570 | AU3: 30422 | AV3: 79862 | AW3: 67938 | AX3: 48374 | AY3: 68962 | AZ3: 75400 | BA3: 91355 | BB3: 111937 | BC3: 109586 | BD3: 92339 | BE3: 209733 | BF3: 230835 | BG3: 237222 | BH3: 238428 | BI3: 244815.89 | BJ3: 267142.03 | BK3: 211545.31 | BL3: 142358.66 | BM3: 155848.33 | BN3: 133340 | BO3: 195883 | BP3: 140241 | BQ3: 116169 | BR3: 134395 | BS3: 93604 | BT3: 126670 | BU3: 103527 | BV3: 119289
A4: Arizona | B4: 9674 | C4: 12178 | D4: 16037 | E4: 19437 | F4: 22956 | G4: 24287 | H4: 27017 | I4: 31374 | J4: 36101 | K4: 40655 | L4: 41648 | M4: 45116 | N4: 47628 | O4: 51542 | P4: 54361 | Q4: 58361 | R4: 60794 | S4: 66724 | T4: 72307 | U4: 80088 | V4: 97939 | W4: 96673 | X4: 115668 | Y4: 126776 | Z4: 149614 | AA4: 151490 | AB4: 154703 | AC4: 166934 | AD4: 189408 | AE4: 201847 | AF4: 226184 | AG4: 218807 | AH4: 229303 | AI4: 197335 | AJ4: 207148 | AK4: 235282 | AL4: 273013 | AM4: 285884 | AN4: 272404 | AO4: 303839 | AP4: 325694 | AQ4: 331071 | AR4: 301102 | AS4: 352181 | AT4: 474486 | AU4: 463479 | AV4: 484323 | AW4: 529310 | AX4: 688869 | AY4: 606448 | AZ4: 663876 | BA4: 632761 | BB4: 678902 | BC4: 709011 | BD4: 734014 | BE4: 780791 | BF4: 860537 | BG4: 886254 | BH4: 885407 | BI4: 819465.41 | BJ4: 726297.11 | BK4: 775818.04 | BL4: 780406.74 | BM4: 766195.09 | BN4: 716898 | BO4: 770076 | BP4: 807771 | BQ4: 848026 | BR4: 865616 | BS4: 894569 | BT4: 946619 | BU4: 956952 | BV4: 1075428
A5: Arkansas | B5: 1639 | C5: 2291 | D5: 3811 | E5: 4941 | F5: 7094 | G5: 9124 | H5: 10417 | I5: 13036 | J5: 17324 | K5: 21721 | L5: 26704 | M5: 28908 | N5: 32917 | O5: 36063 | P5: 41428 | Q5: 46736 | R5: 56914 | S5: 65726 | T5: 68205 | U5: 77197 | V5: 87808 | W5: 94366 | X5: 112631 | Y5: 131904 | Z5: 155922 | AA5: 151745 | AB5: 146417 | AC5: 170098 | AD5: 189034 | AE5: 211837 | AF5: 209990 | AG5: 213762 | AH5: 240231 | AI5: 243172 | AJ5: 262824 | AK5: 298967 | AL5: 297066 | AM5: 302445 | AN5: 328660 | AO5: 367997 | AP5: 386237 | AQ5: 385802 | AR5: 386961 | AS5: 405441 | AT5: 427972 | AU5: 472195 | AV5: 490814 | AW5: 497660 | AX5: 534712 | AY5: 562634 | AZ5: 557820 | BA5: 587842 | BB5: 582034 | BC5: 572817 | BD5: 590609 | BE5: 601994 | BF5: 634171 | BG5: 651418 | BH5: 673731 | BI5: 628409.6 | BJ5: 592943.19 | BK5: 619188.25 | BL5: 603305.4 | BM5: 606650.09 | BN5: 598371 | BO5: 612785 | BP5: 616900 | BQ5: 641687 | BR5: 666074 | BS5: 681891 | BT5: 680318 | BU5: 679637 | BV5: 737944
A6: California | B6: 95327 | C6: 116852 | D6: 143837 | E6: 165468 | F6: 173235 | G6: 199574 | H6: 228368 | I6: 251080 | J6: 261341 | K6: 276246 | L6: 311549 | M6: 300075 | N6: 312890 | O6: 353202 | P6: 367736 | Q6: 382903 | R6: 417938 | S6: 451369 | T6: 455955 | U6: 492380 | V6: 577651 | W6: 599308 | X6: 660388 | Y6: 709414 | Z6: 781532 | AA6: 764424 | AB6: 782725 | AC6: 871709 | AD6: 914959 | AE6: 1078600 | AF6: 1169126 | AG6: 1153621 | AH6: 1224404 | AI6: 1215367 | AJ6: 1298093 | AK6: 1438088 | AL6: 1415690 | AM6: 1602662 | AN6: 1730685 | AO6: 1782723 | AP6: 1944331 | AQ6: 1852610 | AR6: 1793825 | AS6: 1998741 | AT6: 1853278 | AU6: 2035629 | AV6: 2109665 | AW6: 2133927 | AX6: 2297847 | AY6: 2347370 | AZ6: 2468188 | BA6: 2639366 | BB6: 2647870 | BC6: 2732503 | BD6: 2688255 | BE6: 2908737 | BF6: 3064404 | BG6: 3045851 | BH6: 3181111 | BI6: 2956542.3 | BJ6: 2728339.8 | BK6: 2732916.5 | BL6: 2766945.4 | BM6: 2748351.3 | BN6: 2859342 | BO6: 2918733 | BP6: 3012037 | BQ6: 3182368 | BR6: 3297303 | BS6: 3282512 | BT6: 3502324 | BU6: 3147550 | BV6: 3366973
A7: Colorado | B7: 5475 | C7: 8675 | D7: 11717 | E7: 14974 | F7: 17642 | G7: 21032 | H7: 24734 | I7: 27727 | J7: 32320 | K7: 33507 | L7: 36672 | M7: 38873 | N7: 38324 | O7: 43949 | P7: 45167 | Q7: 47196 | R7: 46271 | S7: 51506 | T7: 56555 | U7: 61260 | V7: 65577 | W7: 69629 | X7: 79568 | Y7: 90186 | Z7: 106313 | AA7: 104864 | AB7: 102776 | AC7: 114220 | AD7: 125580 | AE7: 133474 | AF7: 147274 | AG7: 141087 | AH7: 166869 | AI7: 190037 | AJ7: 199178 | AK7: 207760 | AL7: 203234 | AM7: 190732 | AN7: 186538 | AO7: 191352 | AP7: 187715 | AQ7: 206215 | AR7: 208405 | AS7: 224266 | AT7: 263542 | AU7: 269399 | AV7: 285785 | AW7: 274939 | AX7: 292686 | AY7: 386118 | AZ7: 449375 | BA7: 472447 | BB7: 512967 | BC7: 549888 | BD7: 475386 | BE7: 508032 | BF7: 554018 | BG7: 582166 | BH7: 601573 | BI7: 582806.08 | BJ7: 525006.87 | BK7: 539797.5 | BL7: 542782.87 | BM7: 558555.23 | BN7: 565577 | BO7: 615730 | BP7: 632740 | BQ7: 636213 | BR7: 665357 | BS7: 672871 | BT7: 681901 | BU7: 659457 | BV7: 709776
A8: Connecticut | B8: 3714 | C8: 4528 | D8: 6176 | E8: 8423 | F8: 9205 | G8: 9933 | H8: 9751 | I8: 11023 | J8: 12693 | K8: 12634 | L8: 15175 | M8: 17389 | N8: 19700 | O8: 28788 | P8: 34306 | Q8: 42376 | R8: 49973 | S8: 57117 | T8: 60948 | U8: 68443 | V8: 76666 | W8: 78002 | X8: 80909 | Y8: 84894 | Z8: 92563 | AA8: 91727 | AB8: 83881 | AC8: 90677 | AD8: 91320 | AE8: 103134 | AF8: 106437 | AG8: 104213 | AH8: 108260 | AI8: 126732 | AJ8: 131129 | AK8: 134229 | AL8: 182805 | AM8: 198222 | AN8: 210168 | AO8: 207851 | AP8: 200010 | AQ8: 186197 | AR8: 173200 | AS8: 189394 | AT8: 197287 | AU8: 186477 | AV8: 200736 | AW8: 177626 | AX8: 244903 | AY8: 223417 | AZ8: 237293 | BA8: 274914 | BB8: 273178 | BC8: 229112 | BD8: 267048 | BE8: 285813 | BF8: 307303 | BG8: 302684 | BH8: 306861 | BI8: 296093.07 | BJ8: 268457.23 | BK8: 270327.41 | BL8: 275813.61 | BM8: 269437.98 | BN8: 269903 | BO8: 270988 | BP8: 274012 | BQ8: 273595 | BR8: 274247 | BS8: 284610 | BT8: 286501 | BU8: 276173 | BV8: 306588
A9: Delaware | B9: 455 | C9: 555 | D9: 677 | E9: 854 | F9: 855 | G9: 1120 | H9: 2478 | I9: 2116 | J9: 1916 | K9: 2214 | L9: 3881 | M9: 5202 | N9: 5696 | O9: 9556 | P9: 10096 | Q9: 6977 | R9: 9139 | S9: 10382 | T9: 10154 | U9: 11760 | V9: 12456 | W9: 12709 | X9: 15177 | Y9: 15468 | Z9: 16826 | AA9: 18109 | AB9: 19022 | AC9: 20457 | AD9: 22508 | AE9: 22139 | AF9: 26915 | AG9: 35156 | AH9: 36731 | AI9: 39711 | AJ9: 44245 | AK9: 47896 | AL9: 51558 | AM9: 53934 | AN9: 59494 | AO9: 56124 | AP9: 53476 | AQ9: 53266 | AR9: 52689 | AS9: 52503 | AT9: 55154 | AU9: 62278 | AV9: 63381 | AW9: 59666 | AX9: 63530 | AY9: 62830 | AZ9: 57741 | BA9: 58320 | BB9: 56812 | BC9: 61713 | BD9: 63785 | BE9: 65569 | BF9: 72646 | BG9: 70459 | BH9: 71608 | BI9: 66169.054 | BJ9: 68518.284 | BK9: 61038.948 | BL9: 61119.038 | BM9: 60643.66 | BN9: 61172 | BO9: 63892 | BP9: 65358 | BQ9: 70056 | BR9: 76830 | BS9: 80315 | BT9: 84114 | BU9: 77492 | BV9: 80110
A10: Dist. of Col. | B10: 2723 | C10: 3501 | D10: 4356 | E10: 6251 | F10: 6909 | G10: 7245 | H10: 6779 | I10: 6389 | J10: 4436 | K10: 4070 | L10: 4551 | M10: 8861 | N10: 10489 | O10: 11803 | P10: 12051 | Q10: 12937 | R10: 13201 | S10: 13658 | T10: 13755 | U10: 14153 | V10: 14183 | W10: 14856 | X10: 17512 | Y10: 16722 | Z10: 17657 | AA10: 17679 | AB10: 17296 | AC10: 17565 | AD10: 19797 | AE10: 17438 | AF10: 17436 | AG10: 17293 | AH10: 15325 | AI10: 18490 | AJ10: 20622 | AK10: 20709 | AL10: 20260 | AM10: 21500 | AN10: 22094 | AO10: 23327 | AP10: 23356 | AQ10: 22818 | AR10: 22148 | AS10: 21092 | AT10: 20872 | AU10: 21889 | AV10: 21363 | AW10: 21082 | AX10: 21689 | AY10: 21541 | AZ10: 22223 | BA10: 23215 | BB10: 27482 | BC10: 27171 | BD10: 25710 | BE10: 24413 | BF10: 28571 | BG10: 19641 | BH10: 21864 | BI10: 26969.011 | BJ10: 21898.959 | BK10: 21556.85 | BL10: 18007.312 | BM10: 16558.782 | BN10: 16360 | BO10: 17680 | BP10: 15554 | BQ10: 15664 | BR10: 9606 | BS10: 6989 | BT10: 16539 | BU10: 11389 | BV10: 12598
A11: Florida | B11: 4387 | C11: 6490 | D11: 10553 | E11: 14610 | F11: 15934 | G11: 17657 | H11: 20229 | I11: 23879 | J11: 29275 | K11: 35406 | L11: 44723 | M11: 50171 | N11: 54768 | O11: 61806 | P11: 72514 | Q11: 82588 | R11: 95932 | S11: 111246 | T11: 125399 | U11: 143899 | V11: 169558 | W11: 183679 | X11: 222224 | Y11: 266790 | Z11: 324421 | AA11: 314020 | AB11: 302316 | AC11: 329302 | AD11: 361455 | AE11: 414021 | AF11: 457071 | AG11: 498560 | AH11: 558605 | AI11: 577151 | AJ11: 640032 | AK11: 688430 | AL11: 676013 | AM11: 708054 | AN11: 754771 | AO11: 781715 | AP11: 859993 | AQ11: 843849 | AR11: 845962 | AS11: 901509 | AT11: 932513 | AU11: 963393 | AV11: 1004016 | AW11: 1038762 | AX11: 1136005 | AY11: 1183731 | AZ11: 1245526 | BA11: 1279860 | BB11: 1289858 | BC11: 1355450 | BD11: 1432663 | BE11: 1576307 | BF11: 1729768 | BG11: 1794987 | BH11: 1680451 | BI11: 1495714.8 | BJ11: 1332915.4 | BK11: 1359250.6 | BL11: 1349344 | BM11: 1358480.4 | BN11: 1415621 | BO11: 1442091 | BP11: 1556161 | BQ11: 1646842 | BR11: 1705522 | BS11: 1781546 | BT11: 1781089 | BU11: 1749833 | BV11: 1887387
A12: Georgia | B12: 7629 | C12: 9088 | D12: 12128 | E12: 15668 | F12: 16795 | G12: 19329 | H12: 23194 | I12: 30990 | J12: 40431 | K12: 47055 | L12: 55969 | M12: 64601 | N12: 75474 | O12: 85420 | P12: 92668 | Q12: 99959 | R12: 117707 | S12: 147521 | T12: 163675 | U12: 186366 | V12: 208646 | W12: 229850 | X12: 269531 | Y12: 298848 | Z12: 354584 | AA12: 352092 | AB12: 319855 | AC12: 342596 | AD12: 376900 | AE12: 419692 | AF12: 455215 | AG12: 449287 | AH12: 524460 | AI12: 514229 | AJ12: 583651 | AK12: 648129 | AL12: 677143 | AM12: 724290 | AN12: 782834 | AO12: 841981 | AP12: 847733 | AQ12: 867436 | AR12: 862607 | AS12: 888773 | AT12: 1003668 | AU12: 1050161 | AV12: 1115612 | AW12: 1173285 | AX12: 1192282 | AY12: 1239929 | AZ12: 1330511 | BA12: 1390609 | BB12: 1416674 | BC12: 1458812 | BD12: 1436781 | BE12: 1461981 | BF12: 1696811 | BG12: 1567130 | BH12: 1515560 | BI12: 1336492.8 | BJ12: 1201345 | BK12: 1265888.1 | BL12: 1191556.4 | BM12: 1130189.5 | BN12: 1248710 | BO12: 1253328 | BP12: 1475199 | BQ12: 1327172 | BR12: 1541008 | BS12: 1322853 | BT12: 1342455 | BU12: 1382085 | BV12: 1481265
... A52: Wyoming | B52: 2573 | C52: 3547 | D52: 5437 | E52: 8027 | F52: 9359 | G52: 10927 | H52: 12387 | I52: 14363 | J52: 12772 | K52: 15522 | L52: 18395 | M52: 19922 | N52: 19877 | O52: 20991 | P52: 21231 | Q52: 23540 | R52: 24829 | S52: 28007 | T52: 30722 | U52: 34666 | V52: 36085 | W52: 40203 | X52: 40645 | Y52: 47065 | Z52: 53598 | AA52: 65366 | AB52: 64529 | AC52: 79963 | AD52: 85196 | AE52: 98329 | AF52: 93571 | AG52: 93962 | AH52: 109933 | AI52: 105709 | AJ52: 109160 | AK52: 115425 | AL52: 117932 | AM52: 133943 | AN52: 184259 | AO52: 153263 | AP52: 169822 | AQ52: 176724 | AR52: 158671 | AS52: 173984 | AT52: 207805 | AU52: 198821 | AV52: 214887 | AW52: 239167 | AX52: 260146 | AY52: 262113 | AZ52: 346310 | BA52: 272093 | BB52: 308553 | BC52: 304613 | BD52: 292808 | BE52: 339489 | BF52: 346054 | BG52: 360312 | BH52: 392283 | BI52: 389865.75 | BJ52: 325629.52 | BK52: 348428.97 | BL52: 321932.86 | BM52: 363484.47 | BN52: 368783 | BO52: 365932 | BP52: 350388 | BQ52: 338833 | BR52: 326837 | BS52: 355785 | BT52: 368810 | BU52: 351231 | BV52: 365138
A53: Total | B53: =SUM(B2:B52) -> 427354 | C53: =SUM(C2:C52) -> 536923 | D53: =SUM(D2:D52) -> 708093 | E53: =SUM(E2:E52) -> 836511 | F53: =SUM(F2:F52) -> 940036 | G53: =SUM(G2:G52) -> 1047197 | H53: =SUM(H2:H52) -> 1204677 | I53: =SUM(I2:I52) -> 1410457 | ... V53: =SUM(V2:V52) -> 6330078 | W53: =+SUM(W2:W52) -> 6730692 | X53: =+SUM(X2:X52) -> 7573881 | Y53: =+SUM(Y2:Y52) -> 8519440 | Z53: =+SUM(Z2:Z52) -> 9836645 | AA53: =+SUM(AA2:AA52) -> 9796249 | AB53: =+SUM(AB2:AB52) -> 9630754 | AC53: =+SUM(AC2:AC52) -> 10721927 | AD53: =SUM(AD2:AD52) -> 11646885 | AE53: =SUM(AE2:AE52) -> 12828343 | AF53: =SUM(AF2:AF52) -> 13988938 | AG53: =SUM(AG2:AG52) -> 13776840 | AH53: =SUM(AH2:AH52) -> 14856304 | AI53: =SUM(AI2:AI52) -> 14904756 | AJ53: =SUM(AJ2:AJ52) -> 15974732 | AK53: =SUM(AK2:AK52) -> 17271096 | ... BN53: =SUM(BN2:BN52) -> 38352305 | BO53: 39710684 | BP53: 40621320 | BQ53: 41420207 | BR53: 42650439 | BS53: =SUM(BS2:BS52) -> 42884194 | BT53: 43922308 | BU53: 41933460 | BV53: 45220997
B54: Source: Highway Statistics, various years, Table MF-21, Column 12.
B55: 1/ The data in this table are from State authorities. Where data are not available, estimates were made by the FHWA. Private and commercial use of special fuels represent the volume of special fuels used on the highways.

Sheet State Codes
B2: State Energy Data System
B3: State Codes and Descriptions
B5: The State Codes are 2-character codes, following the U.S. Postal Service State abbreviations. Geographic
B6: areas used throughout SEDS includes the 50 States and the District of Columbia, and the United States.
B7: For production of crude oil and natural gas, Federal offshore regions are identified by X3 and X5.
C9: State Name | D9: State Code
C10: Alabama | D10: AL
C11: Alaska | D11: AK
C12: Arizona | D12: AZ
C13: Arkansas | D13: AR
C14: California | D14: CA
C15: Colorado | D15: CO
C16: Connecticut | D16: CT
C17: Delaware | D17: DE
C18: Dist. of Col. | D18: DC
C19: Federa Offshore, Pacific | D19: X5
C20: Federal Offshore, Gulf of Mexico | D20: X3
... C63: Wyoming | D63: WY
