Workbook
Name _Ref225575190: 'Inventory Table'!$K$112
Name _Toc1473195: 'Inventory Table'!$K$100
Name Bar_Gal: [4]Corrections!$K$2
Name Bar_Gal: [4]Corrections!$K$2
Name BBtuToBtu: Factors!$J$49
Name BBtuToBtu: Factors!$J$49
Name BBtuToBtu: Factors!$J$49
Name BBtuToBtu: Factors!$J$49
Name BBtuToTBtu: [4]Consumption!$K$2
Name BBtuToTBtu: [4]Consumption!$K$2
Name CO2toC: Factors!$J$45
Name CO2toC: Factors!$J$45
Name CO2toC: Factors!$J$45
Name CO2toC: Factors!$J$45
Name CtoCO2: Factors!$J$44
Name CtoCO2: Factors!$J$44
Name CtoCO2: Factors!$J$44
Name CtoCO2: Factors!$J$44
Name CtoCO2: Factors!$J$44
Name CtoCO2: Factors!$J$44
Name CtoCO2: Factors!$J$44
Name CtoCO2: Factors!$J$44
Name CtoCO2: Factors!$J$44
Name CtoCO2: Factors!$J$44
Name CtoCO2: Factors!$J$44
Name CtoCO2: Factors!$J$44
Name CtoCO2: Factors!$J$44
Name CtoCO2: Factors!$J$44
Name CtoCO2: Factors!$J$44
Name CtoCO2: Factors!$J$44
Name CtoCO2: Factors!$J$44
Name CtoCO2: Factors!$J$44
Name CtoCO2: Factors!$J$44
Name CtoCO2: Factors!$J$44
Name CtoCO2: Factors!$J$44
Name CtoCO2: Factors!$J$44
Name CtoCO2: Factors!$J$44
Name CtoCO2: Factors!$J$44
Name CtoCO2: Factors!$J$44
Name CtoCO2: Factors!$J$44
Name CtoCO2: Factors!$J$44
Name CtoCO2: Factors!$J$44
Name CtoCO2: Factors!$J$44
Name CtoCO2: Factors!$J$44
Name CtoCO2: Factors!$J$44
Name CtoCO2: Factors!$J$44
Name CtoCO2: Factors!$J$44
Name CtoCO2: Factors!$J$44
Name CtoCO2: Factors!$J$44
Name CtoCO2: Factors!$J$44
Name CtoCO2: Factors!$J$44
Name DaysToYear: Factors!$J$51
Name gtokt: [4]Factors!$B$7
Name gtokt: [4]Factors!$B$7
Name GWPCH4: Factors!$J$46
Name GWPCH4: Factors!$J$46
Name GWPCH4: Factors!$J$46
Name GWPCH4: Factors!$J$46
Name GWPN2O: Factors!$J$50
Name GWPN2O: Factors!$J$50

Sheet Introduction
B2: CO2 Emissions from Fossil Fuel Combustion in the United States
B3: Purpose: | D3: Calculate CO2 emissions from fossil fuel combustion for Inventory of U.S. Greenhouse Gases
B4: Inventory Year: | D4: 1990-2022
B5: Source Category: | D5: Fossil Fuel Combustion (CRF Source Category 1A)
B6: Data Sources: | D6: Energy Information Administration's (EIA) Monthly Energy Review (November 2023); Non-Energy Uses of Fuels emission estimates; International Bunker Fuel emission estimates; EIA's U.S. Territories fuel consumption data; EPA's IndCalcs emission estimates; Aluminum emission estimates; Biomass emission estimates; Mobile Combustion emission estimates; Stationary Combustion emission estimates; Synthetic Natural Gas adjustment data; 2006 IPCC Guidelines; Revised 1996 IPCC Guidelines.
B7: Prepared By: | D7: Fiona Wissell, Emily Carr, Georgia Kerkezis, and Isabella Scornaienchi, ICF
B8: Prepared For: | D8: U.S. Environmental Protection Agency (EPA)
B9: Date: | D9: 45272
B13: Formatting Legend
C14: Data input cells
C15: Hardcoded cells
B16: Red text | C16: Proxy values

Sheet TOC
B2: Worksheet | D2: Contents
B3: CRF Reporter Input | D3: CRF Reporter data input tab for CO2 from Fossil Fuel Combustion emission estimates
B4: InvDB | D4: CO2 from Fossil Fuel Combustion estimates for the Inventory database
B5: Summary Table | D5: Summary tables for CO2 emissions from fossil fuel combustion
B6: 2021FR Comparison | D6: Comparison to previous cycle's emission estimates (Background Calculation Worksheet)
B7: 2021BY Comparison | D7: Comparison to previous year's emission estimates (Background Calculation Worksheet)
B8: Yearly Change | D8: Annual change in CO2 emissions from fossil fuel combustion (Background Calculation Worksheet)
B9: Consumption (E) | D9: Fossil fuel consumption for energy uses (Background Calculation Worksheet)
B10: Consumption (E + non-E) | D10: Fossil fuel consumption for energy and non-energy uses (Background Calculation Worksheet)
B11: Consumption Input | D11: Fuel consumption data by fuel type and sector used for calculating CO2 emissions from fossil fuel combustion (Background Calculation Worksheet)
B12: Corrections | D12: Adjustments made to fuel consumption estimates prior to calculating emissions (Background Calculation Worksheet)
B13: 1990 | D13: Emissions calculations for 1990 (Background Calculation Worksheet)
B14: 1991 | D14: Emissions calculations for 1991 (Background Calculation Worksheet)
B15: 1992 | D15: Emissions calculations for 1992 (Background Calculation Worksheet)
B16: 1993 | D16: Emissions calculations for 1993 (Background Calculation Worksheet)
B17: 1994 | D17: Emissions calculations for 1994 (Background Calculation Worksheet)
B18: 1995 | D18: Emissions calculations for 1995 (Background Calculation Worksheet)
B19: 1996 | D19: Emissions calculations for 1996 (Background Calculation Worksheet)
B20: 1997 | D20: Emissions calculations for 1997 (Background Calculation Worksheet)
B21: 1998 | D21: Emissions calculations for 1998 (Background Calculation Worksheet)
B22: 1999 | D22: Emissions calculations for 1999 (Background Calculation Worksheet)
B23: 2000 | D23: Emissions calculations for 2000 (Background Calculation Worksheet)
B24: 2001 | D24: Emissions calculations for 2001 (Background Calculation Worksheet)
... B45: 2022 | D45: Emissions calculations for the current Inventory year
B46: US Territories | D46: Emissions from U.S. Territories
B47: International Bunker Fuels | D47: Emissions from International Bunker Fuels
B48: Factors | D48: Emission factors used for calculating CO2 emissions from fossil fuel combustion (Background Calculation Worksheet)
B49: Non-Energy use | D49: Adjustments made to account for non-energy uses of fuels (Background Calculation Worksheet)
B50: Geothermal | D50: Emissions from Geothermal (Background Calculation Worksheet)
B51: Inventory Table | D51: Summary tables used in Inventory text (Background Calculation Worksheet)
B52: OUTPUT to INDCALC | D52: CO2 from fossil fuel combustion estimates used in EPA's IndCalcs spreadsheets (Background Calculation Worksheet)
B53: OUTPUT to MOBILE | D53: CO2 from fossil fuel combustion estimates used in mobile combustion calculations (Background Calculation Worksheet)
B54: Consumption Input Diff. | D54: Comparison to previous year's fuel consumption estimates (Background Calculation Worksheet)
B55: Electricity Distributed | D55: Apportions electricity related emissions to the 4 end-use sectors, based on their relative electricity consumption (Background Calculation Worksheet)
B56: Gas-Level Emissions | D56: Summarizes CO2, CH4, and N2O emissions from fossil fuel combustion (Background Calculation Worksheet)

Sheet CRF Reporter Input
A1: Source Lead Input for CRF Reporter
A2: 1.AA Fuel Combustion - Sectoral approach and 1.AD Feedstocks, reductants and other non-energy use of fuels | J2: Updated: | K2: 45195
T3: IE | U3: Yes
B4: The CRF Reporter is a separate, required component of the submission to the UNFCCC. The Inventory compilers are tasked with organizing and reporting out the data on this tab. We need your help to ensure that the CRFs represent your Inventory data, methods, and assumptions. The CRF forms the basis of the U.S.'s UNFCCC review and thus may get more scrutiny than the Inventory report itself. This tab is populated based on your data. We recommend you complete this tab as you are compiling the Inventory estimates. | O4: Required input for CRF | T4: NE | U4: No
O5: Instructions | T5: NA
T6: NO
T7: C
A9: Step ① - Update and Review Inputs to CRF Reporter
A14: UID | B14: CRF Input | C14: Alternative Variable Name | D14: Gas | E14: Unit | F14: 1990 | G14: 1991 | H14: 1992 | I14: 1993 | J14: 1994 | K14: 1995 | L14: 1996 | M14: 1997 | N14: 1998 | O14: 1999 | P14: 2000 | Q14: 2001 | R14: 2002 | S14: 2003 | T14: 2004 | U14: 2005 | V14: 2006 | W14: 2007 | X14: 2008 | Y14: 2009 | Z14: 2010 | AA14: 2011 | AB14: 2012 | AC14: 2013 | AD14: 2014 | AE14: 2015 | AF14: 2016 | AG14: 2017 | AH14: 2018 | AI14: 2019 | AJ14: 2020 | AK14: 2021 | AL14: 2022 | AM14: "NE" and "IE" Comment | AN14: If IE, where reported?
A15: 1.AA.1.A.1.a.i Energy Industries: Public Electricity and Heat Production: Electricity Generation
A16: 1.AA.1.A.1.a.i Liquid Fuels
A17: 83B2DB58-13EC-4B27-B374-781CA0FE13BA | B17: Fuel Consumption | E17: TJ | F17: ='1990'!$R$18*1055.05585262 -> 1360423.8 | G17: ='1991'!$R$18*1055.05585262 -> 1264232.3 | H17: ='1992'!$R$18*1055.05585262 -> 1045251.2 | I17: ='1993'!$R$18*1055.05585262 -> 1185660.2 | J17: ='1994'!$R$18*1055.05585262 -> 1116966.5 | K17: ='1995'!$R$18*1055.05585262 -> 796044.92 | L17: ='1996'!$R$18*1055.05585262 -> 862257.06 | M17: ='1997'!$R$18*1055.05585262 -> 977726.59 | N17: ='1998'!$R$18*1055.05585262 -> 1378003.2 | O17: ='1999'!$R$18*1055.05585262 -> 1277890 | P17: ='2000'!$R$18*1055.05585262 -> 1207131.6 | Q17: ='2001'!$R$18*1055.05585262 -> 1346648 | R17: ='2002'!$R$18*1055.05585262 -> 1014102.8 | S17: ='2003'!$R$18*1055.05585262 -> 1271151.3 | T17: ='2004'!$R$18*1055.05585262 -> 1267118.9 | U17: ='2005'!$R$18*1055.05585262 -> 1289345.8 | V17: ='2006'!$R$18*1055.05585262 -> 672026.27 | W17: ='2007'!$R$18*1055.05585262 -> 683497.89 | X17: ='2008'!$R$18*1055.05585262 -> 484625.14 | Y17: ='2009'!$R$18*1055.05585262 -> 403422.76 | Z17: ='2010'!$R$18*1055.05585262 -> 390714.61 | AA17: ='2011'!$R$18*1055.05585262 -> 311283.68 | AB17: ='2012'!$R$18*1055.05585262 -> 225998.24 | AC17: ='2013'!$R$18*1055.05585262 -> 269211.22 | AD17: ='2014'!$R$18*1055.05585262 -> 311736.3 | AE17: ='2015'!$R$18*1055.05585262 -> 291158.49 | AF17: ='2016'!$R$18*1055.05585262 -> 257327.07 | AG17: ='2017'!$R$18*1055.05585262 -> 229708.87 | AH17: ='2018'!$R$18*1055.05585262 -> 274683.79 | AI17: ='2019'!$R$18*1055.05585262 -> 198968.76 | AJ17: ='2020'!$R$18*1055.05585262 -> 194549.13 | AK17: ='2021'!$R$18*1055.05585262 -> 216301.22 | AL17: ='2022'!$R$18*1055.05585262 -> 257289.09
A18: D8064894-8E9F-4CD6-A941-F90E56784D8D | B18: Calorific value | F18: GCV | G18: GCV | H18: GCV | I18: GCV | J18: GCV | K18: GCV | L18: GCV | M18: GCV | N18: GCV | O18: GCV | P18: GCV | Q18: GCV | R18: GCV | S18: GCV | T18: GCV | U18: GCV | V18: GCV | W18: GCV | X18: GCV | Y18: GCV | Z18: GCV | AA18: GCV | AB18: GCV | AC18: GCV | AD18: GCV | AE18: GCV | AF18: GCV | AG18: GCV | AH18: GCV | AI18: GCV | AJ18: GCV | AK18: GCV | AL18: GCV
A19: AA89486D-1625-44E9-81F2-30D53DFB696D | B19: Emissions | D19: CO2 | E19: kt | F19: =('Summary Table'!C26*1000) -> 97538.491 | G19: =('Summary Table'!D26*1000) -> 90678.662 | H19: =('Summary Table'!E26*1000) -> 75527.743 | I19: =('Summary Table'!F26*1000) -> 86415.413 | J19: =('Summary Table'!G26*1000) -> 81246.85 | K19: =('Summary Table'!H26*1000) -> 58711.775 | L19: =('Summary Table'!I26*1000) -> 63396.293 | M19: =('Summary Table'!J26*1000) -> 72207.404 | ... AL19: =('Summary Table'!AI26*1000) -> 20522.249
A20: 1326B4AF-4523-41D5-9B8C-533B5AEBEA7C | B20: Amount captured | D20: CO2 | E20: kt | F20: NA | G20: NA | H20: NA | I20: NA | J20: NA | K20: NA | L20: NA | M20: NA | N20: NA | O20: NA | P20: NA | Q20: NA | R20: NA | S20: NA | T20: NA | U20: NA | V20: NA | W20: NA | X20: NA | Y20: NA | Z20: NA | AA20: NA | AB20: NA | AC20: NA | AD20: NA | AE20: NA | AF20: NA | AG20: NA | AH20: NA | AI20: NA | AJ20: NA | AK20: NA | AL20: NA
A21: FDC84FC0-D144-46AD-AA6E-86015DE27968 | B21: Documentation box
A22: 1.AA.1.A.1.a.i Solid Fuels
A23: B749F72A-0FE8-4E17-8EBC-3F74FE380CBA | B23: Fuel Consumption | E23: TJ | F23: ='1990'!$R$8*1055.05585262 -> 17156213 | G23: ='1991'!$R$8*1055.05585262 -> 17144351 | H23: ='1992'!$R$8*1055.05585262 -> 17372122 | I23: ='1993'!$R$8*1055.05585262 -> 18142663 | J23: ='1994'!$R$8*1055.05585262 -> 18211187 | K23: ='1995'!$R$8*1055.05585262 -> 18427906 | L23: ='1996'!$R$8*1055.05585262 -> 19443653 | M23: ='1997'!$R$8*1055.05585262 -> 19945343 | N23: ='1998'!$R$8*1055.05585262 -> 20273618 | O23: ='1999'!$R$8*1055.05585262 -> 20340936 | P23: ='2000'!$R$8*1055.05585262 -> 21333410 | Q23: ='2001'!$R$8*1055.05585262 -> 20693520 | R23: ='2002'!$R$8*1055.05585262 -> 20871939 | S23: ='2003'!$R$8*1055.05585262 -> 21296031 | T23: ='2004'!$R$8*1055.05585262 -> 21422946 | U23: ='2005'!$R$8*1055.05585262 -> 21878947 | V23: ='2006'!$R$8*1055.05585262 -> 21588429 | W23: ='2007'!$R$8*1055.05585262 -> 21953309 | X23: ='2008'!$R$8*1055.05585262 -> 21642313 | Y23: ='2009'!$R$8*1055.05585262 -> 19228743 | Z23: ='2010'!$R$8*1055.05585262 -> 20186864 | AA23: ='2011'!$R$8*1055.05585262 -> 19028117 | AB23: ='2012'!$R$8*1055.05585262 -> 16692300 | AC23: ='2013'!$R$8*1055.05585262 -> 17356259 | AD23: ='2014'!$R$8*1055.05585262 -> 17331825 | AE23: ='2015'!$R$8*1055.05585262 -> 14916643 | AF23: ='2016'!$R$8*1055.05585262 -> 13711879 | AG23: ='2017'!$R$8*1055.05585262 -> 13317161 | AH23: ='2018'!$R$8*1055.05585262 -> 12716543 | AI23: ='2019'!$R$8*1055.05585262 -> 10741800 | AJ23: ='2020'!$R$8*1055.05585262 -> 8682353.2 | AK23: ='2021'!$R$8*1055.05585262 -> 10020574 | AL23: ='2022'!$R$8*1055.05585262 -> 9374689.3
A24: 42425060-D7CF-4C1F-AE75-5C24167A8D3F | B24: Calorific value | F24: GCV | G24: GCV | H24: GCV | I24: GCV | J24: GCV | K24: GCV | L24: GCV | M24: GCV | N24: GCV | O24: GCV | P24: GCV | Q24: GCV | R24: GCV | S24: GCV | T24: GCV | U24: GCV | V24: GCV | W24: GCV | X24: GCV | Y24: GCV | Z24: GCV | AA24: GCV | AB24: GCV | AC24: GCV | AD24: GCV | AE24: GCV | AF24: GCV | AG24: GCV | AH24: GCV | AI24: GCV | AJ24: GCV | AK24: GCV | AL24: GCV
A25: 09383287-D40C-486E-AC77-9D5A5603A277 | B25: Emissions | D25: CO2 | E25: kt | F25: =('Summary Table'!C12*1000) -> 1546513.9 | G25: =('Summary Table'!D12*1000) -> 1547174.5 | H25: =('Summary Table'!E12*1000) -> 1568541.5 | I25: =('Summary Table'!F12*1000) -> 1631618.8 | J25: =('Summary Table'!G12*1000) -> 1637852.8 | K25: =('Summary Table'!H12*1000) -> 1659860.9 | L25: =('Summary Table'!I12*1000) -> 1751523.4 | M25: =('Summary Table'!J12*1000) -> 1796018.9 | ... AL25: =('Summary Table'!AI12*1000) -> 851472.06
A26: E7A0CF0A-A523-4997-B846-A44D2711E895 | B26: Amount captured | D26: CO2 | E26: kt | F26: NA | G26: NA | H26: NA | I26: NA | J26: NA | K26: NA | L26: NA | M26: NA | N26: NA | O26: NA | P26: NA | Q26: NA | R26: NA | S26: NA | T26: NA | U26: NA | V26: NA | W26: NA | X26: NA | Y26: NA | Z26: NA | AA26: NA | AB26: NA | AC26: NA | AD26: NA | AE26: NA | AF26: NA | AG26: NA | AH26: NA | AI26: NA | AJ26: NA | AK26: NA | AL26: NA
A27: C75783E3-9C29-48C0-A735-453BE5F9FB45 | B27: Documentation box
A28: 1.AA.1.A.1.a.i Gaseous Fuels
A29: 956A7BFF-ACB7-4333-898F-3BAEEB8396D0 | B29: Fuel Consumption | E29: TJ | F29: ='1990'!$R$17*1055.05585262 -> 3490692.4 | G29: ='1991'!$R$17*1055.05585262 -> 3563302.4 | H29: ='1992'!$R$17*1055.05585262 -> 3704830.7 | I29: ='1993'!$R$17*1055.05585262 -> 3732261.1 | J29: ='1994'!$R$17*1055.05585262 -> 4196272.6 | K29: ='1995'!$R$17*1055.05585262 -> 4538819.7 | L29: ='1996'!$R$17*1055.05585262 -> 4075099.4 | M29: ='1997'!$R$17*1055.05585262 -> 4352645.6 | N29: ='1998'!$R$17*1055.05585262 -> 4932280.6 | O29: ='1999'!$R$17*1055.05585262 -> 5172039.9 | P29: ='2000'!$R$17*1055.05585262 -> 5584806.3 | Q29: ='2001'!$R$17*1055.05585262 -> 5758601.4 | R29: ='2002'!$R$17*1055.05585262 -> 6084308.8 | S29: ='2003'!$R$17*1055.05585262 -> 5535085.7 | T29: ='2004'!$R$17*1055.05585262 -> 5902968.9 | U29: ='2005'!$R$17*1055.05585262 -> 6345684.1 | V29: ='2006'!$R$17*1055.05585262 -> 6726127.7 | W29: ='2007'!$R$17*1055.05585262 -> 7390913.1 | X29: ='2008'!$R$17*1055.05585262 -> 7204896.2 | Y29: ='2009'!$R$17*1055.05585262 -> 7409013.7 | Z29: ='2010'!$R$17*1055.05585262 -> 7942081.7 | AA29: ='2011'!$R$17*1055.05585262 -> 8136807 | AB29: ='2012'!$R$17*1055.05585262 -> 9798085.3 | AC29: ='2013'!$R$17*1055.05585262 -> 8837415.8 | AD29: ='2014'!$R$17*1055.05585262 -> 8822040.5 | AE29: ='2015'!$R$17*1055.05585262 -> 10472969 | AF29: ='2016'!$R$17*1055.05585262 -> 10868458 | AG29: ='2017'!$R$17*1055.05585262 -> 10081277 | AH29: ='2018'!$R$17*1055.05585262 -> 11522801 | AI29: ='2019'!$R$17*1055.05585262 -> 12300262 | AJ29: ='2020'!$R$17*1055.05585262 -> 12660424 | AK29: ='2021'!$R$17*1055.05585262 -> 12220274 | AL29: ='2022'!$R$17*1055.05585262 -> 13145140
A30: 1406EE50-C21B-4E07-A176-6CF1F5463938 | B30: Calorific value | F30: GCV | G30: GCV | H30: GCV | I30: GCV | J30: GCV | K30: GCV | L30: GCV | M30: GCV | N30: GCV | O30: GCV | P30: GCV | Q30: GCV | R30: GCV | S30: GCV | T30: GCV | U30: GCV | V30: GCV | W30: GCV | X30: GCV | Y30: GCV | Z30: GCV | AA30: GCV | AB30: GCV | AC30: GCV | AD30: GCV | AE30: GCV | AF30: GCV | AG30: GCV | AH30: GCV | AI30: GCV | AJ30: GCV | AK30: GCV | AL30: GCV
A31: E46A0E1A-9B27-4049-AA56-E2B2204CD263 | B31: Emissions | D31: CO2 | E31: kt | F31: =('Summary Table'!C19*1000) -> 175360.04 | G31: =('Summary Table'!D19*1000) -> 178966.42 | H31: =('Summary Table'!E19*1000) -> 186074.66 | I31: =('Summary Table'!F19*1000) -> 187582.35 | J31: =('Summary Table'!G19*1000) -> 210854.62 | K31: =('Summary Table'!H19*1000) -> 228172.66 | L31: =('Summary Table'!I19*1000) -> 204860.81 | M31: =('Summary Table'!J19*1000) -> 218813.43 | ... AL31: =('Summary Table'!AI19*1000) -> 659305.21
A32: 9593053F-47FC-4D5D-962C-5C6BBB3C97D1 | B32: Amount captured | D32: CO2 | E32: kt | F32: NA | G32: NA | H32: NA | I32: NA | J32: NA | K32: NA | L32: NA | M32: NA | N32: NA | O32: NA | P32: NA | Q32: NA | R32: NA | S32: NA | T32: NA | U32: NA | V32: NA | W32: NA | X32: NA | Y32: NA | Z32: NA | AA32: NA | AB32: NA | AC32: NA | AD32: NA | AE32: NA | AF32: NA | AG32: NA | AH32: NA | AI32: NA | AJ32: NA | AK32: NA | AL32: NA
A33: E5D7A95E-512E-4D32-9B4C-F8C1611994D5 | B33: Documentation box
A34: 1.AA.1.A.1.a.i Other Fossil Fuels
A35: CFEDB877-B634-46AA-9EC6-3125CAB769BE | B35: Fuel Consumption | E35: TJ | F35: =('1990'!$R$42*1055.05585262) -> 55561.07 | G35: =('1991'!$R$42*1055.05585262) -> 57476.814 | H35: =('1992'!$R$42*1055.05585262) -> 58094.253 | I35: =('1993'!$R$42*1055.05585262) -> 60436.326 | J35: =('1994'!$R$42*1055.05585262) -> 55925.311 | K35: =('1995'!$R$42*1055.05585262) -> 48159.728 | L35: =('1996'!$R$42*1055.05585262) -> 51581.121 | M35: =('1997'!$R$42*1055.05585262) -> 53011.767 | N35: =('1998'!$R$42*1055.05585262) -> 53183.899 | O35: =('1999'!$R$42*1055.05585262) -> 53375.031 | P35: =('2000'!$R$42*1055.05585262) -> 50733.263 | Q35: =('2001'!$R$42*1055.05585262) -> 49463.758 | R35: =('2002'!$R$42*1055.05585262) -> 52166.55 | S35: =('2003'!$R$42*1055.05585262) -> 51925.077 | T35: =('2004'!$R$42*1055.05585262) -> 53317.295 | U35: =('2005'!$R$42*1055.05585262) -> 52888.087 | V35: =('2006'!$R$42*1055.05585262) -> 52442.727 | W35: =('2007'!$R$42*1055.05585262) -> 52691.78 | X35: =('2008'!$R$42*1055.05585262) -> 53421.698 | Y35: =('2009'!$R$42*1055.05585262) -> 54028.926 | Z35: =('2010'!$R$42*1055.05585262) -> 54786.893 | AA35: =('2011'!$R$42*1055.05585262) -> 55135.556 | AB35: =('2012'!$R$42*1055.05585262) -> 56022.407 | AC35: =('2013'!$R$42*1055.05585262) -> 56786.469 | AD35: =('2014'!$R$42*1055.05585262) -> 57154.615 | AE35: =('2015'!$R$42*1055.05585262) -> 57300.891 | AF35: =('2016'!$R$42*1055.05585262) -> 56970.54 | AG35: =('2017'!$R$42*1055.05585262) -> 57334.007 | AH35: =('2018'!$R$42*1055.05585262) -> 57479.296 | AI35: =('2019'!$R$42*1055.05585262) -> 55699.469 | AJ35: =('2020'!$R$42*1055.05585262) -> 57200.535 | AK35: =('2021'!$R$42*1055.05585262) -> 57506.774 | AL35: =('2022'!$R$42*1055.05585262) -> 57910.541
A36: AF3B8BA2-7A64-4F64-BD16-FB173A68F027 | B36: Calorific value | F36: GCV | G36: GCV | H36: GCV | I36: GCV | J36: GCV | K36: GCV | L36: GCV | M36: GCV | N36: GCV | O36: GCV | P36: GCV | Q36: GCV | R36: GCV | S36: GCV | T36: GCV | U36: GCV | V36: GCV | W36: GCV | X36: GCV | Y36: GCV | Z36: GCV | AA36: GCV | AB36: GCV | AC36: GCV | AD36: GCV | AE36: GCV | AF36: GCV | AG36: GCV | AH36: GCV | AI36: GCV | AJ36: GCV | AK36: GCV | AL36: GCV
A37: A19CCF55-320D-4448-9F81-E0FCC82712C7 | B37: Emissions | D37: CO2 | E37: kt | F37: ='Summary Table'!C28*1000 -> 538.19392 | G37: ='Summary Table'!D28*1000 -> 539.13329 | H37: ='Summary Table'!E28*1000 -> 544.07239 | I37: ='Summary Table'!F28*1000 -> 555.49804 | J37: ='Summary Table'!G28*1000 -> 514.16615 | K37: ='Summary Table'!H28*1000 -> 427.8974 | L37: ='Summary Table'!I28*1000 -> 462.47774 | M37: ='Summary Table'!J28*1000 -> 480.08445 | ... AL37: ='Summary Table'!AI28*1000 -> 380.55713
A38: 609F1D6D-269A-4E5A-84D8-C5B10647984C | B38: Amount captured | D38: CO2 | E38: kt | F38: NA | G38: NA | H38: NA | I38: NA | J38: NA | K38: NA | L38: NA | M38: NA | N38: NA | O38: NA | P38: NA | Q38: NA | R38: NA | S38: NA | T38: NA | U38: NA | V38: NA | W38: NA | X38: NA | Y38: NA | Z38: NA | AA38: NA | AB38: NA | AC38: NA | AD38: NA | AE38: NA | AF38: NA | AG38: NA | AH38: NA | AI38: NA | AJ38: NA | AK38: NA | AL38: NA
A39: 03962A08-B6B1-4187-A49B-5BB732482AB5 | B39: Documentation box | F39: 1.A.1.a.i Energy Industries\Public Electricity and Heat Production\Electricity Generation: Other fuels includes geothermal consumption and emissions. | G39: 1.A.1.a.i Energy Industries\Public Electricity and Heat Production\Electricity Generation: Other fuels includes geothermal consumption and emissions. | H39: 1.A.1.a.i Energy Industries\Public Electricity and Heat Production\Electricity Generation: Other fuels includes geothermal consumption and emissions. | I39: 1.A.1.a.i Energy Industries\Public Electricity and Heat Production\Electricity Generation: Other fuels includes geothermal consumption and emissions. | J39: 1.A.1.a.i Energy Industries\Public Electricity and Heat Production\Electricity Generation: Other fuels includes geothermal consumption and emissions. | K39: 1.A.1.a.i Energy Industries\Public Electricity and Heat Production\Electricity Generation: Other fuels includes geothermal consumption and emissions. | L39: 1.A.1.a.i Energy Industries\Public Electricity and Heat Production\Electricity Generation: Other fuels includes geothermal consumption and emissions. | M39: 1.A.1.a.i Energy Industries\Public Electricity and Heat Production\Electricity Generation: Other fuels includes geothermal consumption and emissions. | N39: 1.A.1.a.i Energy Industries\Public Electricity and Heat Production\Electricity Generation: Other fuels includes geothermal consumption and emissions. | O39: 1.A.1.a.i Energy Industries\Public Electricity and Heat Production\Electricity Generation: Other fuels includes geothermal consumption and emissions. | P39: 1.A.1.a.i Energy Industries\Public Electricity and Heat Production\Electricity Generation: Other fuels includes geothermal consumption and emissions. | Q39: 1.A.1.a.i Energy Industries\Public Electricity and Heat Production\Electricity Generation: Other fuels includes geothermal consumption and emissions. | R39: 1.A.1.a.i Energy Industries\Public Electricity and Heat Production\Electricity Generation: Other fuels includes geothermal consumption and emissions. | S39: 1.A.1.a.i Energy Industries\Public Electricity and Heat Production\Electricity Generation: Other fuels includes geothermal consumption and emissions. | T39: 1.A.1.a.i Energy Industries\Public Electricity and Heat Production\Electricity Generation: Other fuels includes geothermal consumption and emissions. | U39: 1.A.1.a.i Energy Industries\Public Electricity and Heat Production\Electricity Generation: Other fuels includes geothermal consumption and emissions. | V39: 1.A.1.a.i Energy Industries\Public Electricity and Heat Production\Electricity Generation: Other fuels includes geothermal consumption and emissions. | W39: 1.A.1.a.i Energy Industries\Public Electricity and Heat Production\Electricity Generation: Other fuels includes geothermal consumption and emissions. | X39: 1.A.1.a.i Energy Industries\Public Electricity and Heat Production\Electricity Generation: Other fuels includes geothermal consumption and emissions. | Y39: 1.A.1.a.i Energy Industries\Public Electricity and Heat Production\Electricity Generation: Other fuels includes geothermal consumption and emissions. | Z39: 1.A.1.a.i Energy Industries\Public Electricity and Heat Production\Electricity Generation: Other fuels includes geothermal consumption and emissions. | AA39: 1.A.1.a.i Energy Industries\Public Electricity and Heat Production\Electricity Generation: Other fuels includes geothermal consumption and emissions. | AB39: 1.A.1.a.i Energy Industries\Public Electricity and Heat Production\Electricity Generation: Other fuels includes geothermal consumption and emissions. | AC39: 1.A.1.a.i Energy Industries\Public Electricity and Heat Production\Electricity Generation: Other fuels includes geothermal consumption and emissions. | AD39: 1.A.1.a.i Energy Industries\Public Electricity and Heat Production\Electricity Generation: Other fuels includes geothermal consumption and emissions. | AE39: 1.A.1.a.i Energy Industries\Public Electricity and Heat Production\Electricity Generation: Other fuels includes geothermal consumption and emissions. | AF39: 1.A.1.a.i Energy Industries\Public Electricity and Heat Production\Electricity Generation: Other fuels includes geothermal consumption and emissions. | AG39: 1.A.1.a.i Energy Industries\Public Electricity and Heat Production\Electricity Generation: Other fuels includes geothermal consumption and emissions. | AH39: 1.A.1.a.i Energy Industries\Public Electricity and Heat Production\Electricity Generation: Other fuels includes geothermal consumption and emissions. | AI39: 1.A.1.a.i Energy Industries\Public Electricity and Heat Production\Electricity Generation: Other fuels includes geothermal consumption and emissions. | AJ39: 1.A.1.a.i Energy Industries\Public Electricity and Heat Production\Electricity Generation: Other fuels includes geothermal consumption and emissions. | AK39: 1.A.1.a.i Energy Industries\Public Electricity and Heat Production\Electricity Generation: Other fuels includes geothermal consumption and emissions. | AL39: 1.A.1.a.i Energy Industries\Public Electricity and Heat Production\Electricity Generation: Other fuels includes geothermal consumption and emissions.
A40: 1.AA.1.A.1.a.i Peat
A41: 162EBEF3-379B-409A-AFB3-D94B1AE203DD | B41: Fuel Consumption | E41: TJ | F41: NO | G41: NO | H41: NO | I41: NO | J41: NO | K41: NO | L41: NO | M41: NO | N41: NO | O41: NO | P41: NO | Q41: NO | R41: NO | S41: NO | T41: NO | U41: NO | V41: NO | W41: NO | X41: NO | Y41: NO | Z41: NO | AA41: NO | AB41: NO | AC41: NO | AD41: NO | AE41: NO | AF41: NO | AG41: NO | AH41: NO | AI41: NO | AJ41: NO | AK41: NO | AL41: NO
A42: 5EC58608-EE91-4DC0-AFA9-840B56D41802 | B42: Calorific value | F42: GCV | G42: GCV | H42: GCV | I42: GCV | J42: GCV | K42: GCV | L42: GCV | M42: GCV | N42: GCV | O42: GCV | P42: GCV | Q42: GCV | R42: GCV | S42: GCV | T42: GCV | U42: GCV | V42: GCV | W42: GCV | X42: GCV | Y42: GCV | Z42: GCV | AA42: GCV | AB42: GCV | AC42: GCV | AD42: GCV | AE42: GCV | AF42: GCV | AG42: GCV | AH42: GCV | AI42: GCV | AJ42: GCV | AK42: GCV | AL42: GCV
A43: CCA16091-DDBD-4BD3-BF2E-3A06A7CA12DB | B43: Emissions | D43: CO2 | E43: kt | F43: NO | G43: NO | H43: NO | I43: NO | J43: NO | K43: NO | L43: NO | M43: NO | N43: NO | O43: NO | P43: NO | Q43: NO | R43: NO | S43: NO | T43: NO | U43: NO | V43: NO | W43: NO | X43: NO | Y43: NO | Z43: NO | AA43: NO | AB43: NO | AC43: NO | AD43: NO | AE43: NO | AF43: NO | AG43: NO | AH43: NO | AI43: NO | AJ43: NO | AK43: NO | AL43: NO
A44: DC0206BD-D9B0-4D94-AE12-36990568E589 | B44: Amount captured | D44: CO2 | E44: kt | F44: NO | G44: NO | H44: NO | I44: NO | J44: NO | K44: NO | L44: NO | M44: NO | N44: NO | O44: NO | P44: NO | Q44: NO | R44: NO | S44: NO | T44: NO | U44: NO | V44: NO | W44: NO | X44: NO | Y44: NO | Z44: NO | AA44: NO | AB44: NO | AC44: NO | AD44: NO | AE44: NO | AF44: NO | AG44: NO | AH44: NO | AI44: NO | AJ44: NO | AK44: NO | AL44: NO
A45: 4BBEA713-295E-413C-AB31-23D4549E3F86 | B45: Documentation box
A46: 1.AA.1.A.1.a.ii Energy Industries: CHP
A47: 1.AA.1.A.1.a.ii Liquid Fuels
A48: 82CDDAC0-E2C8-497B-AE59-954FC1AA0B61 | B48: Fuel Consumption | E48: TJ | F48: IE | G48: IE | H48: IE | I48: IE | J48: IE | K48: IE | L48: IE | M48: IE | N48: IE | O48: IE | P48: IE | Q48: IE | R48: IE | S48: IE | T48: IE | U48: IE | V48: IE | W48: IE | X48: IE | Y48: IE | Z48: IE | AA48: IE | AB48: IE | AC48: IE | AD48: IE | AE48: IE | AF48: IE | AG48: IE | AH48: IE | AI48: IE | AJ48: IE | AK48: IE | AL48: IE | AM48: Data are not available to estimate fuel consumption separately from that included in 1.A.1.a.i
A49: FA575302-6013-4621-94DA-CE2B9E22CBEC | B49: Calorific value | F49: GCV | G49: GCV | H49: GCV | I49: GCV | J49: GCV | K49: GCV | L49: GCV | M49: GCV | N49: GCV | O49: GCV | P49: GCV | Q49: GCV | R49: GCV | S49: GCV | T49: GCV | U49: GCV | V49: GCV | W49: GCV | X49: GCV | Y49: GCV | Z49: GCV | AA49: GCV | AB49: GCV | AC49: GCV | AD49: GCV | AE49: GCV | AF49: GCV | AG49: GCV | AH49: GCV | AI49: GCV | AJ49: GCV | AK49: GCV | AL49: GCV
A50: AEC33B13-BB3A-4E5B-A4F2-B0E9E7562B32 | B50: Emissions | D50: CO2 | E50: kt | F50: IE | G50: IE | H50: IE | I50: IE | J50: IE | K50: IE | L50: IE | M50: IE | N50: IE | O50: IE | P50: IE | Q50: IE | R50: IE | S50: IE | T50: IE | U50: IE | V50: IE | W50: IE | X50: IE | Y50: IE | Z50: IE | AA50: IE | AB50: IE | AC50: IE | AD50: IE | AE50: IE | AF50: IE | AG50: IE | AH50: IE | AI50: IE | AJ50: IE | AK50: IE | AL50: IE | AM50: Data are not available to estimate fuel consumption separately from that included in 1.A.1.a.i
A51: 140CC8E6-D904-41E0-AEF7-DDCCB187EA60 | B51: Amount captured | D51: CO2 | E51: kt | F51: NA | G51: NA | H51: NA | I51: NA | J51: NA | K51: NA | L51: NA | M51: NA | N51: NA | O51: NA | P51: NA | Q51: NA | R51: NA | S51: NA | T51: NA | U51: NA | V51: NA | W51: NA | X51: NA | Y51: NA | Z51: NA | AA51: NA | AB51: NA | AC51: NA | AD51: NA | AE51: NA | AF51: NA | AG51: NA | AH51: NA | AI51: NA | AJ51: NA | AK51: NA | AL51: NA
A52: 1F912532-3810-4FAE-A4E2-A9C467BD9DB1 | B52: Documentation box
A53: 1.AA.1.A.1.a.ii Solid Fuels
A54: 9073CD26-30DB-4F5B-BEFE-AB9F1804A456 | B54: Fuel Consumption | E54: TJ | F54: IE | G54: IE | H54: IE | I54: IE | J54: IE | K54: IE | L54: IE | M54: IE | N54: IE | O54: IE | P54: IE | Q54: IE | R54: IE | S54: IE | T54: IE | U54: IE | V54: IE | W54: IE | X54: IE | Y54: IE | Z54: IE | AA54: IE | AB54: IE | AC54: IE | AD54: IE | AE54: IE | AF54: IE | AG54: IE | AH54: IE | AI54: IE | AJ54: IE | AK54: IE | AL54: IE | AM54: Data are not available to estimate fuel consumption separately from that included in 1.A.1.a.i
A55: F4AF9CFA-A514-4278-981C-09FD4E0D07FB | B55: Calorific value | F55: GCV | G55: GCV | H55: GCV | I55: GCV | J55: GCV | K55: GCV | L55: GCV | M55: GCV | N55: GCV | O55: GCV | P55: GCV | Q55: GCV | R55: GCV | S55: GCV | T55: GCV | U55: GCV | V55: GCV | W55: GCV | X55: GCV | Y55: GCV | Z55: GCV | AA55: GCV | AB55: GCV | AC55: GCV | AD55: GCV | AE55: GCV | AF55: GCV | AG55: GCV | AH55: GCV | AI55: GCV | AJ55: GCV | AK55: GCV | AL55: GCV
A56: AC30F8B0-3952-41C4-94A8-1B95B4683111 | B56: Emissions | D56: CO2 | E56: kt | F56: IE | G56: IE | H56: IE | I56: IE | J56: IE | K56: IE | L56: IE | M56: IE | N56: IE | O56: IE | P56: IE | Q56: IE | R56: IE | S56: IE | T56: IE | U56: IE | V56: IE | W56: IE | X56: IE | Y56: IE | Z56: IE | AA56: IE | AB56: IE | AC56: IE | AD56: IE | AE56: IE | AF56: IE | AG56: IE | AH56: IE | AI56: IE | AJ56: IE | AK56: IE | AL56: IE | AM56: Data are not available to estimate fuel consumption separately from that included in 1.A.1.a.i
A57: F9FF7052-32DE-461E-BF1C-3D3E39C55B7F | B57: Amount captured | D57: CO2 | E57: kt | F57: NA | G57: NA | H57: NA | I57: NA | J57: NA | K57: NA | L57: NA | M57: NA | N57: NA | O57: NA | P57: NA | Q57: NA | R57: NA | S57: NA | T57: NA | U57: NA | V57: NA | W57: NA | X57: NA | Y57: NA | Z57: NA | AA57: NA | AB57: NA | AC57: NA | AD57: NA | AE57: NA | AF57: NA | AG57: NA | AH57: NA | AI57: NA | AJ57: NA | AK57: NA | AL57: NA
A58: A9B4D4D0-6133-4803-B1A7-D33A854B5480 | B58: Documentation box
A59: 1.AA.1.A.1.a.ii Gaseous Fuels
A60: B93B2D91-13DE-42DD-9B15-4DC8A7868150 | B60: Fuel Consumption | E60: TJ | F60: IE | G60: IE | H60: IE | I60: IE | J60: IE | K60: IE | L60: IE | M60: IE | N60: IE | O60: IE | P60: IE | Q60: IE | R60: IE | S60: IE | T60: IE | U60: IE | V60: IE | W60: IE | X60: IE | Y60: IE | Z60: IE | AA60: IE | AB60: IE | AC60: IE | AD60: IE | AE60: IE | AF60: IE | AG60: IE | AH60: IE | AI60: IE | AJ60: IE | AK60: IE | AL60: IE | AM60: Data are not available to estimate fuel consumption separately from that included in 1.A.1.a.i
A61: 1B715162-4C9F-41D4-8CE0-CF4DE5995FA3 | B61: Calorific value | F61: GCV | G61: GCV | H61: GCV | I61: GCV | J61: GCV | K61: GCV | L61: GCV | M61: GCV | N61: GCV | O61: GCV | P61: GCV | Q61: GCV | R61: GCV | S61: GCV | T61: GCV | U61: GCV | V61: GCV | W61: GCV | X61: GCV | Y61: GCV | Z61: GCV | AA61: GCV | AB61: GCV | AC61: GCV | AD61: GCV | AE61: GCV | AF61: GCV | AG61: GCV | AH61: GCV | AI61: GCV | AJ61: GCV | AK61: GCV | AL61: GCV
A62: 7CBE1856-EC55-46A9-8373-329DF40D85F9 | B62: Emissions | D62: CO2 | E62: kt | F62: IE | G62: IE | H62: IE | I62: IE | J62: IE | K62: IE | L62: IE | M62: IE | N62: IE | O62: IE | P62: IE | Q62: IE | R62: IE | S62: IE | T62: IE | U62: IE | V62: IE | W62: IE | X62: IE | Y62: IE | Z62: IE | AA62: IE | AB62: IE | AC62: IE | AD62: IE | AE62: IE | AF62: IE | AG62: IE | AH62: IE | AI62: IE | AJ62: IE | AK62: IE | AL62: IE | AM62: Data are not available to estimate fuel consumption separately from that included in 1.A.1.a.i
A63: 276121CE-95A7-41A9-9967-3A838808E431 | B63: Amount captured | D63: CO2 | E63: kt | F63: NA | G63: NA | H63: NA | I63: NA | J63: NA | K63: NA | L63: NA | M63: NA | N63: NA | O63: NA | P63: NA | Q63: NA | R63: NA | S63: NA | T63: NA | U63: NA | V63: NA | W63: NA | X63: NA | Y63: NA | Z63: NA | AA63: NA | AB63: NA | AC63: NA | AD63: NA | AE63: NA | AF63: NA | AG63: NA | AH63: NA | AI63: NA | AJ63: NA | AK63: NA | AL63: NA
A64: B2924601-8C16-49B9-B668-E0013959E699 | B64: Documentation box
A65: 1.AA.1.A.1.a.ii Other Fossil Fuels
A66: DA963C4A-7643-4449-A636-2ABE55B049D6 | B66: Fuel Consumption | E66: TJ | F66: IE | G66: IE | H66: IE | I66: IE | J66: IE | K66: IE | L66: IE | M66: IE | N66: IE | O66: IE | P66: IE | Q66: IE | R66: IE | S66: IE | T66: IE | U66: IE | V66: IE | W66: IE | X66: IE | Y66: IE | Z66: IE | AA66: IE | AB66: IE | AC66: IE | AD66: IE | AE66: IE | AF66: IE | AG66: IE | AH66: IE | AI66: IE | AJ66: IE | AK66: IE | AL66: IE | AM66: Data are not available to estimate fuel consumption separately from that included in 1.A.1.a.i
A67: 63EAB426-C2AA-4949-9E17-6C068E6E4CDC | B67: Calorific value | F67: GCV | G67: GCV | H67: GCV | I67: GCV | J67: GCV | K67: GCV | L67: GCV | M67: GCV | N67: GCV | O67: GCV | P67: GCV | Q67: GCV | R67: GCV | S67: GCV | T67: GCV | U67: GCV | V67: GCV | W67: GCV | X67: GCV | Y67: GCV | Z67: GCV | AA67: GCV | AB67: GCV | AC67: GCV | AD67: GCV | AE67: GCV | AF67: GCV | AG67: GCV | AH67: GCV | AI67: GCV | AJ67: GCV | AK67: GCV | AL67: GCV
A68: F98F8E1D-B324-409B-BAAB-E432B2F48CD2 | B68: Emissions | D68: CO2 | E68: kt | F68: IE | G68: IE | H68: IE | I68: IE | J68: IE | K68: IE | L68: IE | M68: IE | N68: IE | O68: IE | P68: IE | Q68: IE | R68: IE | S68: IE | T68: IE | U68: IE | V68: IE | W68: IE | X68: IE | Y68: IE | Z68: IE | AA68: IE | AB68: IE | AC68: IE | AD68: IE | AE68: IE | AF68: IE | AG68: IE | AH68: IE | AI68: IE | AJ68: IE | AK68: IE | AL68: IE | AM68: Data are not available to estimate fuel consumption separately from that included in 1.A.1.a.i
A69: E9555A4D-EAD3-4A34-88E2-5B3433C687C1 | B69: Amount captured | D69: CO2 | E69: kt | F69: NA | G69: NA | H69: NA | I69: NA | J69: NA | K69: NA | L69: NA | M69: NA | N69: NA | O69: NA | P69: NA | Q69: NA | R69: NA | S69: NA | T69: NA | U69: NA | V69: NA | W69: NA | X69: NA | Y69: NA | Z69: NA | AA69: NA | AB69: NA | AC69: NA | AD69: NA | AE69: NA | AF69: NA | AG69: NA | AH69: NA | AI69: NA | AJ69: NA | AK69: NA | AL69: NA
A70: 9904417C-6E3D-47C5-A5D3-2D2B1850D921 | B70: Documentation box
A71: 1.AA.1.A.1.a.ii Peat
A72: E8B12F8D-96BC-43B7-9474-8940DD248A95 | B72: Fuel Consumption | E72: TJ | F72: NO | G72: NO | H72: NO | I72: NO | J72: NO | K72: NO | L72: NO | M72: NO | N72: NO | O72: NO | P72: NO | Q72: NO | R72: NO | S72: NO | T72: NO | U72: NO | V72: NO | W72: NO | X72: NO | Y72: NO | Z72: NO | AA72: NO | AB72: NO | AC72: NO | AD72: NO | AE72: NO | AF72: NO | AG72: NO | AH72: NO | AI72: NO | AJ72: NO | AK72: NO | AL72: NO | AM72: Data are not available to estimate fuel consumption separately from that included in 1.A.1.a.i
A73: FC31C7F3-8A38-4374-92A4-550AC04EB4A1 | B73: Calorific value | F73: GCV | G73: GCV | H73: GCV | I73: GCV | J73: GCV | K73: GCV | L73: GCV | M73: GCV | N73: GCV | O73: GCV | P73: GCV | Q73: GCV | R73: GCV | S73: GCV | T73: GCV | U73: GCV | V73: GCV | W73: GCV | X73: GCV | Y73: GCV | Z73: GCV | AA73: GCV | AB73: GCV | AC73: GCV | AD73: GCV | AE73: GCV | AF73: GCV | AG73: GCV | AH73: GCV | AI73: GCV | AJ73: GCV | AK73: GCV | AL73: GCV
A74: F7B646A8-9A3C-45AB-8FA3-BBA75724F507 | B74: Emissions | D74: CO2 | E74: kt | F74: NO | G74: NO | H74: NO | I74: NO | J74: NO | K74: NO | L74: NO | M74: NO | N74: NO | O74: NO | P74: NO | Q74: NO | R74: NO | S74: NO | T74: NO | U74: NO | V74: NO | W74: NO | X74: NO | Y74: NO | Z74: NO | AA74: NO | AB74: NO | AC74: NO | AD74: NO | AE74: NO | AF74: NO | AG74: NO | AH74: NO | AI74: NO | AJ74: NO | AK74: NO | AL74: NO | AM74: Data are not available to estimate fuel consumption separately from that included in 1.A.1.a.i
A75: 674FCA89-3199-4239-83D0-74E8703E03CC | B75: Amount captured | D75: CO2 | E75: kt | F75: NO | G75: NO | H75: NO | I75: NO | J75: NO | K75: NO | L75: NO | M75: NO | N75: NO | O75: NO | P75: NO | Q75: NO | R75: NO | S75: NO | T75: NO | U75: NO | V75: NO | W75: NO | X75: NO | Y75: NO | Z75: NO | AA75: NO | AB75: NO | AC75: NO | AD75: NO | AE75: NO | AF75: NO | AG75: NO | AH75: NO | AI75: NO | AJ75: NO | AK75: NO | AL75: NO
A76: 14BE05FE-18E6-4726-A8B3-21B7F350FFDE | B76: Documentation box
A77: 1.AA.1.A.1.a.iii Energy Industries: Heat Plants
A78: 1.AA.1.A.1.a.iii Liquid Fuels
A79: E15DC2EE-F92E-4100-A866-BD79C38A5ED3 | B79: Fuel Consumption | E79: TJ | F79: IE | G79: IE | H79: IE | I79: IE | J79: IE | K79: IE | L79: IE | M79: IE | N79: IE | O79: IE | P79: IE | Q79: IE | R79: IE | S79: IE | T79: IE | U79: IE | V79: IE | W79: IE | X79: IE | Y79: IE | Z79: IE | AA79: IE | AB79: IE | AC79: IE | AD79: IE | AE79: IE | AF79: IE | AG79: IE | AH79: IE | AI79: IE | AJ79: IE | AK79: IE | AL79: IE | AM79: Data are not available to estimate fuel consumption separately from that included in 1.A.1.a.i
A80: 8F879605-42E8-45D6-9630-323C5F7ED3B1 | B80: Calorific value | F80: GCV | G80: GCV | H80: GCV | I80: GCV | J80: GCV | K80: GCV | L80: GCV | M80: GCV | N80: GCV | O80: GCV | P80: GCV | Q80: GCV | R80: GCV | S80: GCV | T80: GCV | U80: GCV | V80: GCV | W80: GCV | X80: GCV | Y80: GCV | Z80: GCV | AA80: GCV | AB80: GCV | AC80: GCV | AD80: GCV | AE80: GCV | AF80: GCV | AG80: GCV | AH80: GCV | AI80: GCV | AJ80: GCV | AK80: GCV | AL80: GCV
A81: 5E50DBCE-6FFA-4527-AAE5-411E4FE79731 | B81: Emissions | D81: CO2 | E81: kt | F81: IE | G81: IE | H81: IE | I81: IE | J81: IE | K81: IE | L81: IE | M81: IE | N81: IE | O81: IE | P81: IE | Q81: IE | R81: IE | S81: IE | T81: IE | U81: IE | V81: IE | W81: IE | X81: IE | Y81: IE | Z81: IE | AA81: IE | AB81: IE | AC81: IE | AD81: IE | AE81: IE | AF81: IE | AG81: IE | AH81: IE | AI81: IE | AJ81: IE | AK81: IE | AL81: IE | AM81: Data are not available to estimate fuel consumption separately from that included in 1.A.1.a.i
A82: B80D40FB-BB59-4E52-8A9F-D77ADAA258B7 | B82: Amount captured | D82: CO2 | E82: kt | F82: NA | G82: NA | H82: NA | I82: NA | J82: NA | K82: NA | L82: NA | M82: NA | N82: NA | O82: NA | P82: NA | Q82: NA | R82: NA | S82: NA | T82: NA | U82: NA | V82: NA | W82: NA | X82: NA | Y82: NA | Z82: NA | AA82: NA | AB82: NA | AC82: NA | AD82: NA | AE82: NA | AF82: NA | AG82: NA | AH82: NA | AI82: NA | AJ82: NA | AK82: NA | AL82: NA
A83: D797CA27-3425-4BA9-B8F1-9ADDC8B499C1 | B83: Documentation box
A84: 1.AA.1.A.1.a.iii Solid Fuels
A85: 5D91C672-AC39-4129-B572-F47AD3090902 | B85: Fuel Consumption | E85: TJ | F85: IE | G85: IE | H85: IE | I85: IE | J85: IE | K85: IE | L85: IE | M85: IE | N85: IE | O85: IE | P85: IE | Q85: IE | R85: IE | S85: IE | T85: IE | U85: IE | V85: IE | W85: IE | X85: IE | Y85: IE | Z85: IE | AA85: IE | AB85: IE | AC85: IE | AD85: IE | AE85: IE | AF85: IE | AG85: IE | AH85: IE | AI85: IE | AJ85: IE | AK85: IE | AL85: IE | AM85: Data are not available to estimate fuel consumption separately from that included in 1.A.1.a.i
A86: 77636C3A-03A3-4C3A-BE4A-6C0D811DDAE0 | B86: Calorific value | F86: GCV | G86: GCV | H86: GCV | I86: GCV | J86: GCV | K86: GCV | L86: GCV | M86: GCV | N86: GCV | O86: GCV | P86: GCV | Q86: GCV | R86: GCV | S86: GCV | T86: GCV | U86: GCV | V86: GCV | W86: GCV | X86: GCV | Y86: GCV | Z86: GCV | AA86: GCV | AB86: GCV | AC86: GCV | AD86: GCV | AE86: GCV | AF86: GCV | AG86: GCV | AH86: GCV | AI86: GCV | AJ86: GCV | AK86: GCV | AL86: GCV
A87: 6013EB18-6A68-412A-8903-870DF1BD712B | B87: Emissions | D87: CO2 | E87: kt | F87: IE | G87: IE | H87: IE | I87: IE | J87: IE | K87: IE | L87: IE | M87: IE | N87: IE | O87: IE | P87: IE | Q87: IE | R87: IE | S87: IE | T87: IE | U87: IE | V87: IE | W87: IE | X87: IE | Y87: IE | Z87: IE | AA87: IE | AB87: IE | AC87: IE | AD87: IE | AE87: IE | AF87: IE | AG87: IE | AH87: IE | AI87: IE | AJ87: IE | AK87: IE | AL87: IE | AM87: Data are not available to estimate fuel consumption separately from that included in 1.A.1.a.i
A88: 733E56CE-0E4D-425A-99F7-131B41714287 | B88: Amount captured | D88: CO2 | E88: kt | F88: NA | G88: NA | H88: NA | I88: NA | J88: NA | K88: NA | L88: NA | M88: NA | N88: NA | O88: NA | P88: NA | Q88: NA | R88: NA | S88: NA | T88: NA | U88: NA | V88: NA | W88: NA | X88: NA | Y88: NA | Z88: NA | AA88: NA | AB88: NA | AC88: NA | AD88: NA | AE88: NA | AF88: NA | AG88: NA | AH88: NA | AI88: NA | AJ88: NA | AK88: NA | AL88: NA
A89: 86A1D1D9-35B4-4859-9FA8-20A84D540A9D | B89: Documentation box
A90: 1.AA.1.A.1.a.iii Gaseous Fuels
A91: 9C369625-0E2A-4712-8101-C80D037EF9C0 | B91: Fuel Consumption | E91: TJ | F91: IE | G91: IE | H91: IE | I91: IE | J91: IE | K91: IE | L91: IE | M91: IE | N91: IE | O91: IE | P91: IE | Q91: IE | R91: IE | S91: IE | T91: IE | U91: IE | V91: IE | W91: IE | X91: IE | Y91: IE | Z91: IE | AA91: IE | AB91: IE | AC91: IE | AD91: IE | AE91: IE | AF91: IE | AG91: IE | AH91: IE | AI91: IE | AJ91: IE | AK91: IE | AL91: IE | AM91: Data are not available to estimate fuel consumption separately from that included in 1.A.1.a.i
A92: 699EFD48-177E-4535-BA02-5F3DFCE5D15B | B92: Calorific value | F92: GCV | G92: GCV | H92: GCV | I92: GCV | J92: GCV | K92: GCV | L92: GCV | M92: GCV | N92: GCV | O92: GCV | P92: GCV | Q92: GCV | R92: GCV | S92: GCV | T92: GCV | U92: GCV | V92: GCV | W92: GCV | X92: GCV | Y92: GCV | Z92: GCV | AA92: GCV | AB92: GCV | AC92: GCV | AD92: GCV | AE92: GCV | AF92: GCV | AG92: GCV | AH92: GCV | AI92: GCV | AJ92: GCV | AK92: GCV | AL92: GCV
A93: C6FACDE0-1D16-4CD3-B1B8-EF011A6661AD | B93: Emissions | D93: CO2 | E93: kt | F93: IE | G93: IE | H93: IE | I93: IE | J93: IE | K93: IE | L93: IE | M93: IE | N93: IE | O93: IE | P93: IE | Q93: IE | R93: IE | S93: IE | T93: IE | U93: IE | V93: IE | W93: IE | X93: IE | Y93: IE | Z93: IE | AA93: IE | AB93: IE | AC93: IE | AD93: IE | AE93: IE | AF93: IE | AG93: IE | AH93: IE | AI93: IE | AJ93: IE | AK93: IE | AL93: IE | AM93: Data are not available to estimate fuel consumption separately from that included in 1.A.1.a.i
A94: D2CF6B24-8A17-460E-89C3-3DF195B971FB | B94: Amount captured | D94: CO2 | E94: kt | F94: NA | G94: NA | H94: NA | I94: NA | J94: NA | K94: NA | L94: NA | M94: NA | N94: NA | O94: NA | P94: NA | Q94: NA | R94: NA | S94: NA | T94: NA | U94: NA | V94: NA | W94: NA | X94: NA | Y94: NA | Z94: NA | AA94: NA | AB94: NA | AC94: NA | AD94: NA | AE94: NA | AF94: NA | AG94: NA | AH94: NA | AI94: NA | AJ94: NA | AK94: NA | AL94: NA
A95: F6B52649-E664-4545-BC79-F8641C626846 | B95: Documentation box
A96: 1.AA.1.A.1.a.iii Other Fossil Fuels
A97: FF4E8F49-2F7D-443A-8BDB-D05D26E51CA9 | B97: Fuel Consumption | E97: TJ | F97: IE | G97: IE | H97: IE | I97: IE | J97: IE | K97: IE | L97: IE | M97: IE | N97: IE | O97: IE | P97: IE | Q97: IE | R97: IE | S97: IE | T97: IE | U97: IE | V97: IE | W97: IE | X97: IE | Y97: IE | Z97: IE | AA97: IE | AB97: IE | AC97: IE | AD97: IE | AE97: IE | AF97: IE | AG97: IE | AH97: IE | AI97: IE | AJ97: IE | AK97: IE | AL97: IE | AM97: Data are not available to estimate fuel consumption separately from that included in 1.A.1.a.i
A98: 8B23C399-44EC-4FC0-8EAE-A2D3B8F68E0C | B98: Calorific value | F98: GCV | G98: GCV | H98: GCV | I98: GCV | J98: GCV | K98: GCV | L98: GCV | M98: GCV | N98: GCV | O98: GCV | P98: GCV | Q98: GCV | R98: GCV | S98: GCV | T98: GCV | U98: GCV | V98: GCV | W98: GCV | X98: GCV | Y98: GCV | Z98: GCV | AA98: GCV | AB98: GCV | AC98: GCV | AD98: GCV | AE98: GCV | AF98: GCV | AG98: GCV | AH98: GCV | AI98: GCV | AJ98: GCV | AK98: GCV | AL98: GCV
A99: F70082E8-832B-4168-A706-A8555896EA62 | B99: Emissions | D99: CO2 | E99: kt | F99: IE | G99: IE | H99: IE | I99: IE | J99: IE | K99: IE | L99: IE | M99: IE | N99: IE | O99: IE | P99: IE | Q99: IE | R99: IE | S99: IE | T99: IE | U99: IE | V99: IE | W99: IE | X99: IE | Y99: IE | Z99: IE | AA99: IE | AB99: IE | AC99: IE | AD99: IE | AE99: IE | AF99: IE | AG99: IE | AH99: IE | AI99: IE | AJ99: IE | AK99: IE | AL99: IE | AM99: Data are not available to estimate fuel consumption separately from that included in 1.A.1.a.i
A100: B88FC69A-4373-488C-8D69-20B3B7A53CF9 | B100: Amount captured | D100: CO2 | E100: kt | F100: NA | G100: NA | H100: NA | I100: NA | J100: NA | K100: NA | L100: NA | M100: NA | N100: NA | O100: NA | P100: NA | Q100: NA | R100: NA | S100: NA | T100: NA | U100: NA | V100: NA | W100: NA | X100: NA | Y100: NA | Z100: NA | AA100: NA | AB100: NA | AC100: NA | AD100: NA | AE100: NA | AF100: NA | AG100: NA | AH100: NA | AI100: NA | AJ100: NA | AK100: NA | AL100: NA
A101: 190113B9-D314-4192-AD4F-306B7D61D2B5 | B101: Documentation box
A102: 1.AA.1.A.1.a.iii Peat
A103: 0FA3BA98-F038-4159-B64C-54EBA9565EE4 | B103: Fuel Consumption | E103: TJ | F103: NO | G103: NO | H103: NO | I103: NO | J103: NO | K103: NO | L103: NO | M103: NO | N103: NO | O103: NO | P103: NO | Q103: NO | R103: NO | S103: NO | T103: NO | U103: NO | V103: NO | W103: NO | X103: NO | Y103: NO | Z103: NO | AA103: NO | AB103: NO | AC103: NO | AD103: NO | AE103: NO | AF103: NO | AG103: NO | AH103: NO | AI103: NO | AJ103: NO | AK103: NO | AL103: NO | AM103: Data are not available to estimate fuel consumption separately from that included in 1.A.1.a.i
A104: 95DADC15-EA9D-423D-A902-78521D47B3D6 | B104: Calorific value | F104: GCV | G104: GCV | H104: GCV | I104: GCV | J104: GCV | K104: GCV | L104: GCV | M104: GCV | N104: GCV | O104: GCV | P104: GCV | Q104: GCV | R104: GCV | S104: GCV | T104: GCV | U104: GCV | V104: GCV | W104: GCV | X104: GCV | Y104: GCV | Z104: GCV | AA104: GCV | AB104: GCV | AC104: GCV | AD104: GCV | AE104: GCV | AF104: GCV | AG104: GCV | AH104: GCV | AI104: GCV | AJ104: GCV | AK104: GCV | AL104: GCV
A105: 0AF2A65A-4B0B-47C9-9CD7-5EA282ECDD21 | B105: Emissions | D105: CO2 | E105: kt | F105: NO | G105: NO | H105: NO | I105: NO | J105: NO | K105: NO | L105: NO | M105: NO | N105: NO | O105: NO | P105: NO | Q105: NO | R105: NO | S105: NO | T105: NO | U105: NO | V105: NO | W105: NO | X105: NO | Y105: NO | Z105: NO | AA105: NO | AB105: NO | AC105: NO | AD105: NO | AE105: NO | AF105: NO | AG105: NO | AH105: NO | AI105: NO | AJ105: NO | AK105: NO | AL105: NO | AM105: Data are not available to estimate fuel consumption separately from that included in 1.A.1.a.i
...

Sheet InvDB
A1: Inventory Database Input Template
A3: Unified InvDB Template Instructions: | J3: Conversion Factors
A4: Columns starting with 1990 (e.g. U) thru latest year should reflect annual GHG estimates for 1990 through the current year. Please correct underlying formulas if source data cells were shifted from previous cycles. If revisions to the sector, subsector, etc. columns are needed, or additional rows are needed please contact desai.mausami@epa.gov to ensure InvDB reference data is updated accordingly. Use notation keys in data cells where the GHG estimate is not a true zero, e.g., IE (Included Elsewhere); NO (Not Occuring); NE (Not Estimated), etc. as applied for reporting data in the UN common reporting tables. | J4: KT per Tg | K4: 1000
J5: Neg | K5: -1
J6: as needed
A8: Source/Sink Category | C8: CO2 From Fossil Fuel Combustion
A9: Author Name | C9: Vincent Camobreco
A10: Author Email | C10: Camobreco.Vincent@EPA.gov
A11: Publication Year | C11: 2024
A12: Notes
BB14: Note: Y2023 - Y2030 columns will not be active in Publication Year 2024 but should not be used
A16: Data Type | B16: Sector | C16: Subsector | D16: Category | E16: Subcategory1 | F16: Subcategory2 | G16: Subcategory3 | H16: Subcategory4 | I16: Subcategory5 | J16: Carbon Pool | K16: Fuel1 | L16: Fuel2 | M16: GeoRef | N16: Exclude | O16: CRT Code | P16: ID | Q16: Sensitive (Y or N) | R16: Units | S16: GHG | T16: GWP | U16: 1990 | V16: 1991 | W16: 1992 | X16: 1993 | Y16: 1994 | Z16: 1995 | AA16: 1996 | AB16: 1997 | AC16: 1998 | AD16: 1999 | AE16: 2000 | AF16: 2001 | AG16: 2002 | AH16: 2003 | AI16: 2004 | AJ16: 2005 | AK16: 2006 | AL16: 2007 | AM16: 2008 | AN16: 2009 | AO16: 2010 | AP16: 2011 | AQ16: 2012 | AR16: 2013 | AS16: 2014 | AT16: 2015 | AU16: 2016 | AV16: 2017 | AW16: 2018 | AX16: 2019 | AY16: 2020 | AZ16: 2021 | BA16: 2022 | BB16: 2023 | BC16: 2024 | BD16: 2025 | BE16: 2026 | BF16: 2027 | BG16: 2028 | BH16: 2029 | BI16: 2030
A17: GHG | B17: Energy | C17: Fossil Fuel Combustion | D17: Residential | K17: Coal | M17: National | O17: 1.A.4.b. Residential | R17: Tg | S17: CO2 | T17: 1 | U17: =('Summary Table'!C8) -> 2.9876953 | V17: =('Summary Table'!D8) -> 2.4418666 | W17: =('Summary Table'!E8) -> 2.4754382 | X17: =('Summary Table'!F8) -> 2.4697528 | Y17: =('Summary Table'!G8) -> 1.9941821 | Z17: =('Summary Table'!H8) -> 1.6716718 | AA17: =('Summary Table'!I8) -> 1.5825802 | AB17: =('Summary Table'!J8) -> 1.5181716 | ... BA17: =('Summary Table'!AI8) -> 0
A18: GHG | B18: Energy | C18: Fossil Fuel Combustion | D18: Residential | K18: Natural Gas | M18: National | O18: 1.A.4.b. Residential | R18: Tg | S18: CO2 | T18: 1 | U18: =('Summary Table'!C15) -> 237.79751 | V18: =('Summary Table'!D15) -> 247.31637 | W18: =('Summary Table'!E15) -> 254.59498 | X18: =('Summary Table'!F15) -> 268.22933 | Y18: =('Summary Table'!G15) -> 262.94356 | Z18: =('Summary Table'!H15) -> 262.76571 | AA18: =('Summary Table'!I15) -> 283.99195 | AB18: =('Summary Table'!J15) -> 270.12382 | ... BA18: =('Summary Table'!AI15) -> 271.98682
A19: GHG | B19: Energy | C19: Fossil Fuel Combustion | D19: Residential | K19: Petroleum | M19: National | O19: 1.A.4.b. Residential | R19: Tg | S19: CO2 | T19: 1 | U19: =('Summary Table'!C22) -> 97.782412 | V19: =('Summary Table'!D22) -> 97.95217 | W19: =('Summary Table'!E22) -> 96.897398 | X19: =('Summary Table'!F22) -> 95.382683 | Y19: =('Summary Table'!G22) -> 92.10948 | Z19: =('Summary Table'!H22) -> 88.696195 | AA19: =('Summary Table'!I22) -> 97.899891 | AB19: =('Summary Table'!J22) -> 93.391359 | ... BA19: =('Summary Table'!AI22) -> 61.113012
A20: GHG | B20: Energy | C20: Fossil Fuel Combustion | D20: Commercial | K20: Coal | M20: National | O20: 1.A.4.a. Commercial/institutional | R20: Tg | S20: CO2 | T20: 1 | U20: =('Summary Table'!C9) -> 11.950781 | V20: =('Summary Table'!D9) -> 11.123952 | W20: =('Summary Table'!E9) -> 11.276792 | X20: =('Summary Table'!F9) -> 11.251192 | Y20: =('Summary Table'!G9) -> 11.30011 | Z20: =('Summary Table'!H9) -> 11.187394 | AA20: =('Summary Table'!I9) -> 11.605302 | AB20: =('Summary Table'!J9) -> 12.2835 | ... BA20: =('Summary Table'!AI9) -> 1.3881297
A21: GHG | B21: Energy | C21: Fossil Fuel Combustion | D21: Commercial | K21: Natural Gas | M21: National | O21: 1.A.4.a. Commercial/institutional | R21: Tg | S21: CO2 | T21: 1 | U21: =('Summary Table'!C16) -> 142.02474 | V21: =('Summary Table'!D16) -> 148.12843 | W21: =('Summary Table'!E16) -> 152.14428 | X21: =('Summary Table'!F16) -> 154.86031 | Y21: =('Summary Table'!G16) -> 157.02801 | Z21: =('Summary Table'!H16) -> 164.20846 | AA21: =('Summary Table'!I16) -> 171.12094 | AB21: =('Summary Table'!J16) -> 174.2504 | ... BA21: =('Summary Table'!AI16) -> 192.26242
A22: GHG | B22: Energy | C22: Fossil Fuel Combustion | D22: Commercial | K22: Petroleum | M22: National | O22: 1.A.4.a. Commercial/institutional | R22: Tg | S22: CO2 | T22: 1 | U22: =('Summary Table'!C23) -> 74.317009 | V22: =('Summary Table'!D23) -> 73.407834 | W22: =('Summary Table'!E23) -> 64.61673 | X22: =('Summary Table'!F23) -> 56.873975 | Y22: =('Summary Table'!G23) -> 56.369485 | Z22: =('Summary Table'!H23) -> 52.39124 | AA22: =('Summary Table'!I23) -> 54.832061 | AB22: =('Summary Table'!J23) -> 51.284956 | ... BA22: =('Summary Table'!AI23) -> 51.063465
A23: GHG | B23: Energy | C23: Fossil Fuel Combustion | D23: Industrial | K23: Coal | M23: National | O23: 1.A.2. Manufacturing industries and construction | R23: Tg | S23: CO2 | T23: 1 | U23: =('Summary Table'!C10) -> 157.83904 | V23: =('Summary Table'!D10) -> 154.63822 | W23: =('Summary Table'!E10) -> 150.27496 | X23: =('Summary Table'!F10) -> 152.54779 | Y23: =('Summary Table'!G10) -> 153.46903 | Z23: =('Summary Table'!H10) -> 147.21569 | AA23: =('Summary Table'!I10) -> 140.08938 | AB23: =('Summary Table'!J10) -> 140.23965 | ... BA23: =('Summary Table'!AI10) -> 42.659993
A24: GHG | B24: Energy | C24: Fossil Fuel Combustion | D24: Industrial | K24: Natural Gas | M24: National | O24: 1.A.2. Manufacturing industries and construction | R24: Tg | S24: CO2 | T24: 1 | U24: =('Summary Table'!C17) -> 407.44058 | V24: =('Summary Table'!D17) -> 413.59445 | W24: =('Summary Table'!E17) -> 429.30738 | X24: =('Summary Table'!F17) -> 436.9822 | Y24: =('Summary Table'!G17) -> 438.20865 | Z24: =('Summary Table'!H17) -> 461.468 | AA24: =('Summary Table'!I17) -> 477.22705 | AB24: =('Summary Table'!J17) -> 477.88613 | ... BA24: =('Summary Table'!AI17) -> 511.44589
A25: GHG | B25: Energy | C25: Fossil Fuel Combustion | D25: Industrial | K25: Petroleum | M25: National | O25: 1.A.2. Manufacturing industries and construction | R25: Tg | S25: CO2 | T25: 1 | U25: ='Summary Table'!C24 -> 305.86837 | V25: ='Summary Table'!D24 -> 292.78504 | W25: ='Summary Table'!E24 -> 301.03099 | X25: ='Summary Table'!F24 -> 293.10936 | Y25: ='Summary Table'!G24 -> 288.92185 | Z25: ='Summary Table'!H24 -> 291.98617 | AA25: ='Summary Table'!I24 -> 300.13888 | AB25: ='Summary Table'!J24 -> 294.15681 | ... BA25: ='Summary Table'!AI24 -> 221.75315
A26: GHG | B26: Energy | C26: Fossil Fuel Combustion | D26: Transportation | K26: Coal | M26: National | O26: 1.A.3. Transport | R26: Tg | S26: CO2 | T26: 1 | U26: =('Summary Table'!C11) -> NO | V26: =('Summary Table'!D11) -> NO | W26: =('Summary Table'!E11) -> NO | X26: =('Summary Table'!F11) -> NO | Y26: =('Summary Table'!G11) -> NO | Z26: =('Summary Table'!H11) -> NO | AA26: =('Summary Table'!I11) -> NO | AB26: =('Summary Table'!J11) -> NO | ... BA26: =('Summary Table'!AI11) -> NO
A27: GHG | B27: Energy | C27: Fossil Fuel Combustion | D27: Transportation | K27: Natural Gas | M27: National | O27: 1.A.3. Transport | R27: Tg | S27: CO2 | T27: 1 | U27: =('Summary Table'!C18) -> 36.000629 | V27: =('Summary Table'!D18) -> 32.870999 | W27: =('Summary Table'!E18) -> 32.223566 | X27: =('Summary Table'!F18) -> 34.154614 | Y27: =('Summary Table'!G18) -> 37.562805 | Z27: =('Summary Table'!H18) -> 38.39776 | AA27: =('Summary Table'!I18) -> 39.083768 | AB27: =('Summary Table'!J18) -> 41.387043 | ... BA27: =('Summary Table'!AI18) -> 70.161309
A28: GHG | B28: Energy | C28: Fossil Fuel Combustion | D28: Transportation | K28: Petroleum | M28: National | O28: 1.A.3. Transport | R28: Tg | S28: CO2 | T28: 1 | U28: ='Summary Table'!C25 -> 1432.9433 | V28: ='Summary Table'!D25 -> 1389.4564 | W28: ='Summary Table'!E25 -> 1445.4199 | X28: ='Summary Table'!F25 -> 1474.4524 | Y28: ='Summary Table'!G25 -> 1516.3845 | Z28: ='Summary Table'!H25 -> 1542.2801 | AA28: ='Summary Table'!I25 -> 1588.2793 | AB28: ='Summary Table'!J25 -> 1602.1285 | ... BA28: ='Summary Table'!AI25 -> 1710.6019
A29: GHG | B29: Energy | C29: Fossil Fuel Combustion | D29: Electricity Generation | K29: Coal | M29: National | O29: 1.A.1.a. Public electricity and heat production | R29: Tg | S29: CO2 | T29: 1 | U29: =('Summary Table'!C12) -> 1546.5139 | V29: =('Summary Table'!D12) -> 1547.1745 | W29: =('Summary Table'!E12) -> 1568.5415 | X29: =('Summary Table'!F12) -> 1631.6188 | Y29: =('Summary Table'!G12) -> 1637.8528 | Z29: =('Summary Table'!H12) -> 1659.8609 | AA29: =('Summary Table'!I12) -> 1751.5234 | AB29: =('Summary Table'!J12) -> 1796.0189 | ... BA29: =('Summary Table'!AI12) -> 851.47206
A30: GHG | B30: Energy | C30: Fossil Fuel Combustion | D30: Electricity Generation | K30: Natural Gas | M30: National | O30: 1.A.1.a. Public electricity and heat production | R30: Tg | S30: CO2 | T30: 1 | U30: =('Summary Table'!C19) -> 175.36004 | V30: =('Summary Table'!D19) -> 178.96642 | W30: =('Summary Table'!E19) -> 186.07466 | X30: =('Summary Table'!F19) -> 187.58235 | Y30: =('Summary Table'!G19) -> 210.85462 | Z30: =('Summary Table'!H19) -> 228.17266 | AA30: =('Summary Table'!I19) -> 204.86081 | AB30: =('Summary Table'!J19) -> 218.81343 | ... BA30: =('Summary Table'!AI19) -> 659.30521
A31: GHG | B31: Energy | C31: Fossil Fuel Combustion | D31: Electricity Generation | K31: Petroleum | M31: National | O31: 1.A.1.a. Public electricity and heat production | R31: Tg | S31: CO2 | T31: 1 | U31: =('Summary Table'!C26) -> 97.538491 | V31: =('Summary Table'!D26) -> 90.678662 | W31: =('Summary Table'!E26) -> 75.527743 | X31: =('Summary Table'!F26) -> 86.415413 | Y31: =('Summary Table'!G26) -> 81.24685 | Z31: =('Summary Table'!H26) -> 58.711775 | AA31: =('Summary Table'!I26) -> 63.396293 | AB31: =('Summary Table'!J26) -> 72.207404 | ... BA31: =('Summary Table'!AI26) -> 20.522249
A32: GHG | B32: Energy | C32: Fossil Fuel Combustion | D32: Electricity Generation | K32: Geothermal | M32: National | O32: 1.A.1.a. Public electricity and heat production | R32: Tg | S32: CO2 | T32: 1 | U32: =('Summary Table'!C28) -> 0.53819392 | V32: =('Summary Table'!D28) -> 0.53913329 | W32: =('Summary Table'!E28) -> 0.54407239 | X32: =('Summary Table'!F28) -> 0.55549804 | Y32: =('Summary Table'!G28) -> 0.51416615 | Z32: =('Summary Table'!H28) -> 0.4278974 | AA32: =('Summary Table'!I28) -> 0.46247774 | AB32: =('Summary Table'!J28) -> 0.48008445 | ... BA32: =('Summary Table'!AI28) -> 0.38055713
A33: GHG | B33: Energy | C33: Fossil Fuel Combustion | D33: US Territories | K33: Coal | M33: National | O33: 1.A.5. Other | R33: Tg | S33: CO2 | T33: 1 | U33: =('Summary Table'!C13) -> 0.49918364 | V33: =('Summary Table'!D13) -> 0.46298199 | W33: =('Summary Table'!E13) -> 0.3954042 | X33: =('Summary Table'!F13) -> 0.41466458 | Y33: =('Summary Table'!G13) -> 0.42259532 | Z33: =('Summary Table'!H13) -> 0.43052606 | AA33: =('Summary Table'!I13) -> 0.4418557 | AB33: =('Summary Table'!J13) -> 0.44910667 | ... BA33: =('Summary Table'!AI13) -> 2.888569
A34: GHG | B34: Energy | C34: Fossil Fuel Combustion | D34: US Territories | K34: Natural Gas | M34: National | O34: 1.A.5. Other | R34: Tg | S34: CO2 | T34: 1 | U34: =('Summary Table'!C20) -> NO | V34: =('Summary Table'!D20) -> NO | W34: =('Summary Table'!E20) -> NO | X34: =('Summary Table'!F20) -> NO | Y34: =('Summary Table'!G20) -> NO | Z34: =('Summary Table'!H20) -> NO | AA34: =('Summary Table'!I20) -> NO | AB34: =('Summary Table'!J20) -> NO | ... BA34: =('Summary Table'!AI20) -> 3.919756
A35: GHG | B35: Energy | C35: Fossil Fuel Combustion | D35: US Territories | K35: Petroleum | M35: National | O35: 1.A.5. Other | R35: Tg | S35: CO2 | T35: 1 | U35: =('Summary Table'!C27) -> 19.50896 | V35: =('Summary Table'!D27) -> 18.719463 | W35: =('Summary Table'!E27) -> 21.550453 | X35: =('Summary Table'!F27) -> 22.209566 | Y35: =('Summary Table'!G27) -> 24.30933 | Z35: =('Summary Table'!H27) -> 21.118063 | AA35: =('Summary Table'!I27) -> 19.336238 | AB35: =('Summary Table'!J27) -> 19.632813 | ... BA35: =('Summary Table'!AI27) -> 16.958327
A36: GHG | B36: Energy | C36: Non-Energy Uses of Fossil Fuels | D36: Industrial | M36: National | O36: 1.A.5. Other | R36: Tg | S36: CO2 | T36: 1 | U36: ='Non-Energy Use'!E157 -> 88.302765 | V36: ='Non-Energy Use'!F157 -> 92.387602 | W36: ='Non-Energy Use'!G157 -> 99.548101 | X36: ='Non-Energy Use'!H157 -> 87.59689 | Y36: ='Non-Energy Use'!I157 -> 98.135911 | Z36: ='Non-Energy Use'!J157 -> 94.070486 | AA36: ='Non-Energy Use'!K157 -> 89.727853 | AB36: ='Non-Energy Use'!L157 -> 100.61528 | ... BA36: ='Non-Energy Use'!AK157 -> 107.52289
A37: GHG | B37: Energy | C37: Non-Energy Uses of Fossil Fuels | D37: Transportation | M37: National | O37: 1.A.5. Other | R37: Tg | S37: CO2 | T37: 1 | U37: ='Non-Energy Use'!E174 -> 11.838675 | V37: ='Non-Energy Use'!F174 -> 10.590906 | W37: ='Non-Energy Use'!G174 -> 10.797881 | X37: ='Non-Energy Use'!H174 -> 10.995035 | Y37: ='Non-Energy Use'!I174 -> 11.49199 | Z37: ='Non-Energy Use'!J174 -> 11.294702 | AA37: ='Non-Energy Use'!K174 -> 10.961335 | AB37: ='Non-Energy Use'!L174 -> 11.579435 | ... BA37: ='Non-Energy Use'!AK174 -> 8.4341144
A38: GHG | B38: Energy | C38: Non-Energy Uses of Fossil Fuels | D38: US Territories | M38: National | O38: 1.A.5. Other | R38: Tg | S38: CO2 | T38: 1 | U38: ='Non-Energy Use'!E176 -> 3.354847 | V38: ='Non-Energy Use'!F176 -> 4.2506398 | W38: ='Non-Energy Use'!G176 -> 2.3504529 | X38: ='Non-Energy Use'!H176 -> 2.5647582 | Y38: ='Non-Energy Use'!I176 -> 2.0077956 | Z38: ='Non-Energy Use'!J176 -> 3.6616385 | AA38: ='Non-Energy Use'!K176 -> 4.802799 | AB38: ='Non-Energy Use'!L176 -> 5.1118096 | ... BA38: ='Non-Energy Use'!AK176 -> 0.070310903

Sheet InvDB-Old
A1: Inventory Database Input Template
A3: Template Instructions:
A4: Columns J through AP should reflect emission for 1990 through the current year. Please correct underlying formulas if source data cells are moved. If revisions to the sector, source, subsource, fuel, subreference, or gas columns are needed, or additional rows are needed please contact huppertm@saic.com to ensure InvDB reference data is updated accordingly. Note: Ne (Not Occuring) NE (Not Estimated).
A8: Source | C8: CO2 From Fossil Fuel Combustion
A9: Author Name | K9: Conversion Factor
A10: Author Phone | K10: KT per Tg | L10: 1000
A11: Publication Year | C11: 2024
A12: Report Type | C12: INTERIM
A15: All Values in Gas Quantities (Tg)
A16: Sector | B16: Source | C16: Subsource | D16: Fuel | E16: Subref | F16: 2nd Ref | G16: State | H16: Exclude | I16: GHG | J16: 1990 | K16: 1991 | L16: 1992 | M16: 1993 | N16: 1994 | O16: 1995 | P16: 1996 | Q16: 1997 | R16: 1998 | S16: 1999 | T16: 2000 | U16: 2001 | V16: 2002 | W16: 2003 | X16: 2004 | Y16: 2005 | Z16: 2006 | AA16: 2007 | AB16: 2008 | AC16: 2009 | AD16: 2010 | AE16: 2011 | AF16: 2012 | AG16: 2013 | AH16: 2014 | AI16: 2015 | AJ16: 2016 | AK16: 2017 | AL16: 2018 | AM16: 2019 | AN16: 2020 | AO16: 2021 | AP16: 2022
A17: Energy | B17: Fossil Fuel Combustion | C17: Residential | D17: Coal | I17: CO2 | J17: =('Summary Table'!C8) -> 2.9876953 | K17: =('Summary Table'!D8) -> 2.4418666 | L17: =('Summary Table'!E8) -> 2.4754382 | M17: =('Summary Table'!F8) -> 2.4697528 | N17: =('Summary Table'!G8) -> 1.9941821 | O17: =('Summary Table'!H8) -> 1.6716718 | P17: =('Summary Table'!I8) -> 1.5825802 | Q17: =('Summary Table'!J8) -> 1.5181716 | ... AP17: =('Summary Table'!AI8) -> 0
A18: Energy | B18: Fossil Fuel Combustion | C18: Residential | D18: Natural Gas | I18: CO2 | J18: =('Summary Table'!C15) -> 237.79751 | K18: =('Summary Table'!D15) -> 247.31637 | L18: =('Summary Table'!E15) -> 254.59498 | M18: =('Summary Table'!F15) -> 268.22933 | N18: =('Summary Table'!G15) -> 262.94356 | O18: =('Summary Table'!H15) -> 262.76571 | P18: =('Summary Table'!I15) -> 283.99195 | Q18: =('Summary Table'!J15) -> 270.12382 | ... AP18: =('Summary Table'!AI15) -> 271.98682
A19: Energy | B19: Fossil Fuel Combustion | C19: Residential | D19: Petroleum | I19: CO2 | J19: =('Summary Table'!C22) -> 97.782412 | K19: =('Summary Table'!D22) -> 97.95217 | L19: =('Summary Table'!E22) -> 96.897398 | M19: =('Summary Table'!F22) -> 95.382683 | N19: =('Summary Table'!G22) -> 92.10948 | O19: =('Summary Table'!H22) -> 88.696195 | P19: =('Summary Table'!I22) -> 97.899891 | Q19: =('Summary Table'!J22) -> 93.391359 | ... AP19: =('Summary Table'!AI22) -> 61.113012
A20: Energy | B20: Fossil Fuel Combustion | C20: Commercial | D20: Coal | I20: CO2 | J20: =('Summary Table'!C9) -> 11.950781 | K20: =('Summary Table'!D9) -> 11.123952 | L20: =('Summary Table'!E9) -> 11.276792 | M20: =('Summary Table'!F9) -> 11.251192 | N20: =('Summary Table'!G9) -> 11.30011 | O20: =('Summary Table'!H9) -> 11.187394 | P20: =('Summary Table'!I9) -> 11.605302 | Q20: =('Summary Table'!J9) -> 12.2835 | ... AP20: =('Summary Table'!AI9) -> 1.3881297
A21: Energy | B21: Fossil Fuel Combustion | C21: Commercial | D21: Natural Gas | I21: CO2 | J21: =('Summary Table'!C16) -> 142.02474 | K21: =('Summary Table'!D16) -> 148.12843 | L21: =('Summary Table'!E16) -> 152.14428 | M21: =('Summary Table'!F16) -> 154.86031 | N21: =('Summary Table'!G16) -> 157.02801 | O21: =('Summary Table'!H16) -> 164.20846 | P21: =('Summary Table'!I16) -> 171.12094 | Q21: =('Summary Table'!J16) -> 174.2504 | ... AP21: =('Summary Table'!AI16) -> 192.26242
A22: Energy | B22: Fossil Fuel Combustion | C22: Commercial | D22: Petroleum | I22: CO2 | J22: =('Summary Table'!C23) -> 74.317009 | K22: =('Summary Table'!D23) -> 73.407834 | L22: =('Summary Table'!E23) -> 64.61673 | M22: =('Summary Table'!F23) -> 56.873975 | N22: =('Summary Table'!G23) -> 56.369485 | O22: =('Summary Table'!H23) -> 52.39124 | P22: =('Summary Table'!I23) -> 54.832061 | Q22: =('Summary Table'!J23) -> 51.284956 | ... AP22: =('Summary Table'!AI23) -> 51.063465
A23: Energy | B23: Fossil Fuel Combustion | C23: Industrial | D23: Coal | I23: CO2 | J23: =('Summary Table'!C10) -> 157.83904 | K23: =('Summary Table'!D10) -> 154.63822 | L23: =('Summary Table'!E10) -> 150.27496 | M23: =('Summary Table'!F10) -> 152.54779 | N23: =('Summary Table'!G10) -> 153.46903 | O23: =('Summary Table'!H10) -> 147.21569 | P23: =('Summary Table'!I10) -> 140.08938 | Q23: =('Summary Table'!J10) -> 140.23965 | ... AP23: =('Summary Table'!AI10) -> 42.659993
A24: Energy | B24: Fossil Fuel Combustion | C24: Industrial | D24: Natural Gas | I24: CO2 | J24: =('Summary Table'!C17) -> 407.44058 | K24: =('Summary Table'!D17) -> 413.59445 | L24: =('Summary Table'!E17) -> 429.30738 | M24: =('Summary Table'!F17) -> 436.9822 | N24: =('Summary Table'!G17) -> 438.20865 | O24: =('Summary Table'!H17) -> 461.468 | P24: =('Summary Table'!I17) -> 477.22705 | Q24: =('Summary Table'!J17) -> 477.88613 | ... AP24: =('Summary Table'!AI17) -> 511.44589
A25: Energy | B25: Fossil Fuel Combustion | C25: Industrial | D25: Petroleum | I25: CO2 | J25: ='Summary Table'!C24 -> 305.86837 | K25: ='Summary Table'!D24 -> 292.78504 | L25: ='Summary Table'!E24 -> 301.03099 | M25: ='Summary Table'!F24 -> 293.10936 | N25: ='Summary Table'!G24 -> 288.92185 | O25: ='Summary Table'!H24 -> 291.98617 | P25: ='Summary Table'!I24 -> 300.13888 | Q25: ='Summary Table'!J24 -> 294.15681 | ... AP25: ='Summary Table'!AI24 -> 221.75315
A26: Energy | B26: Fossil Fuel Combustion | C26: Transportation | D26: Coal | I26: CO2 | J26: =('Summary Table'!C11) -> NO | K26: =('Summary Table'!D11) -> NO | L26: =('Summary Table'!E11) -> NO | M26: =('Summary Table'!F11) -> NO | N26: =('Summary Table'!G11) -> NO | O26: =('Summary Table'!H11) -> NO | P26: =('Summary Table'!I11) -> NO | Q26: =('Summary Table'!J11) -> NO | ... AP26: =('Summary Table'!AI11) -> NO
A27: Energy | B27: Fossil Fuel Combustion | C27: Transportation | D27: Natural Gas | I27: CO2 | J27: =('Summary Table'!C18) -> 36.000629 | K27: =('Summary Table'!D18) -> 32.870999 | L27: =('Summary Table'!E18) -> 32.223566 | M27: =('Summary Table'!F18) -> 34.154614 | N27: =('Summary Table'!G18) -> 37.562805 | O27: =('Summary Table'!H18) -> 38.39776 | P27: =('Summary Table'!I18) -> 39.083768 | Q27: =('Summary Table'!J18) -> 41.387043 | ... AP27: =('Summary Table'!AI18) -> 70.161309
A28: Energy | B28: Fossil Fuel Combustion | C28: Transportation | D28: Petroleum | I28: CO2 | J28: ='Summary Table'!C25 -> 1432.9433 | K28: ='Summary Table'!D25 -> 1389.4564 | L28: ='Summary Table'!E25 -> 1445.4199 | M28: ='Summary Table'!F25 -> 1474.4524 | N28: ='Summary Table'!G25 -> 1516.3845 | O28: ='Summary Table'!H25 -> 1542.2801 | P28: ='Summary Table'!I25 -> 1588.2793 | Q28: ='Summary Table'!J25 -> 1602.1285 | ... AP28: ='Summary Table'!AI25 -> 1710.6019
A29: Energy | B29: Fossil Fuel Combustion | C29: Electricity Generation | D29: Coal | I29: CO2 | J29: =('Summary Table'!C12) -> 1546.5139 | K29: =('Summary Table'!D12) -> 1547.1745 | L29: =('Summary Table'!E12) -> 1568.5415 | M29: =('Summary Table'!F12) -> 1631.6188 | N29: =('Summary Table'!G12) -> 1637.8528 | O29: =('Summary Table'!H12) -> 1659.8609 | P29: =('Summary Table'!I12) -> 1751.5234 | Q29: =('Summary Table'!J12) -> 1796.0189 | ... AP29: =('Summary Table'!AI12) -> 851.47206
A30: Energy | B30: Fossil Fuel Combustion | C30: Electricity Generation | D30: Natural Gas | I30: CO2 | J30: =('Summary Table'!C19) -> 175.36004 | K30: =('Summary Table'!D19) -> 178.96642 | L30: =('Summary Table'!E19) -> 186.07466 | M30: =('Summary Table'!F19) -> 187.58235 | N30: =('Summary Table'!G19) -> 210.85462 | O30: =('Summary Table'!H19) -> 228.17266 | P30: =('Summary Table'!I19) -> 204.86081 | Q30: =('Summary Table'!J19) -> 218.81343 | ... AP30: =('Summary Table'!AI19) -> 659.30521
A31: Energy | B31: Fossil Fuel Combustion | C31: Electricity Generation | D31: Petroleum | I31: CO2 | J31: =('Summary Table'!C26) -> 97.538491 | K31: =('Summary Table'!D26) -> 90.678662 | L31: =('Summary Table'!E26) -> 75.527743 | M31: =('Summary Table'!F26) -> 86.415413 | N31: =('Summary Table'!G26) -> 81.24685 | O31: =('Summary Table'!H26) -> 58.711775 | P31: =('Summary Table'!I26) -> 63.396293 | Q31: =('Summary Table'!J26) -> 72.207404 | ... AP31: =('Summary Table'!AI26) -> 20.522249
A32: Energy | B32: Fossil Fuel Combustion | C32: Electricity Generation | D32: Geothermal | I32: CO2 | J32: =('Summary Table'!C28) -> 0.53819392 | K32: =('Summary Table'!D28) -> 0.53913329 | L32: =('Summary Table'!E28) -> 0.54407239 | M32: =('Summary Table'!F28) -> 0.55549804 | N32: =('Summary Table'!G28) -> 0.51416615 | O32: =('Summary Table'!H28) -> 0.4278974 | P32: =('Summary Table'!I28) -> 0.46247774 | Q32: =('Summary Table'!J28) -> 0.48008445 | ... AP32: =('Summary Table'!AI28) -> 0.38055713
A33: Energy | B33: Fossil Fuel Combustion | C33: US Territories | D33: Coal | I33: CO2 | J33: =('Summary Table'!C13) -> 0.49918364 | K33: =('Summary Table'!D13) -> 0.46298199 | L33: =('Summary Table'!E13) -> 0.3954042 | M33: =('Summary Table'!F13) -> 0.41466458 | N33: =('Summary Table'!G13) -> 0.42259532 | O33: =('Summary Table'!H13) -> 0.43052606 | P33: =('Summary Table'!I13) -> 0.4418557 | Q33: =('Summary Table'!J13) -> 0.44910667 | ... AP33: =('Summary Table'!AI13) -> 2.888569
A34: Energy | B34: Fossil Fuel Combustion | C34: US Territories | D34: Natural Gas | I34: CO2 | J34: =('Summary Table'!C20) -> NO | K34: =('Summary Table'!D20) -> NO | L34: =('Summary Table'!E20) -> NO | M34: =('Summary Table'!F20) -> NO | N34: =('Summary Table'!G20) -> NO | O34: =('Summary Table'!H20) -> NO | P34: =('Summary Table'!I20) -> NO | Q34: =('Summary Table'!J20) -> NO | ... AP34: =('Summary Table'!AI20) -> 3.919756
A35: Energy | B35: Fossil Fuel Combustion | C35: US Territories | D35: Petroleum | I35: CO2 | J35: =('Summary Table'!C27) -> 19.50896 | K35: =('Summary Table'!D27) -> 18.719463 | L35: =('Summary Table'!E27) -> 21.550453 | M35: =('Summary Table'!F27) -> 22.209566 | N35: =('Summary Table'!G27) -> 24.30933 | O35: =('Summary Table'!H27) -> 21.118063 | P35: =('Summary Table'!I27) -> 19.336238 | Q35: =('Summary Table'!J27) -> 19.632813 | ... AP35: =('Summary Table'!AI27) -> 16.958327
A36: Energy | B36: Non-Energy Uses of Fossil Fuels | C36: Industrial | I36: CO2 | J36: ='Non-Energy Use'!E157 -> 88.302765 | K36: ='Non-Energy Use'!F157 -> 92.387602 | L36: ='Non-Energy Use'!G157 -> 99.548101 | M36: ='Non-Energy Use'!H157 -> 87.59689 | N36: ='Non-Energy Use'!I157 -> 98.135911 | O36: ='Non-Energy Use'!J157 -> 94.070486 | P36: ='Non-Energy Use'!K157 -> 89.727853 | Q36: ='Non-Energy Use'!L157 -> 100.61528 | ... AP36: ='Non-Energy Use'!AK157 -> 107.52289
A37: Energy | B37: Non-Energy Uses of Fossil Fuels | C37: Transportation | I37: CO2 | J37: ='Non-Energy Use'!E174 -> 11.838675 | K37: ='Non-Energy Use'!F174 -> 10.590906 | L37: ='Non-Energy Use'!G174 -> 10.797881 | M37: ='Non-Energy Use'!H174 -> 10.995035 | N37: ='Non-Energy Use'!I174 -> 11.49199 | O37: ='Non-Energy Use'!J174 -> 11.294702 | P37: ='Non-Energy Use'!K174 -> 10.961335 | Q37: ='Non-Energy Use'!L174 -> 11.579435 | ... AP37: ='Non-Energy Use'!AK174 -> 8.4341144
A38: Energy | B38: Non-Energy Uses of Fossil Fuels | C38: US Territories | I38: CO2 | J38: ='Non-Energy Use'!E176 -> 3.354847 | K38: ='Non-Energy Use'!F176 -> 4.2506398 | L38: ='Non-Energy Use'!G176 -> 2.3504529 | M38: ='Non-Energy Use'!H176 -> 2.5647582 | N38: ='Non-Energy Use'!I176 -> 2.0077956 | O38: ='Non-Energy Use'!J176 -> 3.6616385 | P38: ='Non-Energy Use'!K176 -> 4.802799 | Q38: ='Non-Energy Use'!L176 -> 5.1118096 | ... AP38: ='Non-Energy Use'!AK176 -> 0.070310903
F266: ='[5]Non-Ferrous Metals'!C16 -> 186.78981 | G266: ='[5]Non-Ferrous Metals'!D16 -> 186.78981 | H266: ='[5]Non-Ferrous Metals'!E16 -> 228.73179 | I266: ='[5]Non-Ferrous Metals'!F16 -> 270.67377 | J266: ='[5]Non-Ferrous Metals'!G16 -> 312.61575 | K266: ='[5]Non-Ferrous Metals'!H16 -> 403.80428 | L266: ='[5]Non-Ferrous Metals'!I16 -> 494.99281 | M266: ='[5]Non-Ferrous Metals'!J16 -> 586.18135 | ... AI266: ='[5]Non-Ferrous Metals'!AF16 -> 740.59181
F268: ='[5]Non-Ferrous Metals'!C21 -> 14.054458 | G268: ='[5]Non-Ferrous Metals'!D21 -> 13.837902 | H268: ='[5]Non-Ferrous Metals'!E21 -> 17.151318 | I268: ='[5]Non-Ferrous Metals'!F21 -> 20.103424 | J268: ='[5]Non-Ferrous Metals'!G21 -> 23.278721 | K268: ='[5]Non-Ferrous Metals'!H21 -> 29.540174 | L268: ='[5]Non-Ferrous Metals'!I21 -> 37.116037 | M268: ='[5]Non-Ferrous Metals'!J21 -> 44.116366 | ... AI268: ='[5]Non-Ferrous Metals'!AF21 -> 54.865878
F272: ='[5]Non-Ferrous Metals'!C17 -> 1119.1272 | G272: ='[5]Non-Ferrous Metals'!D17 -> 1119.1272 | H272: ='[5]Non-Ferrous Metals'!E17 -> 2137.5056 | I272: ='[5]Non-Ferrous Metals'!F17 -> 3155.884 | J272: ='[5]Non-Ferrous Metals'!G17 -> 4174.2623 | K272: ='[5]Non-Ferrous Metals'!H17 -> 7467.3147 | L272: ='[5]Non-Ferrous Metals'!I17 -> 10760.367 | M272: ='[5]Non-Ferrous Metals'!J17 -> 14053.419 | ... AI272: ='[5]Non-Ferrous Metals'!AF17 -> 11680.489
F274: ='[5]Non-Ferrous Metals'!C22 -> 100.36681 | G274: ='[5]Non-Ferrous Metals'!D22 -> 100.62443 | H274: ='[5]Non-Ferrous Metals'!E22 -> 192.07171 | I274: ='[5]Non-Ferrous Metals'!F22 -> 282.52483 | J274: ='[5]Non-Ferrous Metals'!G22 -> 373.71172 | K274: ='[5]Non-Ferrous Metals'!H22 -> 669.1956 | L274: ='[5]Non-Ferrous Metals'!I22 -> 962.70494 | M274: ='[5]Non-Ferrous Metals'!J22 -> 1257.4894 | ... AI274: ='[5]Non-Ferrous Metals'!AF22 -> 1058.3067
F278: ='[5]Non-Ferrous Metals'!C18 -> 53013.757 | G278: ='[5]Non-Ferrous Metals'!D18 -> 54004.658 | H278: ='[5]Non-Ferrous Metals'!E18 -> 54995.56 | I278: ='[5]Non-Ferrous Metals'!F18 -> 55986.462 | J278: ='[5]Non-Ferrous Metals'!G18 -> 56977.364 | K278: ='[5]Non-Ferrous Metals'!H18 -> 59704.186 | L278: ='[5]Non-Ferrous Metals'!I18 -> 62431.007 | M278: ='[5]Non-Ferrous Metals'!J18 -> 65157.829 | ... AI278: ='[5]Non-Ferrous Metals'!AF18 -> 44919.162
F280: ='[5]Non-Ferrous Metals'!C23 -> 2771.7209 | G280: ='[5]Non-Ferrous Metals'!D23 -> 2837.1118 | H280: ='[5]Non-Ferrous Metals'!E23 -> 2875.35 | I280: ='[5]Non-Ferrous Metals'!F23 -> 2937.4582 | J280: ='[5]Non-Ferrous Metals'!G23 -> 2982.5347 | K280: ='[5]Non-Ferrous Metals'!H23 -> 3131.7708 | L280: ='[5]Non-Ferrous Metals'!I23 -> 3250.3999 | M280: ='[5]Non-Ferrous Metals'!J23 -> 3392.2103 | ... AI280: ='[5]Non-Ferrous Metals'!AF23 -> 2342.6127
F297: =[5]Chemicals!C16 -> 32405.324 | G297: =[5]Chemicals!D16 -> 34694.879 | H297: =[5]Chemicals!E16 -> 36984.435 | I297: =[5]Chemicals!F16 -> 39273.99 | J297: =[5]Chemicals!G16 -> 41563.545 | K297: =[5]Chemicals!H16 -> 40312.731 | L297: =[5]Chemicals!I16 -> 39061.917 | M297: =[5]Chemicals!J16 -> 37811.103 | ... AI297: =[5]Chemicals!AF16 -> 7935.4136
F299: =[5]Chemicals!C21 -> 2438.2447 | G299: =[5]Chemicals!D21 -> 2570.2919 | H299: =[5]Chemicals!E21 -> 2773.2561 | I299: =[5]Chemicals!F21 -> 2916.9494 | J299: =[5]Chemicals!G21 -> 3095.0013 | K299: =[5]Chemicals!H21 -> 2949.065 | L299: =[5]Chemicals!I21 -> 2928.979 | M299: =[5]Chemicals!J21 -> 2845.6867 | ... AI299: =[5]Chemicals!AF21 -> 587.88584
F303: =[5]Chemicals!C17 -> 125867.89 | G303: =[5]Chemicals!D17 -> 126527.7 | H303: =[5]Chemicals!E17 -> 127187.5 | I303: =[5]Chemicals!F17 -> 127847.31 | J303: =[5]Chemicals!G17 -> 128507.12 | K303: =[5]Chemicals!H17 -> 129393.34 | L303: =[5]Chemicals!I17 -> 130279.55 | M303: =[5]Chemicals!J17 -> 131165.76 | ... AI303: =[5]Chemicals!AF17 -> 33021.011
F305: =[5]Chemicals!C22 -> 11288.223 | G305: =[5]Chemicals!D22 -> 11376.524 | H305: =[5]Chemicals!E22 -> 11428.799 | I305: =[5]Chemicals!F22 -> 11445.301 | J305: =[5]Chemicals!G22 -> 11504.935 | K305: =[5]Chemicals!H22 -> 11595.795 | L305: =[5]Chemicals!I22 -> 11655.807 | M305: =[5]Chemicals!J22 -> 11736.614 | ... AI305: =[5]Chemicals!AF22 -> 2991.8571
F309: =[5]Chemicals!C18 -> 1169603.8 | G309: =[5]Chemicals!D18 -> 1224891.5 | H309: =[5]Chemicals!E18 -> 1280179.2 | I309: =[5]Chemicals!F18 -> 1335466.9 | J309: =[5]Chemicals!G18 -> 1390754.6 | K309: =[5]Chemicals!H18 -> 1415891 | L309: =[5]Chemicals!I18 -> 1441027.3 | M309: =[5]Chemicals!J18 -> 1466163.6 | ... AI309: =[5]Chemicals!AF18 -> 1598021.3
F311: =[5]Chemicals!C23 -> 61150.457 | G311: =[5]Chemicals!D23 -> 64349.157 | H311: =[5]Chemicals!E23 -> 66932.01 | I311: =[5]Chemicals!F23 -> 70068.336 | J311: =[5]Chemicals!G23 -> 72800.384 | K311: =[5]Chemicals!H23 -> 74270.269 | L311: =[5]Chemicals!I23 -> 75025.458 | M311: =[5]Chemicals!J23 -> 76330.587 | ... AI311: =[5]Chemicals!AF23 -> 83339.599
F328: ='[5]Pulp, Paper and Print'!C16 -> 57567.879 | G328: ='[5]Pulp, Paper and Print'!D16 -> 59645.68 | H328: ='[5]Pulp, Paper and Print'!E16 -> 61729.095 | I328: ='[5]Pulp, Paper and Print'!F16 -> 63812.511 | J328: ='[5]Pulp, Paper and Print'!G16 -> 65895.927 | K328: ='[5]Pulp, Paper and Print'!H16 -> 63926.669 | L328: ='[5]Pulp, Paper and Print'!I16 -> 61957.412 | M328: ='[5]Pulp, Paper and Print'!J16 -> 59988.154 | ... AI328: ='[5]Pulp, Paper and Print'!AF16 -> 2855.4156
F330: ='[5]Pulp, Paper and Print'!C21 -> 4331.5282 | G330: ='[5]Pulp, Paper and Print'!D21 -> 4418.7157 | H330: ='[5]Pulp, Paper and Print'!E21 -> 4628.7199 | I330: ='[5]Pulp, Paper and Print'!F21 -> 4739.4693 | J330: ='[5]Pulp, Paper and Print'!G21 -> 4906.8957 | K330: ='[5]Pulp, Paper and Print'!H21 -> 4676.5351 | L330: ='[5]Pulp, Paper and Print'!I21 -> 4645.7515 | M330: ='[5]Pulp, Paper and Print'!J21 -> 4514.7451 | ... AI330: ='[5]Pulp, Paper and Print'!AF21 -> 211.54013
F334: ='[5]Pulp, Paper and Print'!C17 -> 354904.64 | G334: ='[5]Pulp, Paper and Print'!D17 -> 359657.06 | H334: ='[5]Pulp, Paper and Print'!E17 -> 364409.49 | I334: ='[5]Pulp, Paper and Print'!F17 -> 369161.92 | J334: ='[5]Pulp, Paper and Print'!G17 -> 373914.34 | K334: ='[5]Pulp, Paper and Print'!H17 -> 366278.89 | L334: ='[5]Pulp, Paper and Print'!I17 -> 358643.43 | M334: ='[5]Pulp, Paper and Print'!J17 -> 351007.98 | ... AI334: ='[5]Pulp, Paper and Print'!AF17 -> 77430.726
F336: ='[5]Pulp, Paper and Print'!C22 -> 31828.952 | G336: ='[5]Pulp, Paper and Print'!D22 -> 32337.958 | H336: ='[5]Pulp, Paper and Print'!E22 -> 32745.062 | I336: ='[5]Pulp, Paper and Print'!F22 -> 33048.556 | J336: ='[5]Pulp, Paper and Print'!G22 -> 33475.657 | K336: ='[5]Pulp, Paper and Print'!H22 -> 32824.68 | L336: ='[5]Pulp, Paper and Print'!I22 -> 32086.991 | M336: ='[5]Pulp, Paper and Print'!J22 -> 31407.931 | ... AI336: ='[5]Pulp, Paper and Print'!AF22 -> 7015.5839
F340: ='[5]Pulp, Paper and Print'!C18 -> 366351.47 | G340: ='[5]Pulp, Paper and Print'!D18 -> 372238.45 | H340: ='[5]Pulp, Paper and Print'!E18 -> 378125.43 | I340: ='[5]Pulp, Paper and Print'!F18 -> 384012.42 | J340: ='[5]Pulp, Paper and Print'!G18 -> 389899.4 | K340: ='[5]Pulp, Paper and Print'!H18 -> 392446.65 | L340: ='[5]Pulp, Paper and Print'!I18 -> 394993.9 | M340: ='[5]Pulp, Paper and Print'!J18 -> 397541.16 | ... AI340: ='[5]Pulp, Paper and Print'!AF18 -> 439094.53
F342: ='[5]Pulp, Paper and Print'!C23 -> 19153.972 | G342: ='[5]Pulp, Paper and Print'!D23 -> 19555.389 | H342: ='[5]Pulp, Paper and Print'!E23 -> 19769.65 | I342: ='[5]Pulp, Paper and Print'!F23 -> 20148.092 | J342: ='[5]Pulp, Paper and Print'!G23 -> 20409.658 | K342: ='[5]Pulp, Paper and Print'!H23 -> 20585.708 | L342: ='[5]Pulp, Paper and Print'!I23 -> 20564.911 | M342: ='[5]Pulp, Paper and Print'!J23 -> 20696.565 | ... AI342: ='[5]Pulp, Paper and Print'!AF23 -> 22899.546
F359: ='[5]Food Processing, Beverages, Tob'!C16 -> 10386.636 | G359: ='[5]Food Processing, Beverages, Tob'!D16 -> 10755.443 | H359: ='[5]Food Processing, Beverages, Tob'!E16 -> 11124.25 | I359: ='[5]Food Processing, Beverages, Tob'!F16 -> 11493.057 | J359: ='[5]Food Processing, Beverages, Tob'!G16 -> 11861.863 | K359: ='[5]Food Processing, Beverages, Tob'!H16 -> 10689.091 | L359: ='[5]Food Processing, Beverages, Tob'!I16 -> 9516.3189 | M359: ='[5]Food Processing, Beverages, Tob'!J16 -> 8343.5466 | ... AI359: ='[5]Food Processing, Beverages, Tob'!AF16 -> 2946.9529
F361: ='[5]Food Processing, Beverages, Tob'!C21 -> 781.51232 | G361: ='[5]Food Processing, Beverages, Tob'!D21 -> 796.79273 | H361: ='[5]Food Processing, Beverages, Tob'!E21 -> 834.14531 | I361: ='[5]Food Processing, Beverages, Tob'!F21 -> 853.60985 | J361: ='[5]Food Processing, Beverages, Tob'!G21 -> 883.28566 | K361: ='[5]Food Processing, Beverages, Tob'!H21 -> 781.95706 | L361: ='[5]Food Processing, Beverages, Tob'!I21 -> 713.56197 | M361: ='[5]Food Processing, Beverages, Tob'!J21 -> 627.9404 | ... AI361: ='[5]Food Processing, Beverages, Tob'!AF21 -> 218.32155
F365: ='[5]Food Processing, Beverages, Tob'!C17 -> 323709.27 | G365: ='[5]Food Processing, Beverages, Tob'!D17 -> 321211.56 | H365: ='[5]Food Processing, Beverages, Tob'!E17 -> 318713.84 | I365: ='[5]Food Processing, Beverages, Tob'!F17 -> 316216.12 | J365: ='[5]Food Processing, Beverages, Tob'!G17 -> 313718.41 | K365: ='[5]Food Processing, Beverages, Tob'!H17 -> 310146.71 | L365: ='[5]Food Processing, Beverages, Tob'!I17 -> 306575.02 | M365: ='[5]Food Processing, Beverages, Tob'!J17 -> 303003.33 | ... AI365: ='[5]Food Processing, Beverages, Tob'!AF17 -> 159934.83
F367: ='[5]Food Processing, Beverages, Tob'!C22 -> 29031.254 | G367: ='[5]Food Processing, Beverages, Tob'!D22 -> 28881.195 | H367: ='[5]Food Processing, Beverages, Tob'!E22 -> 28638.948 | I367: ='[5]Food Processing, Beverages, Tob'!F22 -> 28308.679 | J367: ='[5]Food Processing, Beverages, Tob'!G22 -> 28086.458 | K367: ='[5]Food Processing, Beverages, Tob'!H22 -> 27794.304 | L367: ='[5]Food Processing, Beverages, Tob'!I22 -> 27428.552 | M367: ='[5]Food Processing, Beverages, Tob'!J22 -> 27112.511 | ... AI367: ='[5]Food Processing, Beverages, Tob'!AF22 -> 14490.839
F371: ='[5]Food Processing, Beverages, Tob'!C18 -> 217701.37 | G371: ='[5]Food Processing, Beverages, Tob'!D18 -> 235008.18 | H371: ='[5]Food Processing, Beverages, Tob'!E18 -> 252314.98 | I371: ='[5]Food Processing, Beverages, Tob'!F18 -> 269621.79 | J371: ='[5]Food Processing, Beverages, Tob'!G18 -> 286928.59 | K371: ='[5]Food Processing, Beverages, Tob'!H18 -> 284537.52 | L371: ='[5]Food Processing, Beverages, Tob'!I18 -> 282146.45 | M371: ='[5]Food Processing, Beverages, Tob'!J18 -> 279755.38 | ... AI371: ='[5]Food Processing, Beverages, Tob'!AF18 -> 378551.21
F373: ='[5]Food Processing, Beverages, Tob'!C23 -> 11382.092 | G373: ='[5]Food Processing, Beverages, Tob'!D23 -> 12346.055 | H373: ='[5]Food Processing, Beverages, Tob'!E23 -> 13191.863 | I373: ='[5]Food Processing, Beverages, Tob'!F23 -> 14146.326 | J373: ='[5]Food Processing, Beverages, Tob'!G23 -> 15019.552 | K373: ='[5]Food Processing, Beverages, Tob'!H23 -> 14925.357 | L373: ='[5]Food Processing, Beverages, Tob'!I23 -> 14689.636 | M373: ='[5]Food Processing, Beverages, Tob'!J23 -> 14564.467 | ... AI373: ='[5]Food Processing, Beverages, Tob'!AF23 -> 19742.106
F390: ='[5]Minerals Manufacturing'!C16 -> 5241.0312 | G390: ='[5]Minerals Manufacturing'!D16 -> 5158.8301 | H390: ='[5]Minerals Manufacturing'!E16 -> 5076.629 | I390: ='[5]Minerals Manufacturing'!F16 -> 4994.4279 | J390: ='[5]Minerals Manufacturing'!G16 -> 4912.2268 | K390: ='[5]Minerals Manufacturing'!H16 -> 4612.4753 | L390: ='[5]Minerals Manufacturing'!I16 -> 4312.7239 | M390: ='[5]Minerals Manufacturing'!J16 -> 4012.9725 | ... AI390: ='[5]Minerals Manufacturing'!AF16 -> 2414.03
F392: ='[5]Minerals Manufacturing'!C21 -> 394.34621 | G392: ='[5]Minerals Manufacturing'!D21 -> 382.1803 | H392: ='[5]Minerals Manufacturing'!E21 -> 380.66804 | I392: ='[5]Minerals Manufacturing'!F21 -> 370.94509 | J392: ='[5]Minerals Manufacturing'!G21 -> 365.78565 | K392: ='[5]Minerals Manufacturing'!H21 -> 337.42416 | L392: ='[5]Minerals Manufacturing'!I21 -> 323.3809 | M392: ='[5]Minerals Manufacturing'!J21 -> 302.01876 | ... AI392: ='[5]Minerals Manufacturing'!AF21 -> 178.84059
F396: ='[5]Minerals Manufacturing'!C17 -> 197882.18 | G396: ='[5]Minerals Manufacturing'!D17 -> 194244.22 | H396: ='[5]Minerals Manufacturing'!E17 -> 190606.27 | I396: ='[5]Minerals Manufacturing'!F17 -> 186968.31 | J396: ='[5]Minerals Manufacturing'!G17 -> 183330.36 | K396: ='[5]Minerals Manufacturing'!H17 -> 185245.32 | L396: ='[5]Minerals Manufacturing'!I17 -> 187160.28 | M396: ='[5]Minerals Manufacturing'!J17 -> 189075.24 | ... AI396: ='[5]Minerals Manufacturing'!AF17 -> 96403.201
F398: ='[5]Minerals Manufacturing'!C22 -> 17746.689 | G398: ='[5]Minerals Manufacturing'!D22 -> 17465.141 | H398: ='[5]Minerals Manufacturing'!E22 -> 17127.474 | I398: ='[5]Minerals Manufacturing'!F22 -> 16738.001 | J398: ='[5]Minerals Manufacturing'!G22 -> 16413.128 | K398: ='[5]Minerals Manufacturing'!H22 -> 16601.062 | L398: ='[5]Minerals Manufacturing'!I22 -> 16744.794 | M398: ='[5]Minerals Manufacturing'!J22 -> 16918.311 | ... AI398: ='[5]Minerals Manufacturing'!AF22 -> 8734.5784
F402: ='[5]Minerals Manufacturing'!C18 -> 234898.92 | G402: ='[5]Minerals Manufacturing'!D18 -> 245899.69 | H402: ='[5]Minerals Manufacturing'!E18 -> 256900.47 | I402: ='[5]Minerals Manufacturing'!F18 -> 267901.24 | J402: ='[5]Minerals Manufacturing'!G18 -> 278902.02 | K402: ='[5]Minerals Manufacturing'!H18 -> 280034.45 | L402: ='[5]Minerals Manufacturing'!I18 -> 281166.88 | M402: ='[5]Minerals Manufacturing'!J18 -> 282299.32 | ... AI402: ='[5]Minerals Manufacturing'!AF18 -> 236034.19
F404: ='[5]Minerals Manufacturing'!C23 -> 12281.232 | G404: ='[5]Minerals Manufacturing'!D23 -> 12918.236 | H404: ='[5]Minerals Manufacturing'!E23 -> 13431.607 | I404: ='[5]Minerals Manufacturing'!F23 -> 14056.053 | J404: ='[5]Minerals Manufacturing'!G23 -> 14599.394 | K404: ='[5]Minerals Manufacturing'!H23 -> 14689.15 | L404: ='[5]Minerals Manufacturing'!I23 -> 14638.636 | M404: ='[5]Minerals Manufacturing'!J23 -> 14696.909 | ... AI404: ='[5]Minerals Manufacturing'!AF23 -> 12309.595
F421: ='1990'!$P$18*1055.05585262-SUM(F110,F142,F417, F359,F328,F297,F266,F235,F390,F515) -> 4208553.6

Sheet Summary Table
A1: U.S. CO2 Emission Trends from Fossil Fuel Combustion
A2: This sheet summarizes U.S. CO2 emissions from fossil fuel combustion by fuel type and sector and then by sector and fuel type.
A3: Non-energy use carbon stored and international bunker fuel emissions are also reported separately.
B5: Table 2-3: CO2 Emissions from Fossil Fuel Combustion by Fuel Type and Sector (MMT CO2 Eq.)
B6: Fuel Type/Sector | C6: 1990 | D6: 1991 | E6: 1992 | F6: 1993 | G6: 1994 | H6: 1995 | I6: 1996 | J6: 1997 | K6: 1998 | L6: 1999 | M6: 2000 | N6: 2001 | O6: 2002 | P6: 2003 | Q6: 2004 | R6: 2005 | S6: 2006 | T6: 2007 | U6: 2008 | V6: 2009 | W6: 2010 | X6: 2011 | Y6: 2012 | Z6: 2013 | AA6: 2014 | AB6: 2015 | AC6: 2016 | AD6: 2017 | AE6: 2018 | AF6: 2019 | AG6: 2020 | AH6: 2021 | AI6: 2022 | AJ6: 90-22 | AK6: 20-21 | AL6: 21-22
B7: Coal | C7: =SUM(C8:C13) -> 1719.7906 | D7: =SUM(D8:D13) -> 1715.8415 | E7: =SUM(E8:E13) -> 1732.9641 | F7: =SUM(F8:F13) -> 1798.3022 | G7: =SUM(G8:G13) -> 1805.0388 | H7: =SUM(H8:H13) -> 1820.3662 | I7: =SUM(I8:I13) -> 1905.2425 | J7: =SUM(J8:J13) -> 1950.5093 | ... AI7: =SUM(AI8:AI13) -> 898.40875 | AJ7: =IFERROR((AI7-$C7)/$C7,"NA") -> -0.47760572 | AK7: =IFERROR((AH7-AG7)/AG7,"NA") -> 0.14577105 | AL7: =IFERROR((AI7-AH7)/AH7,"NA") -> -0.061625748 | AN7: =AI7/AI30 -> 0.19156316 | AO7: Coal % of Total Emissions
B8: Residential | C8: =C59*CtoCO2 -> 2.9876953 | D8: =D59*CtoCO2 -> 2.4418666 | E8: =E59*CtoCO2 -> 2.4754382 | F8: =F59*CtoCO2 -> 2.4697528 | G8: =G59*CtoCO2 -> 1.9941821 | H8: =H59*CtoCO2 -> 1.6716718 | I8: =I59*CtoCO2 -> 1.5825802 | J8: =J59*CtoCO2 -> 1.5181716 | ... AI8: =AI59*CtoCO2 -> 0 | AJ8: =IFERROR((AI8-$C8)/$C8,"NA") -> -1 | AK8: =IFERROR((AH8-AG8)/AG8,"NA") -> NA | AL8: =IFERROR((AI8-AH8)/AH8,"NA") -> NA
B9: Commercial | C9: =C60*CtoCO2 -> 11.950781 | D9: =D60*CtoCO2 -> 11.123952 | E9: =E60*CtoCO2 -> 11.276792 | F9: =F60*CtoCO2 -> 11.251192 | G9: =G60*CtoCO2 -> 11.30011 | H9: =H60*CtoCO2 -> 11.187394 | I9: =I60*CtoCO2 -> 11.605302 | J9: =J60*CtoCO2 -> 12.2835 | ... AI9: =AI60*CtoCO2 -> 1.3881297 | AJ9: =IFERROR((AI9-$C9)/$C9,"NA") -> -0.88384611 | AK9: =IFERROR((AH9-AG9)/AG9,"NA") -> 0.025688708 | AL9: =IFERROR((AI9-AH9)/AH9,"NA") -> -0.029562883
B10: Industrial | C10: =C61*CtoCO2 -> 157.83904 | D10: =D61*CtoCO2 -> 154.63822 | E10: =E61*CtoCO2 -> 150.27496 | F10: =F61*CtoCO2 -> 152.54779 | G10: =G61*CtoCO2 -> 153.46903 | H10: =H61*CtoCO2 -> 147.21569 | I10: =I61*CtoCO2 -> 140.08938 | J10: =J61*CtoCO2 -> 140.23965 | ... AI10: =AI61*CtoCO2 -> 42.659993 | AJ10: =IFERROR((AI10-$C10)/$C10,"NA") -> -0.72972471 | AK10: =IFERROR((AH10-AG10)/AG10,"NA") -> 0.0013989318 | AL10: =IFERROR((AI10-AH10)/AH10,"NA") -> -0.0085159048
B11: Transportation | C11: NO | D11: NO | E11: NO | F11: NO | G11: NO | H11: NO | I11: NO | J11: NO | K11: NO | L11: NO | M11: NO | N11: NO | O11: NO | P11: NO | Q11: NO | R11: NO | S11: NO | T11: NO | U11: NO | V11: NO | W11: NO | X11: NO | Y11: NO | Z11: NO | AA11: NO | AB11: NO | AC11: NO | AD11: NO | AE11: NO | AF11: NO | AG11: NO | AH11: NO | AI11: NO | AJ11: =IFERROR((AI11-$C11)/$C11,"NA") -> NA | AK11: =IFERROR((AH11-AG11)/AG11,"NA") -> NA | AL11: =IFERROR((AI11-AH11)/AH11,"NA") -> NA
B12: Electric Power | C12: =C63*CtoCO2 -> 1546.5139 | D12: =D63*CtoCO2 -> 1547.1745 | E12: =E63*CtoCO2 -> 1568.5415 | F12: =F63*CtoCO2 -> 1631.6188 | G12: =G63*CtoCO2 -> 1637.8528 | H12: =H63*CtoCO2 -> 1659.8609 | I12: =I63*CtoCO2 -> 1751.5234 | J12: =J63*CtoCO2 -> 1796.0189 | ... AI12: =AI63*CtoCO2 -> 851.47206 | AJ12: =IFERROR((AI12-$C12)/$C12,"NA") -> -0.44942488 | AK12: =IFERROR((AH12-AG12)/AG12,"NA") -> 0.15467023 | AL12: =IFERROR((AI12-AH12)/AH12,"NA") -> -0.064382694 | AN12: =AI12/AI7 -> 0.94775575 | AO12: Coal used for Electric Power
B13: U.S. Territories | C13: =C64*CtoCO2 -> 0.49918364 | D13: =D64*CtoCO2 -> 0.46298199 | E13: =E64*CtoCO2 -> 0.3954042 | F13: =F64*CtoCO2 -> 0.41466458 | G13: =G64*CtoCO2 -> 0.42259532 | H13: =H64*CtoCO2 -> 0.43052606 | I13: =I64*CtoCO2 -> 0.4418557 | J13: =J64*CtoCO2 -> 0.44910667 | ... AI13: =AI64*CtoCO2 -> 2.888569 | AJ13: =IFERROR((AI13-$C13)/$C13,"NA") -> 4.7865858 | AK13: =IFERROR((AH13-AG13)/AG13,"NA") -> -0.062940627 | AL13: =IFERROR((AI13-AH13)/AH13,"NA") -> 0
B14: Natural Gas | C14: =SUM(C15:C20) -> 998.62349 | D14: =SUM(D15:D20) -> 1020.8767 | E14: =SUM(E15:E20) -> 1054.3449 | F14: =SUM(F15:F20) -> 1081.8088 | G14: =SUM(G15:G20) -> 1106.5976 | H14: =SUM(H15:H20) -> 1155.0126 | I14: =SUM(I15:I20) -> 1176.2845 | J14: =SUM(J15:J20) -> 1182.4608 | ... AI14: =SUM(AI15:AI20) -> 1709.0814 | AJ14: =IFERROR((AI14-$C14)/$C14,"NA") -> 0.71143722 | AK14: =IFERROR((AH14-AG14)/AG14,"NA") -> 0.0039546066 | AL14: =IFERROR((AI14-AH14)/AH14,"NA") -> 0.053643306 | AN14: =AI14/AI30 -> 0.36441879 | AO14: Natural Gas % of Total Emissions
B15: Residential | C15: =C66*CtoCO2 -> 237.79751 | D15: =D66*CtoCO2 -> 247.31637 | E15: =E66*CtoCO2 -> 254.59498 | F15: =F66*CtoCO2 -> 268.22933 | G15: =G66*CtoCO2 -> 262.94356 | H15: =H66*CtoCO2 -> 262.76571 | I15: =I66*CtoCO2 -> 283.99195 | J15: =J66*CtoCO2 -> 270.12382 | ... AI15: =AI66*CtoCO2 -> 271.98682 | AJ15: =IFERROR((AI15-$C15)/$C15,"NA") -> 0.14377487 | AK15: =IFERROR((AH15-AG15)/AG15,"NA") -> 0.0089159811 | AL15: =IFERROR((AI15-AH15)/AH15,"NA") -> 0.05157512
B16: Commercial | C16: =C67*CtoCO2 -> 142.02474 | D16: =D67*CtoCO2 -> 148.12843 | E16: =E67*CtoCO2 -> 152.14428 | F16: =F67*CtoCO2 -> 154.86031 | G16: =G67*CtoCO2 -> 157.02801 | H16: =H67*CtoCO2 -> 164.20846 | I16: =I67*CtoCO2 -> 171.12094 | J16: =J67*CtoCO2 -> 174.2504 | ... AI16: =AI67*CtoCO2 -> 192.26242 | AJ16: =IFERROR((AI16-$C16)/$C16,"NA") -> 0.35372491 | AK16: =IFERROR((AH16-AG16)/AG16,"NA") -> 0.039854361 | AL16: =IFERROR((AI16-AH16)/AH16,"NA") -> 0.065975887
B17: Industrial | C17: =C68*CtoCO2 -> 407.44058 | D17: =D68*CtoCO2 -> 413.59445 | E17: =E68*CtoCO2 -> 429.30738 | F17: =F68*CtoCO2 -> 436.9822 | G17: =G68*CtoCO2 -> 438.20865 | H17: =H68*CtoCO2 -> 461.468 | I17: =I68*CtoCO2 -> 477.22705 | J17: =J68*CtoCO2 -> 477.88613 | ... AI17: =AI68*CtoCO2 -> 511.44589 | AJ17: =IFERROR((AI17-$C17)/$C17,"NA") -> 0.255265 | AK17: =IFERROR((AH17-AG17)/AG17,"NA") -> 0.023380243 | AL17: =IFERROR((AI17-AH17)/AH17,"NA") -> 0.020510599
B18: Transportation | C18: =C69*CtoCO2 -> 36.000629 | D18: =D69*CtoCO2 -> 32.870999 | E18: =E69*CtoCO2 -> 32.223566 | F18: =F69*CtoCO2 -> 34.154614 | G18: =G69*CtoCO2 -> 37.562805 | H18: =H69*CtoCO2 -> 38.39776 | I18: =I69*CtoCO2 -> 39.083768 | J18: =J69*CtoCO2 -> 41.387043 | ... AI18: =AI69*CtoCO2 -> 70.161309 | AJ18: =IFERROR((AI18-$C18)/$C18,"NA") -> 0.9488912 | AK18: =IFERROR((AH18-AG18)/AG18,"NA") -> 0.11145437 | AL18: =IFERROR((AI18-AH18)/AH18,"NA") -> 0.076241988
B19: Electric Power | C19: =C70*CtoCO2 -> 175.36004 | D19: =D70*CtoCO2 -> 178.96642 | E19: =E70*CtoCO2 -> 186.07466 | F19: =F70*CtoCO2 -> 187.58235 | G19: =G70*CtoCO2 -> 210.85462 | H19: =H70*CtoCO2 -> 228.17266 | I19: =I70*CtoCO2 -> 204.86081 | J19: =J70*CtoCO2 -> 218.81343 | ... AI19: =AI70*CtoCO2 -> 659.30521 | AJ19: =IFERROR((AI19-$C19)/$C19,"NA") -> 2.7597232 | AK19: =IFERROR((AH19-AG19)/AG19,"NA") -> -0.034765842 | AL19: =IFERROR((AI19-AH19)/AH19,"NA") -> 0.075928177
B20: U.S. Territories | C20: NO | D20: NO | E20: NO | F20: NO | G20: NO | H20: NO | I20: NO | J20: NO | K20: NO | L20: NO | M20: =M71*CtoCO2 -> 0.67212201 | N20: =N71*CtoCO2 -> 1.2125167 | O20: =O71*CtoCO2 -> 1.2089206 | P20: =P71*CtoCO2 -> 1.424226 | Q20: =Q71*CtoCO2 -> 1.3068074 | R20: =R71*CtoCO2 -> 1.2895019 | S20: =S71*CtoCO2 -> 1.3857334 | T20: =T71*CtoCO2 -> 1.4159216 | ... AI20: =AI71*CtoCO2 -> 3.919756 | AJ20: =IFERROR((AI20-$C20)/$C20,"NA") -> NA | AK20: =IFERROR((AH20-AG20)/AG20,"NA") -> 0.4815944 | AL20: =IFERROR((AI20-AH20)/AH20,"NA") -> -0.00073655093
B21: Petroleum | C21: =SUM(C22:C27) -> 2027.9585 | D21: =SUM(D22:D27) -> 1962.9996 | E21: =SUM(E22:E27) -> 2005.0432 | F21: =SUM(F22:F27) -> 2028.4434 | G21: =SUM(G22:G27) -> 2059.3415 | H21: =SUM(H22:H27) -> 2055.1835 | I21: =SUM(I22:I27) -> 2123.8827 | J21: =SUM(J22:J27) -> 2132.8019 | ... AI21: =SUM(AI22:AI27) -> 2082.0121 | AJ21: =IFERROR((AI21-$C21)/$C21,"NA") -> 0.026654183 | AK21: =IFERROR((AH21-AG21)/AG21,"NA") -> 0.098649633 | AL21: =IFERROR((AI21-AH21)/AH21,"NA") -> 0.0093186027 | AN21: =AI21/AI30 -> 0.44393691 | AO21: Petroleum % of Total Emissions
B22: Residential | C22: =C73*CtoCO2 -> 97.782412 | D22: =D73*CtoCO2 -> 97.95217 | E22: =E73*CtoCO2 -> 96.897398 | F22: =F73*CtoCO2 -> 95.382683 | G22: =G73*CtoCO2 -> 92.10948 | H22: =H73*CtoCO2 -> 88.696195 | I22: =I73*CtoCO2 -> 97.899891 | J22: =J73*CtoCO2 -> 93.391359 | ... AI22: =AI73*CtoCO2 -> 61.113012 | AJ22: =IFERROR((AI22-$C22)/$C22,"NA") -> -0.37501019 | AK22: =IFERROR((AH22-AG22)/AG22,"NA") -> 0.016306534 | AL22: =IFERROR((AI22-AH22)/AH22,"NA") -> 0.029071999
B23: Commercial | C23: =C74*CtoCO2 -> 74.317009 | D23: =D74*CtoCO2 -> 73.407834 | E23: =E74*CtoCO2 -> 64.61673 | F23: =F74*CtoCO2 -> 56.873975 | G23: =G74*CtoCO2 -> 56.369485 | H23: =H74*CtoCO2 -> 52.39124 | I23: =I74*CtoCO2 -> 54.832061 | J23: =J74*CtoCO2 -> 51.284956 | ... AI23: =AI74*CtoCO2 -> 51.063465 | AJ23: =IFERROR((AI23-$C23)/$C23,"NA") -> -0.31289667 | AK23: =IFERROR((AH23-AG23)/AG23,"NA") -> 0.024170734 | AL23: =IFERROR((AI23-AH23)/AH23,"NA") -> -0.083806923
B24: Industrial | C24: =C75*CtoCO2 -> 305.86837 | D24: =D75*CtoCO2 -> 292.78504 | E24: =E75*CtoCO2 -> 301.03099 | F24: =F75*CtoCO2 -> 293.10936 | G24: =G75*CtoCO2 -> 288.92185 | H24: =H75*CtoCO2 -> 291.98617 | I24: =I75*CtoCO2 -> 300.13888 | J24: =J75*CtoCO2 -> 294.15681 | ... AI24: =AI75*CtoCO2 -> 221.75315 | AJ24: =IFERROR((AI24-$C24)/$C24,"NA") -> -0.27500465 | AK24: =IFERROR((AH24-AG24)/AG24,"NA") -> 0.035998848 | AL24: =IFERROR((AI24-AH24)/AH24,"NA") -> -0.012852062
B25: Transportation | C25: =C76*CtoCO2 -> 1432.9433 | D25: =D76*CtoCO2 -> 1389.4564 | E25: =E76*CtoCO2 -> 1445.4199 | F25: =F76*CtoCO2 -> 1474.4524 | G25: =G76*CtoCO2 -> 1516.3845 | H25: =H76*CtoCO2 -> 1542.2801 | I25: =I76*CtoCO2 -> 1588.2793 | J25: =J76*CtoCO2 -> 1602.1285 | ... AI25: =AI76*CtoCO2 -> 1710.6019 | AJ25: =IFERROR((AI25-$C25)/$C25,"NA") -> 0.19376805 | AK25: =IFERROR((AH25-AG25)/AG25,"NA") -> 0.1150392 | AL25: =IFERROR((AI25-AH25)/AH25,"NA") -> 0.013176718
B26: Electric Power | C26: =C77*CtoCO2 -> 97.538491 | D26: =D77*CtoCO2 -> 90.678662 | E26: =E77*CtoCO2 -> 75.527743 | F26: =F77*CtoCO2 -> 86.415413 | G26: =G77*CtoCO2 -> 81.24685 | H26: =H77*CtoCO2 -> 58.711775 | I26: =I77*CtoCO2 -> 63.396293 | J26: =J77*CtoCO2 -> 72.207404 | ... AI26: =AI77*CtoCO2 -> 20.522249 | AJ26: =IFERROR((AI26-$C26)/$C26,"NA") -> -0.78959845 | AK26: =IFERROR((AH26-AG26)/AG26,"NA") -> 0.095700698 | AL26: =IFERROR((AI26-AH26)/AH26,"NA") -> 0.15858428
B27: U.S. Territories | C27: =C78*CtoCO2 -> 19.50896 | D27: =D78*CtoCO2 -> 18.719463 | E27: =E78*CtoCO2 -> 21.550453 | F27: =F78*CtoCO2 -> 22.209566 | G27: =G78*CtoCO2 -> 24.30933 | H27: =H78*CtoCO2 -> 21.118063 | I27: =I78*CtoCO2 -> 19.336238 | J27: =J78*CtoCO2 -> 19.632813 | ... AI27: =AI78*CtoCO2 -> 16.958327 | AJ27: =IFERROR((AI27-$C27)/$C27,"NA") -> -0.1307416 | AK27: =IFERROR((AH27-AG27)/AG27,"NA") -> -0.03351629 | AL27: =IFERROR((AI27-AH27)/AH27,"NA") -> -0.00012749355
B28: Geothermal* | C28: =SUM(C29) -> 0.53819392 | D28: =SUM(D29) -> 0.53913329 | E28: =SUM(E29) -> 0.54407239 | F28: =SUM(F29) -> 0.55549804 | G28: =SUM(G29) -> 0.51416615 | H28: =SUM(H29) -> 0.4278974 | I28: =SUM(I29) -> 0.46247774 | J28: =SUM(J29) -> 0.48008445 | ... AI28: =SUM(AI29) -> 0.38055713 | AJ28: =IFERROR((AI28-$C28)/$C28,"NA") -> -0.2928996 | AK28: =IFERROR((AH28-AG28)/AG28,"NA") -> -0.035330498 | AL28: =IFERROR((AI28-AH28)/AH28,"NA") -> 0.0093874641
B29: Electric Power | C29: =C79*CtoCO2 -> 0.53819392 | D29: =D79*CtoCO2 -> 0.53913329 | E29: =E79*CtoCO2 -> 0.54407239 | F29: =F79*CtoCO2 -> 0.55549804 | G29: =G79*CtoCO2 -> 0.51416615 | H29: =H79*CtoCO2 -> 0.4278974 | I29: =I79*CtoCO2 -> 0.46247774 | J29: =J79*CtoCO2 -> 0.48008445 | ... AI29: =AI79*CtoCO2 -> 0.38055713 | AJ29: =IFERROR((AI29-$C29)/$C29,"NA") -> -0.2928996 | AK29: =IFERROR((AH29-AG29)/AG29,"NA") -> -0.035330498 | AL29: =IFERROR((AI29-AH29)/AH29,"NA") -> 0.0093874641
B30: Total | C30: =SUM(C7,C14,C21,C28) -> 4746.9108 | D30: =SUM(D7,D14,D21,D28) -> 4700.2569 | E30: =SUM(E7,E14,E21,E28) -> 4792.8962 | F30: =SUM(F7,F14,F21,F28) -> 4909.1099 | G30: =SUM(G7,G14,G21,G28) -> 4971.4921 | H30: =SUM(H7,H14,H21,H28) -> 5030.9902 | I30: =SUM(I7,I14,I21,I28) -> 5205.8722 | J30: =SUM(J7,J14,J21,J28) -> 5266.2521 | ... AI30: =SUM(AI7,AI14,AI21,AI28) -> 4689.8828 | AJ30: =IFERROR((AI30-$C30)/$C30,"NA") -> -0.012013699 | AK30: =IFERROR((AH30-AG30)/AG30,"NA") -> 0.072392303 | AL30: =IFERROR((AI30-AH30)/AH30,"NA") -> 0.010174775 | AN30: =(AI30-C30)/C30 -> -0.012013699 | AO30: 90-22 change
B31: NE (Not Estimated)
B32: NO (Not Occurring)
B33: + Does not exceed 0.05 MMT of CO2 Eq.
B34: * Although not technically a fossil fuel, geothermal energy related CO2 emissions are included for reporting purposes.
B35: Note: Totals may not sum due to independent rounding.
B37: Fossil Fuel Carbon in Products (MMT CO2 Eq.)
B38: Non-energy Use Carbon Emitted (MMT CO2 Eq.) | C38: =SUM(C39:C41) -> 103.49629 | D38: =SUM(D39:D41) -> 107.22915 | E38: =SUM(E39:E41) -> 112.69644 | F38: =SUM(F39:F41) -> 101.15668 | G38: =SUM(G39:G41) -> 111.6357 | H38: =SUM(H39:H41) -> 109.02683 | I38: =SUM(I39:I41) -> 105.49199 | J38: =SUM(J39:J41) -> 117.30652 | ... AI38: =SUM(AI39:AI41) -> 116.02731 | AJ38: =IFERROR((AI38-$C38)/$C38,"NA") -> 0.12107706 | AK38: =IFERROR((AH38-AG38)/AG38,"NA") -> 0.119848 | AL38: =IFERROR((AI38-AH38)/AH38,"NA") -> -0.039953065
B39: Industrial | C39: ='Non-Energy Use'!E157 -> 88.302765 | D39: ='Non-Energy Use'!F157 -> 92.387602 | E39: ='Non-Energy Use'!G157 -> 99.548101 | F39: ='Non-Energy Use'!H157 -> 87.59689 | G39: ='Non-Energy Use'!I157 -> 98.135911 | H39: ='Non-Energy Use'!J157 -> 94.070486 | I39: ='Non-Energy Use'!K157 -> 89.727853 | J39: ='Non-Energy Use'!L157 -> 100.61528 | ... AI39: ='Non-Energy Use'!AK157 -> 107.52289 | AJ39: =IFERROR((AI39-$C39)/$C39,"NA") -> 0.21766162 | AK39: =IFERROR((AH39-AG39)/AG39,"NA") -> 0.12694449 | AL39: =IFERROR((AI39-AH39)/AH39,"NA") -> -0.046600766
B40: Transportation | C40: ='Non-Energy Use'!E174 -> 11.838675 | D40: ='Non-Energy Use'!F174 -> 10.590906 | E40: ='Non-Energy Use'!G174 -> 10.797881 | F40: ='Non-Energy Use'!H174 -> 10.995035 | G40: ='Non-Energy Use'!I174 -> 11.49199 | H40: ='Non-Energy Use'!J174 -> 11.294702 | I40: ='Non-Energy Use'!K174 -> 10.961335 | J40: ='Non-Energy Use'!L174 -> 11.579435 | ... AI40: ='Non-Energy Use'!AK174 -> 8.4341144 | AJ40: =IFERROR((AI40-$C40)/$C40,"NA") -> -0.28757955 | AK40: =IFERROR((AH40-AG40)/AG40,"NA") -> 0.029606885 | AL40: =IFERROR((AI40-AH40)/AH40,"NA") -> 0.053327509
B41: Territories | C41: ='Non-Energy Use'!E176 -> 3.354847 | D41: ='Non-Energy Use'!F176 -> 4.2506398 | E41: ='Non-Energy Use'!G176 -> 2.3504529 | F41: ='Non-Energy Use'!H176 -> 2.5647582 | G41: ='Non-Energy Use'!I176 -> 2.0077956 | H41: ='Non-Energy Use'!J176 -> 3.6616385 | I41: ='Non-Energy Use'!K176 -> 4.802799 | J41: ='Non-Energy Use'!L176 -> 5.1118096 | ... AI41: ='Non-Energy Use'!AK176 -> 0.070310903 | AJ41: =IFERROR((AI41-$C41)/$C41,"NA") -> -0.97904199 | AK41: =IFERROR((AH41-AG41)/AG41,"NA") -> 0.00053720059 | AL41: =IFERROR((AI41-AH41)/AH41,"NA") -> 0
B43: Fossil Fuel Carbon in Products (MMT CO2 Eq.)
B44: Non-energy Use Carbon Stored (MMT CO2 Eq.) | C44: =SUM(C45:C47) -> 193.37546 | D44: =SUM(D45:D47) -> 187.90246 | E44: =SUM(E45:E47) -> 196.9977 | F44: =SUM(F45:F47) -> 201.6811 | G44: =SUM(G45:G47) -> 212.15801 | H44: =SUM(H45:H47) -> 213.54258 | I44: =SUM(I45:I47) -> 221.21918 | J44: =SUM(J45:J47) -> 225.69841 | ... AI44: =SUM(AI45:AI47) -> 236.58506 | AJ44: =IFERROR((AI44-$C44)/$C44,"NA") -> 0.2234492 | AK44: =IFERROR((AH44-AG44)/AG44,"NA") -> 0.011279379 | AL44: =IFERROR((AI44-AH44)/AH44,"NA") -> 0.013586405
B45: Industrial | C45: =C91*CtoCO2 -> 191.80654 | D45: =D91*CtoCO2 -> 186.36005 | E45: =E91*CtoCO2 -> 195.6461 | F45: =F91*CtoCO2 -> 200.28593 | G45: =G91*CtoCO2 -> 210.77459 | H45: =H91*CtoCO2 -> 211.99543 | I45: =I91*CtoCO2 -> 219.57856 | J45: =J91*CtoCO2 -> 223.96166 | ... AI45: =AI91*CtoCO2 -> 235.72543 | AJ45: =IFERROR((AI45-$C45)/$C45,"NA") -> 0.22897497 | AK45: =IFERROR((AH45-AG45)/AG45,"NA") -> 0.011217075 | AL45: =IFERROR((AI45-AH45)/AH45,"NA") -> 0.013448536
B46: Transportation | C46: =C92*CtoCO2 -> 1.1966421 | D46: =D92*CtoCO2 -> 1.0705188 | E46: =E92*CtoCO2 -> 1.0914396 | F46: =F92*CtoCO2 -> 1.1113678 | G46: =G92*CtoCO2 -> 1.1615996 | H46: =H92*CtoCO2 -> 1.1416578 | I46: =I92*CtoCO2 -> 1.1079614 | J46: =J92*CtoCO2 -> 1.1704384 | ... AI46: =AI92*CtoCO2 -> 0.85251234 | AJ46: =IFERROR((AI46-$C46)/$C46,"NA") -> -0.28757955 | AK46: =IFERROR((AH46-AG46)/AG46,"NA") -> 0.029606885 | AL46: =IFERROR((AI46-AH46)/AH46,"NA") -> 0.053327509
B47: Territories | C47: =C93*CtoCO2 -> 0.37228243 | D47: =D93*CtoCO2 -> 0.4718912 | E47: =E93*CtoCO2 -> 0.26016885 | F47: =F93*CtoCO2 -> 0.28380822 | G47: =G93*CtoCO2 -> 0.22181478 | H47: =H93*CtoCO2 -> 0.40549288 | I47: =I93*CtoCO2 -> 0.53265285 | J47: =J93*CtoCO2 -> 0.56631207 | ... AI47: =AI93*CtoCO2 -> 0.0071097371 | AJ47: =IFERROR((AI47-$C47)/$C47,"NA") -> -0.9809023 | AK47: =IFERROR((AH47-AG47)/AG47,"NA") -> 0.00059031819 | AL47: =IFERROR((AI47-AH47)/AH47,"NA") -> 0
B49: International Bunker Fuels (MMT CO2 Eq.) | C49: =SUM(C50:C52) -> 103.6342 | D49: =SUM(D50:D52) -> 117.73979 | E49: =SUM(E50:E52) -> 108.00228 | F49: =SUM(F50:F52) -> 97.964647 | G49: =SUM(G50:G52) -> 96.811969 | H49: =SUM(H50:H52) -> 98.609419 | I49: =SUM(I50:I52) -> 99.861283 | J49: =SUM(J50:J52) -> 107.06338 | ... AI49: =SUM(AI50:AI52) -> 95.573671 | AJ49: =IFERROR((AI49-$C49)/$C49,"NA") -> -0.077778672 | AK49: =IFERROR((AH49-AG49)/AG49,"NA") -> 0.15138089 | AL49: =IFERROR((AI49-AH49)/AH49,"NA") -> 0.19198374
B50: Aviation Jet Fuel | C50: =C96*CtoCO2 -> 38.205228 | D50: =D96*CtoCO2 -> 46.509445 | E50: =E96*CtoCO2 -> 46.908664 | F50: =F96*CtoCO2 -> 47.025345 | G50: =G96*CtoCO2 -> 48.465031 | H50: =H96*CtoCO2 -> 50.020776 | I50: =I96*CtoCO2 -> 51.14065 | J50: =J96*CtoCO2 -> 54.587639 | ... AI50: =AI96*CtoCO2 -> 63.978682 | AJ50: =IFERROR((AI50-$C50)/$C50,"NA") -> 0.67460542 | AK50: =IFERROR((AH50-AG50)/AG50,"NA") -> 0.27726974 | AL50: =IFERROR((AI50-AH50)/AH50,"NA") -> 0.25913445
B51: Marine Residual Fuel Oil | C51: =C97*CtoCO2 -> 53.74434 | D51: =D97*CtoCO2 -> 60.187882 | E51: =E97*CtoCO2 -> 50.300653 | F51: =F97*CtoCO2 -> 40.094673 | G51: =G97*CtoCO2 -> 39.38436 | H51: =H97*CtoCO2 -> 39.289663 | I51: =I97*CtoCO2 -> 40.27951 | J51: =J97*CtoCO2 -> 43.193789 | ... AI51: =AI97*CtoCO2 -> 24.418594 | AJ51: =IFERROR((AI51-$C51)/$C51,"NA") -> -0.54565273 | AK51: =IFERROR((AH51-AG51)/AG51,"NA") -> -0.0057526196 | AL51: =IFERROR((AI51-AH51)/AH51,"NA") -> 0.11248646
B52: Marine Distillate Fuel Oil | C52: =C98*CtoCO2 -> 11.684633 | D52: =D98*CtoCO2 -> 11.042467 | E52: =E98*CtoCO2 -> 10.792966 | F52: =F98*CtoCO2 -> 10.844629 | G52: =G98*CtoCO2 -> 8.9625782 | H52: =H98*CtoCO2 -> 9.29898 | I52: =I98*CtoCO2 -> 8.441123 | J52: =J98*CtoCO2 -> 9.2819473 | ... AI52: =AI98*CtoCO2 -> 7.176395 | AJ52: =IFERROR((AI52-$C52)/$C52,"NA") -> -0.38582624 | AK52: =IFERROR((AH52-AG52)/AG52,"NA") -> -0.046432861 | AL52: =IFERROR((AI52-AH52)/AH52,"NA") -> -0.032719608
B56: (MMT Carbon)
B57: Fuel Type/Sector | C57: 1990 | D57: 1991 | E57: 1992 | F57: 1993 | G57: 1994 | H57: 1995 | I57: 1996 | J57: 1997 | K57: 1998 | L57: 1999 | M57: 2000 | N57: 2001 | O57: 2002 | P57: 2003 | Q57: 2004 | R57: 2005 | S57: 2006 | T57: 2007 | U57: 2008 | V57: 2009 | W57: 2010 | X57: 2011 | Y57: 2012 | Z57: 2013 | AA57: 2014 | AB57: 2015 | AC57: 2016 | AD57: 2017 | AE57: 2018 | AF57: 2019 | AG57: 2020 | AH57: 2021 | AI57: 2022 | AJ57: 21-22
B58: Coal | C58: =SUM(C59:C64) -> 469.03379 | D58: =SUM(D59:D64) -> 467.95677 | E58: =SUM(E59:E64) -> 472.62657 | F58: =SUM(F59:F64) -> 490.44606 | G58: =SUM(G59:G64) -> 492.2833 | H58: =SUM(H59:H64) -> 496.46351 | I58: =SUM(I59:I64) -> 519.61159 | J58: =SUM(J59:J64) -> 531.95709 | ... AI58: =SUM(AI59:AI64) -> 245.02057 | AJ58: =IFERROR((AI58-AH58)/AH58,"NA") -> -0.061625748
B59: Residential | C59: ='1990'!$AD$8 -> 0.81482598 | D59: ='1991'!$AD$8 -> 0.66596361 | E59: ='1992'!$AD$8 -> 0.67511951 | F59: ='1993'!$AD$8 -> 0.67356894 | G59: ='1994'!$AD$8 -> 0.54386784 | H59: ='1995'!$AD$8 -> 0.45591049 | I59: ='1996'!$AD$8 -> 0.43161278 | J59: ='1997'!$AD$8 -> 0.41404679 | K59: ='1998'!$AD$8 -> 0.3008851 | L59: ='1999'!$AD$8 -> 0.36311948 | M59: ='2000'!$AD$8 -> 0.29529733 | N59: ='2001'!$AD$8 -> 0.31113955 | O59: ='2002'!$AD$8 -> 0.31801383 | P59: ='2003'!$AD$8 -> 0.31875471 | Q59: ='2004'!$AD$8 -> 0.29597819 | R59: ='2005'!$AD$8 -> 0.21961509 | S59: ='2006'!$AD$8 -> 0.16828682 | T59: ='2007'!$AD$8 -> 0.20166406 | U59: ='2008'!$AD$8 -> 0 | V59: ='2009'!$AD$8 -> 0 | W59: ='2010'!$AD$8 -> 0 | X59: ='2011'!$AD$8 -> 0 | Y59: ='2012'!$AD$8 -> 0 | Z59: ='2013'!$AD$8 -> 0 | AA59: ='2014'!$AD$8 -> 0 | AB59: ='2015'!$AD$8 -> 0 | AC59: ='2016'!$AD$8 -> 0 | AD59: ='2017'!$AD$8 -> 0 | AE59: ='2018'!$AD$8 -> 0 | AF59: ='2019'!$AD$8 -> 0 | AG59: ='2020'!$AD$8 -> 0 | AH59: ='2021'!$AD$8 -> 0 | AI59: ='2022'!$AD$8 -> 0 | AJ59: =IFERROR((AI59-AH59)/AH59,"NA") -> NA
B60: Commercial | C60: ='1990'!$AE$8 -> 3.2593039 | D60: ='1991'!$AE$8 -> 3.033805 | E60: ='1992'!$AE$8 -> 3.0754888 | F60: ='1993'!$AE$8 -> 3.0685069 | G60: ='1994'!$AE$8 -> 3.0818482 | H60: ='1995'!$AE$8 -> 3.0511074 | I60: ='1996'!$AE$8 -> 3.1650823 | J60: ='1997'!$AE$8 -> 3.3500456 | K60: ='1998'!$AE$8 -> 2.4344908 | L60: ='1999'!$AE$8 -> 2.6627896 | M60: ='2000'!$AE$8 -> 2.3891837 | N60: ='2001'!$AE$8 -> 2.5174467 | O60: ='2002'!$AE$8 -> 2.332136 | P60: ='2003'!$AE$8 -> 2.1332647 | Q60: ='2004'!$AE$8 -> 2.663752 | R60: ='2005'!$AE$8 -> 2.5254824 | S60: ='2006'!$AE$8 -> 1.7014879 | T60: ='2007'!$AE$8 -> 1.8148988 | U60: ='2008'!$AE$8 -> 2.0759151 | V60: ='2009'!$AE$8 -> 1.8876258 | W60: ='2010'!$AE$8 -> 1.7935773 | X60: ='2011'!$AE$8 -> 1.5930288 | Y60: ='2012'!$AE$8 -> 1.1272576 | Z60: ='2013'!$AE$8 -> 1.0731707 | AA60: ='2014'!$AE$8 -> 1.0406584 | AB60: ='2015'!$AE$8 -> 0.80851967 | AC60: ='2016'!$AE$8 -> 0.61772505 | AD60: ='2017'!$AE$8 -> 0.53888644 | AE60: ='2018'!$AE$8 -> 0.48850748 | AF60: ='2019'!$AE$8 -> 0.43639069 | AG60: ='2020'!$AE$8 -> 0.38034318 | AH60: ='2021'!$AE$8 -> 0.39011371 | AI60: ='2022'!$AE$8 -> 0.37858082 | AJ60: =IFERROR((AI60-AH60)/AH60,"NA") -> -0.029562883
B61: Industrial | C61: ='1990'!$AF$8 -> 43.047011 | D61: ='1991'!$AF$8 -> 42.174059 | E61: ='1992'!$AF$8 -> 40.984081 | F61: ='1993'!$AF$8 -> 41.603943 | G61: ='1994'!$AF$8 -> 41.855189 | H61: ='1995'!$AF$8 -> 40.149733 | I61: ='1996'!$AF$8 -> 38.206194 | J61: ='1997'!$AF$8 -> 38.247178 | K61: ='1998'!$AF$8 -> 38.660619 | L61: ='1999'!$AF$8 -> 36.131097 | M61: ='2000'!$AF$8 -> 35.041066 | N61: ='2001'!$AF$8 -> 35.504076 | O61: ='2002'!$AF$8 -> 32.470294 | P61: ='2003'!$AF$8 -> 32.574147 | Q61: ='2004'!$AF$8 -> 32.845702 | R61: ='2005'!$AF$8 -> 32.138554 | S61: ='2006'!$AF$8 -> 31.521649 | T61: ='2007'!$AF$8 -> 30.211155 | U61: ='2008'!$AF$8 -> 28.92951 | V61: ='2009'!$AF$8 -> 23.745544 | W61: ='2010'!$AF$8 -> 25.681207 | X61: ='2011'!$AF$8 -> 23.441916 | Y61: ='2012'!$AF$8 -> 21.333903 | Z61: ='2013'!$AF$8 -> 21.693769 | AA61: ='2014'!$AF$8 -> 21.61167 | AB61: ='2015'!$AF$8 -> 19.082837 | AC61: ='2016'!$AF$8 -> 17.22281 | AD61: ='2017'!$AF$8 -> 16.001691 | AE61: ='2018'!$AF$8 -> 14.840933 | AF61: ='2019'!$AF$8 -> 13.488597 | AG61: ='2020'!$AF$8 -> 11.71808 | AH61: ='2021'!$AF$8 -> 11.734473 | AI61: ='2022'!$AF$8 -> 11.634543 | AJ61: =IFERROR((AI61-AH61)/AH61,"NA") -> -0.0085159048
B62: Transportation | C62: ='1990'!$AG$8 -> NO | D62: ='1991'!$AG$8 -> NO | E62: ='1992'!$AG$8 -> NO | F62: ='1993'!$AG$8 -> NO | G62: ='1994'!$AG$8 -> NO | H62: ='1995'!$AG$8 -> NE | I62: ='1996'!$AG$8 -> NO | J62: ='1997'!$AG$8 -> NO | K62: ='1998'!$AG$8 -> NO | L62: ='1999'!$AG$8 -> NO | M62: ='2000'!$AG$8 -> NO | N62: ='2001'!$AG$8 -> NO | O62: ='2002'!$AG$8 -> NO | P62: ='2003'!$AG$8 -> NO | Q62: ='2004'!$AG$8 -> NO | R62: ='2005'!$AG$8 -> NO | S62: ='2006'!$AG$8 -> NO | T62: ='2007'!$AG$8 -> NO | U62: ='2008'!$AG$8 -> NO | V62: ='2009'!$AG$8 -> NO | W62: ='2010'!$AG$8 -> NO | X62: ='2011'!$AG$8 -> NO | Y62: ='2012'!$AG$8 -> NO | Z62: ='2013'!$AG$8 -> NO | AA62: ='2014'!$AG$8 -> NO | AB62: ='2015'!$AG$8 -> NO | AC62: ='2016'!$AG$8 -> NO | AD62: ='2017'!$AG$8 -> NO | AE62: ='2018'!$AG$8 -> NO | AF62: ='2019'!$AG$8 -> NO | AG62: ='2020'!$AG$8 -> NO | AH62: ='2021'!$AG$8 -> NO | AI62: ='2022'!$AG$8 -> NO | AJ62: =IFERROR((AI62-AH62)/AH62,"NA") -> NA
B63: Electric Power | C63: ='1990'!$AH$8 -> 421.77651 | D63: ='1991'!$AH$8 -> 421.95667 | E63: ='1992'!$AH$8 -> 427.78404 | F63: ='1993'!$AH$8 -> 444.98695 | G63: ='1994'!$AH$8 -> 446.68714 | H63: ='1995'!$AH$8 -> 452.68934 | I63: ='1996'!$AH$8 -> 477.6882 | J63: ='1997'!$AH$8 -> 489.82333 | K63: ='1998'!$AH$8 -> 498.31301 | L63: ='1999'!$AH$8 -> 500.56425 | M63: ='2000'!$AH$8 -> 525.37231 | N63: ='2001'!$AH$8 -> 509.68214 | O63: ='2002'!$AH$8 -> 515.15309 | P63: ='2003'!$AH$8 -> 526.35182 | Q63: ='2004'!$AH$8 -> 529.64176 | R63: ='2005'!$AH$8 -> 540.75583 | S63: ='2006'!$AH$8 -> 532.55169 | T63: ='2007'!$AH$8 -> 541.70449 | U63: ='2008'!$AH$8 -> 534.10571 | V63: ='2009'!$AH$8 -> 474.58709 | W63: ='2010'!$AH$8 -> 498.33961 | X63: ='2011'!$AH$8 -> 469.73724 | Y63: ='2012'!$AH$8 -> 412.27994 | Z63: ='2013'!$AH$8 -> 428.52303 | AA63: ='2014'!$AH$8 -> 427.78805 | AB63: ='2015'!$AH$8 -> 368.56048 | AC63: ='2016'!$AH$8 -> 338.73182 | AD63: ='2017'!$AH$8 -> 329.20002 | AE63: ='2018'!$AH$8 -> 314.42084 | AF63: ='2019'!$AH$8 -> 265.51085 | AG63: ='2020'!$AH$8 -> 214.95263 | AH63: ='2021'!$AH$8 -> 248.1994 | AI63: ='2022'!$AH$8 -> 232.21965 | AJ63: =IFERROR((AI63-AH63)/AH63,"NA") -> -0.064382694
B64: U.S. Territories | C64: ='1990'!$AI$8 -> 0.13614099 | D64: ='1991'!$AI$8 -> 0.12626782 | E64: ='1992'!$AI$8 -> 0.10783751 | F64: ='1993'!$AI$8 -> 0.11309034 | G64: ='1994'!$AI$8 -> 0.11525327 | H64: ='1995'!$AI$8 -> 0.1174162 | I64: ='1996'!$AI$8 -> 0.1205061 | J64: ='1997'!$AI$8 -> 0.12248364 | K64: ='1998'!$AI$8 -> 0.12384319 | L64: ='1999'!$AI$8 -> 0.11463529 | M64: ='2000'!$AI$8 -> 0.12954651 | N64: ='2001'!$AI$8 -> 0.16277155 | O64: ='2002'!$AI$8 -> 0.55182808 | P64: ='2003'!$AI$8 -> 0.72651677 | Q64: ='2004'!$AI$8 -> 0.803374 | R64: ='2005'!$AI$8 -> 0.8219134 | S64: ='2006'!$AI$8 -> 0.92697 | T64: ='2007'!$AI$8 -> 0.92791933 | U64: ='2008'!$AI$8 -> 0.93638649 | V64: ='2009'!$AI$8 -> 0.92988577 | W64: ='2010'!$AI$8 -> 0.8715581 | X64: ='2011'!$AI$8 -> 0.93771318 | Y64: ='2012'!$AI$8 -> 0.8966854 | Z64: ='2013'!$AI$8 -> 0.89333163 | AA64: ='2014'!$AI$8 -> 0.93882354 | AB64: ='2015'!$AI$8 -> 0.90274817 | AC64: ='2016'!$AI$8 -> 0.89200563 | AD64: ='2017'!$AI$8 -> 0.62740441 | AE64: ='2018'!$AI$8 -> 0.69730333 | AF64: ='2019'!$AI$8 -> 0.97103823 | AG64: ='2020'!$AI$8 -> 0.84070611 | AH64: ='2021'!$AI$8 -> 0.78779154 | AI64: ='2022'!$AI$8 -> 0.78779154 | AJ64: =IFERROR((AI64-AH64)/AH64,"NA") -> 0
B65: Natural Gas | C65: =SUM(C66:C71) -> 272.35186 | D65: =SUM(D66:D71) -> 278.42091 | E65: =SUM(E66:E71) -> 287.5486 | F65: =SUM(F66:F71) -> 295.03876 | G65: =SUM(G66:G71) -> 301.79936 | H65: =SUM(H66:H71) -> 315.00343 | I65: =SUM(I66:I71) -> 320.80487 | J65: =SUM(J66:J71) -> 322.48932 | ... AI65: =SUM(AI66:AI71) -> 466.11311 | AJ65: =IFERROR((AI65-AH65)/AH65,"NA") -> 0.053643306
B66: Residential | C66: ='1990'!$AD$17 -> 64.853867 | D66: ='1991'!$AD$17 -> 67.449919 | E66: ='1992'!$AD$17 -> 69.434994 | F66: ='1993'!$AD$17 -> 73.153453 | G66: ='1994'!$AD$17 -> 71.71188 | H66: ='1995'!$AD$17 -> 71.663375 | I66: ='1996'!$AD$17 -> 77.452351 | J66: ='1997'!$AD$17 -> 73.670133 | K66: ='1998'!$AD$17 -> 67.129003 | L66: ='1999'!$AD$17 -> 69.921604 | M66: ='2000'!$AD$17 -> 73.856154 | N66: ='2001'!$AD$17 -> 70.687899 | O66: ='2002'!$AD$17 -> 72.287232 | P66: ='2003'!$AD$17 -> 75.32055 | Q66: ='2004'!$AD$17 -> 72.048757 | R66: ='2005'!$AD$17 -> 71.516892 | S66: ='2006'!$AD$17 -> 64.715018 | T66: ='2007'!$AD$17 -> 69.929428 | U66: ='2008'!$AD$17 -> 72.454771 | V66: ='2009'!$AD$17 -> 70.651641 | W66: ='2010'!$AD$17 -> 70.612166 | X66: ='2011'!$AD$17 -> 69.564009 | Y66: ='2012'!$AD$17 -> 61.391312 | Z66: ='2013'!$AD$17 -> 72.641055 | AA66: ='2014'!$AD$17 -> 75.72862 | AB66: ='2015'!$AD$17 -> 68.924704 | AC66: ='2016'!$AD$17 -> 65.013337 | AD66: ='2017'!$AD$17 -> 65.859844 | AE66: ='2018'!$AD$17 -> 74.676645 | AF66: ='2019'!$AD$17 -> 75.127876 | AG66: ='2020'!$AD$17 -> 69.916732 | AH66: ='2021'!$AD$17 -> 70.540109 | AI66: ='2022'!$AD$17 -> 74.178223 | AJ66: =IFERROR((AI66-AH66)/AH66,"NA") -> 0.05157512
B67: Commercial | C67: ='1990'!$AE$17 -> 38.734019 | D67: ='1991'!$AE$17 -> 40.398664 | E67: ='1992'!$AE$17 -> 41.493896 | F67: ='1993'!$AE$17 -> 42.23463 | G67: ='1994'!$AE$17 -> 42.825822 | H67: ='1995'!$AE$17 -> 44.784125 | I67: ='1996'!$AE$17 -> 46.669347 | J67: ='1997'!$AE$17 -> 47.522838 | K67: ='1998'!$AE$17 -> 44.544374 | L67: ='1999'!$AE$17 -> 45.049124 | M67: ='2000'!$AE$17 -> 47.044927 | N67: ='2001'!$AE$17 -> 44.781783 | O67: ='2002'!$AE$17 -> 46.490457 | P67: ='2003'!$AE$17 -> 47.147976 | Q67: ='2004'!$AE$17 -> 46.302726 | R67: ='2005'!$AE$17 -> 44.434114 | S67: ='2006'!$AE$17 -> 41.954061 | T67: ='2007'!$AE$17 -> 44.615572 | U67: ='2008'!$AE$17 -> 46.689069 | V67: ='2009'!$AE$17 -> 46.105454 | W67: ='2010'!$AE$17 -> 45.809693 | X67: ='2011'!$AE$17 -> 46.564914 | Y67: ='2012'!$AE$17 -> 42.829853 | Z67: ='2013'!$AE$17 -> 48.878073 | AA67: ='2014'!$AE$17 -> 51.597106 | AB67: ='2015'!$AE$17 -> 47.839569 | AC67: ='2016'!$AE$17 -> 46.511063 | AD67: ='2017'!$AE$17 -> 47.233668 | AE67: ='2018'!$AE$17 -> 52.507741 | AF67: ='2019'!$AE$17 -> 52.613511 | AG67: ='2020'!$AE$17 -> 47.304568 | AH67: ='2021'!$AE$17 -> 49.189861 | AI67: ='2022'!$AE$17 -> 52.435206 | AJ67: =IFERROR((AI67-AH67)/AH67,"NA") -> 0.065975887
B68: Industrial | C68: ='1990'!$AF$17 -> 111.12016 | D68: ='1991'!$AF$17 -> 112.79849 | E68: ='1992'!$AF$17 -> 117.08383 | F68: ='1993'!$AF$17 -> 119.17696 | G68: ='1994'!$AF$17 -> 119.51145 | H68: ='1995'!$AF$17 -> 125.85491 | I68: ='1996'!$AF$17 -> 130.15283 | J68: ='1997'!$AF$17 -> 130.33258 | K68: ='1998'!$AF$17 -> 127.15325 | L68: ='1999'!$AF$17 -> 121.53312 | M68: ='2000'!$AF$17 -> 124.95947 | N68: ='2001'!$AF$17 -> 114.70913 | O68: ='2002'!$AF$17 -> 116.75726 | P68: ='2003'!$AF$17 -> 113.20528 | Q68: ='2004'!$AF$17 -> 114.24166 | R68: ='2005'!$AF$17 -> 105.75938 | S68: ='2006'!$AF$17 -> 105.66425 | T68: ='2007'!$AF$17 -> 108.2643 | U68: ='2008'!$AF$17 -> 108.72304 | V68: ='2009'!$AF$17 -> 102.05445 | W68: ='2010'!$AF$17 -> 111.02441 | X68: ='2011'!$AF$17 -> 113.77355 | Y68: ='2012'!$AF$17 -> 118.3293 | Z68: ='2013'!$AF$17 -> 122.98258 | AA68: ='2014'!$AF$17 -> 127.07347 | AB68: ='2015'!$AF$17 -> 125.35808 | AC68: ='2016'!$AF$17 -> 126.5407 | AD68: ='2017'!$AF$17 -> 127.67268 | AE68: ='2018'!$AF$17 -> 134.58245 | AF68: ='2019'!$AF$17 -> 136.77505 | AG68: ='2020'!$AF$17 -> 133.55917 | AH68: ='2021'!$AF$17 -> 136.68182 | AI68: ='2022'!$AF$17 -> 139.48524 | AJ68: =IFERROR((AI68-AH68)/AH68,"NA") -> 0.020510599
B69: Transportation | C69: ='1990'!$AG$17 -> 9.8183533 | D69: ='1991'!$AG$17 -> 8.9648178 | E69: ='1992'!$AG$17 -> 8.7882453 | F69: ='1993'!$AG$17 -> 9.3148947 | G69: ='1994'!$AG$17 -> 10.244401 | H69: ='1995'!$AG$17 -> 10.472116 | I69: ='1996'!$AG$17 -> 10.659209 | J69: ='1997'!$AG$17 -> 11.287375 | K69: ='1998'!$AG$17 -> 9.6241047 | L69: ='1999'!$AG$17 -> 9.7665963 | M69: ='2000'!$AG$17 -> 9.7227479 | N69: ='2001'!$AG$17 -> 9.5143625 | O69: ='2002'!$AG$17 -> 10.114667 | P69: ='2003'!$AG$17 -> 9.0719322 | Q69: ='2004'!$AG$17 -> 8.7074044 | R69: ='2005'!$AG$17 -> 9.0207057 | S69: ='2006'!$AG$17 -> 9.0362052 | T69: ='2007'!$AG$17 -> 9.5948907 | U69: ='2008'!$AG$17 -> 10.009541 | V69: ='2009'!$AG$17 -> 10.343175 | W69: ='2010'!$AG$17 -> 10.407053 | X69: ='2011'!$AG$17 -> 10.620814 | Y69: ='2012'!$AG$17 -> 11.284912 | Z69: ='2013'!$AG$17 -> 12.831613 | AA69: ='2014'!$AG$17 -> 10.974033 | AB69: ='2015'!$AG$17 -> 10.747065 | AC69: ='2016'!$AG$17 -> 10.925129 | AD69: ='2017'!$AG$17 -> 11.524843 | AE69: ='2018'!$AG$17 -> 13.886027 | AF69: ='2019'!$AG$17 -> 16.071482 | AG69: ='2020'!$AG$17 -> 15.996489 | AH69: ='2021'!$AG$17 -> 17.779368 | AI69: ='2022'!$AG$17 -> 19.134902 | AJ69: =IFERROR((AI69-AH69)/AH69,"NA") -> 0.076241988
B70: Electric Power | C70: ='1990'!$AH$17 -> 47.825465 | D70: ='1991'!$AH$17 -> 48.809022 | E70: ='1992'!$AH$17 -> 50.747634 | F70: ='1993'!$AH$17 -> 51.158824 | G70: ='1994'!$AH$17 -> 57.505804 | H70: ='1995'!$AH$17 -> 62.228906 | I70: ='1996'!$AH$17 -> 55.871129 | J70: ='1997'!$AH$17 -> 59.67639 | K70: ='1998'!$AH$17 -> 67.545308 | L70: ='1999'!$AH$17 -> 70.894149 | M70: ='2000'!$AH$17 -> 76.58756 | N70: ='2001'!$AH$17 -> 78.91599 | O70: ='2002'!$AH$17 -> 83.456933 | P70: ='2003'!$AH$17 -> 75.852926 | Q70: ='2004'!$AH$17 -> 80.931899 | R70: ='2005'!$AH$17 -> 86.961383 | S70: ='2006'!$AH$17 -> 92.17499 | T70: ='2007'!$AH$17 -> 101.30867 | U70: ='2008'!$AH$17 -> 98.758903 | V70: ='2009'!$AH$17 -> 101.60393 | W70: ='2010'!$AH$17 -> 108.96493 | X70: ='2011'!$AH$17 -> 111.66262 | Y70: ='2012'!$AH$17 -> 134.39787 | Z70: ='2013'!$AH$17 -> 121.13616 | AA70: ='2014'!$AH$17 -> 120.786 | AB70: ='2015'!$AH$17 -> 143.2256 | AC70: ='2016'!$AH$17 -> 148.63422 | AD70: ='2017'!$AH$17 -> 137.90036 | AE70: ='2018'!$AH$17 -> 157.61876 | AF70: ='2019'!$AH$17 -> 168.17692 | AG70: ='2020'!$AH$17 -> 173.14068 | AH70: ='2021'!$AH$17 -> 167.1213 | AI70: ='2022'!$AH$17 -> 179.81051 | AJ70: =IFERROR((AI70-AH70)/AH70,"NA") -> 0.075928177
B71: U.S. Territories | C71: NO | D71: NO | E71: NO | F71: NO | G71: NO | H71: NO | I71: NO | J71: NO | K71: NO | L71: NO | M71: ='2000'!$AI$17 -> 0.183306 | N71: ='2001'!$AI$17 -> 0.33068639 | O71: ='2002'!$AI$17 -> 0.32970561 | P71: ='2003'!$AI$17 -> 0.38842528 | Q71: ='2004'!$AI$17 -> 0.35640203 | R71: ='2005'!$AI$17 -> 0.35168235 | S71: ='2006'!$AI$17 -> 0.3779273 | T71: ='2007'!$AI$17 -> 0.38616043 | U71: ='2008'!$AI$17 -> 0.42308331 | V71: ='2009'!$AI$17 -> 0.39630965 | W71: ='2010'!$AI$17 -> 0.40268051 | X71: ='2011'!$AI$17 -> 0.39192289 | Y71: ='2012'!$AI$17 -> 0.71174545 | Z71: ='2013'!$AI$17 -> 0.84222969 | AA71: ='2014'!$AI$17 -> 0.87526327 | AB71: ='2015'!$AI$17 -> 0.82852664 | AC71: ='2016'!$AI$17 -> 0.91772614 | AD71: ='2017'!$AI$17 -> 0.69424129 | AE71: ='2018'!$AI$17 -> 0.90110938 | AF71: ='2019'!$AI$17 -> 1.0290062 | AG71: ='2020'!$AI$17 -> 0.72206829 | AH71: ='2021'!$AI$17 -> 1.0698123 | AI71: ='2022'!$AI$17 -> 1.0690244 | AJ71: =IFERROR((AI71-AH71)/AH71,"NA") -> -0.00073655093
B72: Petroleum | C72: =SUM(C73:C78) -> 553.07959 | D72: =SUM(D73:D78) -> 535.36352 | E72: =SUM(E73:E78) -> 546.82996 | F72: =SUM(F73:F78) -> 553.21184 | G72: =SUM(G73:G78) -> 561.6386 | H72: =SUM(H73:H78) -> 560.5046 | I72: =SUM(I73:I78) -> 579.24074 | J72: =SUM(J73:J78) -> 581.67323 | ... AI72: =SUM(AI73:AI78) -> 567.82148 | AJ72: =IFERROR((AI72-AH72)/AH72,"NA") -> 0.0093186027
B73: Residential | C73: ='1990'!$AD$18 -> 26.667931 | D73: ='1991'!$AD$18 -> 26.714228 | E73: ='1992'!$AD$18 -> 26.426563 | F73: ='1993'!$AD$18 -> 26.013459 | G73: ='1994'!$AD$18 -> 25.120767 | H73: ='1995'!$AD$18 -> 24.189871 | I73: ='1996'!$AD$18 -> 26.69997 | J73: ='1997'!$AD$18 -> 25.470371 | K73: ='1998'!$AD$18 -> 23.009246 | L73: ='1999'!$AD$18 -> 25.417126 | M73: ='2000'!$AD$18 -> 27.222076 | N73: ='2001'!$AD$18 -> 28.006456 | O73: ='2002'!$AD$18 -> 25.857225 | P73: ='2003'!$AD$18 -> 28.018702 | Q73: ='2004'!$AD$18 -> 28.283389 | R73: ='2005'!$AD$18 -> 26.06603 | S73: ='2006'!$AD$18 -> 22.657266 | T73: ='2007'!$AD$18 -> 22.636169 | U73: ='2008'!$AD$18 -> 22.187211 | V73: ='2009'!$AD$18 -> 20.965007 | W73: ='2010'!$AD$18 -> 20.61385 | X73: ='2011'!$AD$18 -> 19.435881 | Y73: ='2012'!$AD$18 -> 15.66277 | Z73: ='2013'!$AD$18 -> 17.158446 | AA73: ='2014'!$AD$18 -> 18.83517 | AB73: ='2015'!$AD$18 -> 17.698169 | AC73: ='2016'!$AD$18 -> 14.947899 | AD73: ='2017'!$AD$18 -> 14.312592 | AE73: ='2018'!$AD$18 -> 17.761447 | AF73: ='2019'!$AD$18 -> 18.391631 | AG73: ='2020'!$AD$18 -> 15.936457 | AH73: ='2021'!$AD$18 -> 16.196325 | AI73: ='2022'!$AD$18 -> 16.667185 | AJ73: =IFERROR((AI73-AH73)/AH73,"NA") -> 0.029071999
B74: Commercial | C74: ='1990'!$AE$18 -> 20.268275 | D74: ='1991'!$AE$18 -> 20.020318 | E74: ='1992'!$AE$18 -> 17.622745 | F74: ='1993'!$AE$18 -> 15.511084 | G74: ='1994'!$AE$18 -> 15.373496 | H74: ='1995'!$AE$18 -> 14.28852 | I74: ='1996'!$AE$18 -> 14.954198 | J74: ='1997'!$AE$18 -> 13.986806 | K74: ='1998'!$AE$18 -> 13.053319 | L74: ='1999'!$AE$18 -> 12.487281 | M74: ='2000'!$AE$18 -> 15.074251 | N74: ='2001'!$AE$18 -> 15.002053 | O74: ='2002'!$AE$18 -> 13.62643 | P74: ='2003'!$AE$18 -> 16.203647 | Q74: ='2004'!$AE$18 -> 15.923477 | R74: ='2005'!$AE$18 -> 14.943781 | S74: ='2006'!$AE$18 -> 13.995307 | T74: ='2007'!$AE$18 -> 14.264236 | U74: ='2008'!$AE$18 -> 13.162029 | V74: ='2009'!$AE$18 -> 14.108993 | W74: ='2010'!$AE$18 -> 13.564412 | X74: ='2011'!$AE$18 -> 13.096203 | Y74: ='2012'!$AE$18 -> 10.705375 | Z74: ='2013'!$AE$18 -> 11.228486 | AA74: ='2014'!$AE$18 -> 10.785558 | AB74: ='2015'!$AE$18 -> 18.116946 | AC74: ='2016'!$AE$18 -> 16.10595 | AD74: ='2017'!$AE$18 -> 15.612872 | AE74: ='2018'!$AE$18 -> 14.175679 | AF74: ='2019'!$AE$18 -> 15.609002 | AG74: ='2020'!$AE$18 -> 14.841558 | AH74: ='2021'!$AE$18 -> 15.200289 | AI74: ='2022'!$AE$18 -> 13.926399 | AJ74: =IFERROR((AI74-AH74)/AH74,"NA") -> -0.083806923
B75: Industrial | C75: ='1990'!$AF$18 -> 83.418646 | D75: ='1991'!$AF$18 -> 79.850464 | E75: ='1992'!$AF$18 -> 82.09936 | F75: ='1993'!$AF$18 -> 79.938917 | G75: ='1994'!$AF$18 -> 78.79687 | H75: ='1995'!$AF$18 -> 79.632592 | I75: ='1996'!$AF$18 -> 81.856057 | J75: ='1997'!$AF$18 -> 80.224584 | K75: ='1998'!$AF$18 -> 80.364495 | L75: ='1999'!$AF$18 -> 74.439256 | M75: ='2000'!$AF$18 -> 81.890643 | N75: ='2001'!$AF$18 -> 85.229204 | O75: ='2002'!$AF$18 -> 83.894019 | P75: ='2003'!$AF$18 -> 85.546838 | Q75: ='2004'!$AF$18 -> 91.107255 | R75: ='2005'!$AF$18 -> 92.148256 | S75: ='2006'!$AF$18 -> 98.39101 | T75: ='2007'!$AF$18 -> 94.337896 | U75: ='2008'!$AF$18 -> 84.973556 | V75: ='2009'!$AF$18 -> 76.861482 | W75: ='2010'!$AF$18 -> 78.213808 | X75: ='2011'!$AF$18 -> 78.540713 | Y75: ='2012'!$AF$18 -> 78.320687 | Z75: ='2013'!$AF$18 -> 81.724069 | AA75: ='2014'!$AF$18 -> 74.146437 | AB75: ='2015'!$AF$18 -> 72.202049 | AC75: ='2016'!$AF$18 -> 71.509691 | AD75: ='2017'!$AF$18 -> 68.732451 | AE75: ='2018'!$AF$18 -> 70.180404 | AF75: ='2019'!$AF$18 -> 67.406895 | AG75: ='2020'!$AF$18 -> 59.136667 | AH75: ='2021'!$AF$18 -> 61.265519 | AI75: ='2022'!$AF$18 -> 60.478131 | AJ75: =IFERROR((AI75-AH75)/AH75,"NA") -> -0.012852062
B76: Transportation | C76: ='1990'!$AG$18 -> 390.80271 | D76: ='1991'!$AG$18 -> 378.94266 | E76: ='1992'!$AG$18 -> 394.20542 | F76: ='1993'!$AG$18 -> 402.12339 | G76: ='1994'!$AG$18 -> 413.55942 | H76: ='1995'!$AG$18 -> 420.62184 | I76: ='1996'!$AG$18 -> 433.16709 | J76: ='1997'!$AG$18 -> 436.94414 | K76: ='1998'!$AG$18 -> 448.26326 | L76: ='1999'!$AG$18 -> 466.50913 | M76: ='2000'!$AG$18 -> 479.05959 | N76: ='2001'!$AG$18 -> 471.15766 | O76: ='2002'!$AG$18 -> 481.61761 | P76: ='2003'!$AG$18 -> 485.1056 | Q76: ='2004'!$AG$18 -> 494.53461 | R76: ='2005'!$AG$18 -> 497.85716 | S76: ='2006'!$AG$18 -> 498.00007 | T76: ='2007'!$AG$18 -> 497.87897 | U76: ='2008'!$AG$18 -> 469.90355 | V76: ='2009'!$AG$18 -> 450.15153 | W76: ='2010'!$AG$18 -> 452.306 | X76: ='2011'!$AG$18 -> 444.9367 | Y76: ='2012'!$AG$18 -> 441.27909 | Z76: ='2013'!$AG$18 -> 442.36273 | AA76: ='2014'!$AG$18 -> 454.66598 | AB76: ='2015'!$AG$18 -> 457.90234 | AC76: ='2016'!$AG$18 -> 468.50393 | AD76: ='2017'!$AG$18 -> 474.01365 | AE76: ='2018'!$AG$18 -> 480.60524 | AF76: ='2019'!$AG$18 -> 479.37461 | AG76: ='2020'!$AG$18 -> 412.95448 | AH76: ='2021'!$AG$18 -> 460.46043 | AI76: ='2022'!$AG$18 -> 466.52779 | AJ76: =IFERROR((AI76-AH76)/AH76,"NA") -> 0.013176718
B77: Electric Power | C77: ='1990'!$AH$18 -> 26.601407 | D77: ='1991'!$AH$18 -> 24.730544 | E77: ='1992'!$AH$18 -> 20.598475 | F77: ='1993'!$AH$18 -> 23.56784 | G77: ='1994'!$AH$18 -> 22.158232 | H77: ='1995'!$AH$18 -> 16.012302 | I77: ='1996'!$AH$18 -> 17.289898 | J77: ='1997'!$AH$18 -> 19.692928 | K77: ='1998'!$AH$18 -> 27.617104 | L77: ='1999'!$AH$18 -> 25.590901 | M77: ='2000'!$AH$18 -> 24.143025 | N77: ='2001'!$AH$18 -> 26.880277 | O77: ='2002'!$AH$18 -> 20.960417 | P77: ='2003'!$AH$18 -> 25.9439 | Q77: ='2004'!$AH$18 -> 26.139606 | R77: ='2005'!$AH$18 -> 26.71819 | S77: ='2006'!$AH$18 -> 14.529852 | T77: ='2007'!$AH$18 -> 14.444861 | U77: ='2008'!$AH$18 -> 10.469086 | V77: ='2009'!$AH$18 -> 8.7849369 | W77: ='2010'!$AH$18 -> 8.5715445 | X77: ='2011'!$AH$18 -> 7.0449692 | Y77: ='2012'!$AH$18 -> 4.9999387 | Z77: ='2013'!$AH$18 -> 6.1145591 | AA77: ='2014'!$AH$18 -> 6.9011917 | AB77: ='2015'!$AH$18 -> 6.4566679 | AC77: ='2016'!$AH$18 -> 5.8521849 | AD77: ='2017'!$AH$18 -> 5.1601744 | AE77: ='2018'!$AH$18 -> 6.0588351 | AF77: ='2019'!$AH$18 -> 4.4076296 | AG77: ='2020'!$AH$18 -> 4.4089377 | AH77: ='2021'!$AH$18 -> 4.8308761 | AI77: ='2022'!$AH$18 -> 5.5969771 | AJ77: =IFERROR((AI77-AH77)/AH77,"NA") -> 0.15858428
B78: U.S. Territories | C78: ='1990'!$AI$18 -> 5.3206255 | D78: ='1991'!$AI$18 -> 5.105308 | E78: ='1992'!$AI$18 -> 5.8773963 | F78: ='1993'!$AI$18 -> 6.0571543 | G78: ='1994'!$AI$18 -> 6.6298172 | H78: ='1995'!$AI$18 -> 5.7594717 | I78: ='1996'!$AI$18 -> 5.2735195 | J78: ='1997'!$AI$18 -> 5.3544034 | K78: ='1998'!$AI$18 -> 5.1794112 | L78: ='1999'!$AI$18 -> 4.1048089 | M78: ='2000'!$AI$18 -> 9.7861227 | N78: ='2001'!$AI$18 -> 13.047617 | O78: ='2002'!$AI$18 -> 11.432434 | P78: ='2003'!$AI$18 -> 12.620699 | Q78: ='2004'!$AI$18 -> 13.271586 | R78: ='2005'!$AI$18 -> 12.96891 | S78: ='2006'!$AI$18 -> 12.675367 | T78: ='2007'!$AI$18 -> 11.407705 | U78: ='2008'!$AI$18 -> 9.1306276 | V78: ='2009'!$AI$18 -> 9.2987187 | W78: ='2010'!$AI$18 -> 8.1357526 | X78: ='2011'!$AI$18 -> 7.9601076 | Y78: ='2012'!$AI$18 -> 7.3789965 | Z78: ='2013'!$AI$18 -> 5.9358132 | AA78: ='2014'!$AI$18 -> 5.8981636 | AB78: ='2015'!$AI$18 -> 6.0508032 | AC78: ='2016'!$AI$18 -> 5.3261016 | AD78: ='2017'!$AI$18 -> 5.7544501 | AE78: ='2018'!$AI$18 -> 5.4713648 | AF78: ='2019'!$AI$18 -> 4.7670682 | AG78: ='2020'!$AI$18 -> 4.785997 | AH78: ='2021'!$AI$18 -> 4.6255881 | AI78: ='2022'!$AI$18 -> 4.6249984 | AJ78: =IFERROR((AI78-AH78)/AH78,"NA") -> -0.00012749355
B79: Geothermal | C79: ='1990'!$AJ$42 -> 0.14678016 | D79: ='1991'!$AJ$42 -> 0.14703635 | E79: ='1992'!$AJ$42 -> 0.14838338 | F79: ='1993'!$AJ$42 -> 0.15149947 | G79: ='1994'!$AJ$42 -> 0.14022713 | H79: ='1995'!$AJ$42 -> 0.11669929 | I79: ='1996'!$AJ$42 -> 0.12613029 | J79: ='1997'!$AJ$42 -> 0.13093212 | K79: ='1998'!$AJ$42 -> 0.13038641 | L79: ='1999'!$AJ$42 -> 0.13229163 | M79: ='2000'!$AJ$42 -> 0.12574392 | N79: ='2001'!$AJ$42 -> 0.12259742 | O79: ='2002'!$AJ$42 -> 0.12785836 | P79: ='2003'!$AJ$42 -> 0.12727843 | Q79: ='2004'!$AJ$42 -> 0.12745739 | R79: ='2005'!$AJ$42 -> 0.1257321 | S79: ='2006'!$AJ$42 -> 0.12407191 | T79: ='2007'!$AJ$42 -> 0.12488521 | U79: ='2008'!$AJ$42 -> 0.1205074 | V79: ='2009'!$AJ$42 -> 0.11837613 | W79: ='2010'!$AJ$42 -> 0.11636426 | X79: ='2011'!$AJ$42 -> 0.11893586 | Y79: ='2012'!$AJ$42 -> 0.11929268 | Z79: ='2013'!$AJ$42 -> 0.11809539 | AA79: ='2014'!$AJ$42 -> 0.11544529 | AB79: ='2015'!$AJ$42 -> 0.11301502 | AC79: ='2016'!$AJ$42 -> 0.11037553 | AD79: ='2017'!$AJ$42 -> 0.11200337 | AE79: ='2018'!$AJ$42 -> 0.11038697 | AF79: ='2019'!$AJ$42 -> 0.10118576 | AG79: ='2020'!$AJ$42 -> 0.1065889 | AH79: ='2021'!$AJ$42 -> 0.10282306 | AI79: ='2022'!$AJ$42 -> 0.10378831 | AJ79: =IFERROR((AI79-AH79)/AH79,"NA") -> 0.0093874641
B80: Total | C80: =SUM(C58,C65,C72,C79) -> 1294.612 | D80: =SUM(D58,D65,D72,D79) -> 1281.8882 | E80: =SUM(E58,E65,E72,E79) -> 1307.1535 | F80: =SUM(F58,F65,F72,F79) -> 1338.8482 | G80: =SUM(G58,G65,G72,G79) -> 1355.8615 | H80: =SUM(H58,H65,H72,H79) -> 1372.0882 | I80: =SUM(I58,I65,I72,I79) -> 1419.7833 | J80: =SUM(J58,J65,J72,J79) -> 1436.2506 | ... AI80: =SUM(AI58,AI65,AI72,AI79) -> 1279.0589 | AJ80: =IFERROR((AI80-AH80)/AH80,"NA") -> 0.010174775
B81: Annual Percent Change | D81: =(D80-C80)/C80 -> -0.0098282644 | E81: =(E80-D80)/D80 -> 0.019709417 | F81: =(F80-E80)/E80 -> 0.02424708 | G81: =(G80-F80)/F80 -> 0.012707434 | H81: =(H80-G80)/G80 -> 0.011967854 | I81: =(I80-H80)/H80 -> 0.034760947 | J81: =(J80-I80)/I80 -> 0.011598419 | K81: =(K80-J80)/J80 -> 0.01197252 | ... AI81: =(AI80-AH80)/AH80 -> 0.010174775 | AJ81: =IFERROR((AI81-AH81)/AH81,"NA") -> -0.8594495
B82: Annualized Change from 1990 | D82: =((D80/$C80)^(1/(1991-1990)))-1 -> -0.0098282644 | E82: =((E80/$C80)^(1/(1992-1990)))-1 -> 0.0048320475 | F82: =((F80/$C80)^(1/(1993-1990)))-1 -> 0.011262485 | G82: =((G80/$C80)^(1/(1994-1990)))-1 -> 0.011623529 | H82: =((H80/$C80)^(1/(H57-1990)))-1 -> 0.011692385 | I82: =((I80/$C80)^(1/(1996-1990)))-1 -> 0.015501118 | J82: =((J80/$C80)^(1/(1997-1990)))-1 -> 0.014942669 | K82: =((K80/$C80)^(1/(1998-1990)))-1 -> 0.014570924 | L82: =((L80/$C80)^(1/(1999-1990)))-1 -> 0.013885421 | M82: =((M80/$C80)^(1/(M57-1990)))-1 -> 0.017037432 | N82: =((N80/$C80)^(1/(N57-1990)))-1 -> 0.013879071 | O82: =((O80/$C80)^(1/(O57-1990)))-1 -> 0.013341219 | P82: =((P80/$C80)^(1/(P57-1990)))-1 -> 0.013271841 | Q82: =((Q80/$C80)^(1/(Q57-1990)))-1 -> 0.013326405 | R82: =((R80/$C80)^(1/(R57-1990)))-1 -> 0.012739661 | S82: =((S80/$C80)^(1/(S57-1990)))-1 -> 0.010955064 | T82: =((T80/$C80)^(1/(T57-1990)))-1 -> 0.011183843 | ... AI82: =((AI80/$C80)^(1/(AI57-1990)))-1 -> -0.00037763013 | AJ82: =IFERROR((AI82-AH82)/AH82,"NA") -> -0.47272264
B83: Percent Change from 1990 | D83: =(D80-$C$80)/$C$80 -> -0.0098282644 | E83: =(E80-$C$80)/$C$80 -> 0.0096874436 | F83: =(F80-$C$80)/$C$80 -> 0.034169416 | G83: =(G80-$C$80)/$C$80 -> 0.047311055 | H83: =(H80-$C$80)/$C$80 -> 0.059845121 | I83: =(I80-$C$80)/$C$80 -> 0.096686342 | J83: =(J80-$C$80)/$C$80 -> 0.10940617 | K83: =(K80-$C$80)/$C$80 -> 0.12268856 | ... AI83: =(AI80-$C$80)/$C$80 -> -0.012013699 | AJ83: =IFERROR((AI83-AH83)/AH83,"NA") -> -0.45305225
B85: Non-energy Use Carbon Emitted (MMT Carbon) | C85: =SUM(C86:C88) -> 28.22626 | D85: =SUM(D86:D88) -> 29.244313 | E85: =SUM(E86:E88) -> 30.735391 | F85: =SUM(F86:F88) -> 27.588186 | G85: =SUM(G86:G88) -> 30.446099 | H85: =SUM(H86:H88) -> 29.734589 | I85: =SUM(I86:I88) -> 28.770542 | J85: =SUM(J86:J88) -> 31.992688 | ... AI85: =SUM(AI86:AI88) -> 31.643813 | AJ85: =IFERROR((AI85-AH85)/AH85,"NA") -> -0.039953065
B86: Industrial | C86: =C39*CO2toC -> 24.082572 | D86: =D39*CO2toC -> 25.196619 | E86: =E39*CO2toC -> 27.149482 | F86: =F39*CO2toC -> 23.890061 | G86: =G39*CO2toC -> 26.764339 | H86: =H39*CO2toC -> 25.655587 | I86: =I39*CO2toC -> 24.471233 | J86: =J39*CO2toC -> 27.44053 | ... AI86: =AI39*CO2toC -> 29.324424 | AJ86: =IFERROR((AI86-AH86)/AH86,"NA") -> -0.046600766
B87: Transportation | C87: =C40*CO2toC -> 3.2287296 | D87: =D40*CO2toC -> 2.8884289 | E87: =E40*CO2toC -> 2.9448766 | F87: =F40*CO2toC -> 2.9986459 | G87: =G40*CO2toC -> 3.1341792 | H87: =H40*CO2toC -> 3.0803732 | I87: =I40*CO2toC -> 2.9894551 | J87: =J40*CO2toC -> 3.1580278 | ... AI87: =AI40*CO2toC -> 2.300213 | AJ87: =IFERROR((AI87-AH87)/AH87,"NA") -> 0.053327509
B88: Territories | C88: =C41*CO2toC -> 0.91495828 | D88: =D41*CO2toC -> 1.1592654 | E88: =E41*CO2toC -> 0.64103262 | F88: =F41*CO2toC -> 0.6994795 | G88: =G41*CO2toC -> 0.54758061 | H88: =H41*CO2toC -> 0.99862868 | I88: =I41*CO2toC -> 1.3098543 | J88: =J41*CO2toC -> 1.3941299 | ... AI88: =AI41*CO2toC -> 0.019175701 | AJ88: =IFERROR((AI88-AH88)/AH88,"NA") -> 0
B90: Non-energy Use Carbon Stored (MMT Carbon) | C90: =SUM(C91:C93) -> 52.738763 | D90: =SUM(D91:D93) -> 51.246124 | E90: =SUM(E91:E93) -> 53.726647 | F90: =SUM(F91:F93) -> 55.003938 | G90: =SUM(G91:G93) -> 57.861275 | H90: =SUM(H91:H93) -> 58.238886 | I90: =SUM(I91:I93) -> 60.332502 | J90: =SUM(J91:J93) -> 61.554111 | ... AI90: =SUM(AI91:AI93) -> 64.523197 | AJ90: =IFERROR((AI90-AH90)/AH90,"NA") -> 0.013586405
B91: Industrial | C91: ='Non-Energy Use'!E130 -> 52.310874 | D91: ='Non-Energy Use'!F130 -> 50.825467 | E91: ='Non-Energy Use'!G130 -> 53.358026 | F91: ='Non-Energy Use'!H130 -> 54.623435 | G91: ='Non-Energy Use'!I130 -> 57.48398 | H91: ='Non-Energy Use'!J130 -> 57.816936 | I91: ='Non-Energy Use'!K130 -> 59.885062 | J91: ='Non-Energy Use'!L130 -> 61.080452 | ... AI91: ='Non-Energy Use'!AK130 -> 64.288755 | AJ91: =IFERROR((AI91-AH91)/AH91,"NA") -> 0.013448536
B92: Transportation | C92: ='Non-Energy Use'!E147 -> 0.32635695 | D92: ='Non-Energy Use'!F147 -> 0.29195967 | E92: ='Non-Energy Use'!G147 -> 0.29766535 | F92: ='Non-Energy Use'!H147 -> 0.30310031 | G92: ='Non-Energy Use'!I147 -> 0.31679988 | H92: ='Non-Energy Use'!J147 -> 0.31136122 | I92: ='Non-Energy Use'!K147 -> 0.3021713 | J92: ='Non-Energy Use'!L147 -> 0.31921047 | ... AI92: ='Non-Energy Use'!AK147 -> 0.23250336 | AJ92: =IFERROR((AI92-AH92)/AH92,"NA") -> 0.053327509
B93: Territories | C93: ='Non-Energy Use'!E149 -> 0.10153157 | D93: ='Non-Energy Use'!F149 -> 0.1286976 | E93: ='Non-Energy Use'!G149 -> 0.070955141 | F93: ='Non-Energy Use'!H149 -> 0.077402242 | G93: ='Non-Energy Use'!I149 -> 0.060494939 | H93: ='Non-Energy Use'!J149 -> 0.11058897 | I93: ='Non-Energy Use'!K149 -> 0.14526896 | J93: ='Non-Energy Use'!L149 -> 0.15444875 | ... AI93: ='Non-Energy Use'!AK149 -> 0.0019390192 | AJ93: =IFERROR((AI93-AH93)/AH93,"NA") -> 0
B95: International Bunker Fuels (MMT Carbon) | C95: =SUM(C96:C98) -> 28.263873 | D95: =SUM(D96:D98) -> 32.110853 | E95: =SUM(E96:E98) -> 29.455168 | F95: =SUM(F96:F98) -> 26.717631 | G95: =SUM(G96:G98) -> 26.403264 | H95: =SUM(H96:H98) -> 26.893478 | I95: =SUM(I96:I98) -> 27.234895 | J95: =SUM(J96:J98) -> 29.199102 | ... AI95: =SUM(AI96:AI98) -> 26.065547 | AJ95: =IFERROR((AI95-AH95)/AH95,"NA") -> 0.19198374
B96: Aviation Jet Fuel | C96: ='International Bunker Fuels'!D24 -> 10.419608 | D96: ='International Bunker Fuels'!E24 -> 12.684394 | E96: ='International Bunker Fuels'!F24 -> 12.793272 | F96: ='International Bunker Fuels'!G24 -> 12.825094 | G96: ='International Bunker Fuels'!H24 -> 13.217736 | H96: ='International Bunker Fuels'!I24 -> 13.64203 | I96: ='International Bunker Fuels'!J24 -> 13.94745 | J96: ='International Bunker Fuels'!K24 -> 14.887538 | ... AI96: ='International Bunker Fuels'!AJ24 -> 17.448731 | AJ96: =IFERROR((AI96-AH96)/AH96,"NA") -> 0.25913445
B97: Marine Residual Fuel Oil | C97: ='International Bunker Fuels'!D25 -> 14.657547 | D97: ='International Bunker Fuels'!E25 -> 16.414877 | E97: ='International Bunker Fuels'!F25 -> 13.71836 | F97: ='International Bunker Fuels'!G25 -> 10.934911 | G97: ='International Bunker Fuels'!H25 -> 10.741189 | H97: ='International Bunker Fuels'!I25 -> 10.715363 | I97: ='International Bunker Fuels'!J25 -> 10.985321 | J97: ='International Bunker Fuels'!K25 -> 11.780124 | ... AI97: ='International Bunker Fuels'!AJ25 -> 6.6596166 | AJ97: =IFERROR((AI97-AH97)/AH97,"NA") -> 0.11248646
B98: Marine Distillate Fuel Oil | C98: ='International Bunker Fuels'!D26 -> 3.1867181 | D98: ='International Bunker Fuels'!E26 -> 3.011582 | E98: ='International Bunker Fuels'!F26 -> 2.9435362 | F98: ='International Bunker Fuels'!G26 -> 2.957626 | G98: ='International Bunker Fuels'!H26 -> 2.4443395 | H98: ='International Bunker Fuels'!I26 -> 2.5360855 | I98: ='International Bunker Fuels'!J26 -> 2.3021244 | J98: ='International Bunker Fuels'!K26 -> 2.5314402 | ... AI98: ='International Bunker Fuels'!AJ26 -> 1.9571986 | AJ98: =IFERROR((AI98-AH98)/AH98,"NA") -> -0.032719608
B101: CO2 Emissions from Fossil Fuel Combustion by Sector and Fuel Type (MMT CO2 Eq.)
B102: Sector/Fuel Type | C102: 1990 | D102: 1991 | E102: 1992 | F102: 1993 | G102: 1994 | H102: 1995 | I102: 1996 | J102: 1997 | K102: 1998 | L102: 1999 | M102: 2000 | N102: 2001 | O102: 2002 | P102: 2003 | Q102: 2004 | R102: 2005 | S102: 2006 | T102: 2007 | U102: 2008 | V102: 2009 | W102: 2010 | X102: 2011 | Y102: 2012 | Z102: 2013 | AA102: 2014 | AB102: 2015 | AC102: 2016 | AD102: 2017 | AE102: 2018 | AF102: 2019 | AG102: 2020 | AH102: 2021 | AI102: 2022 | AJ102: 90-22 | AK102: 21-22
B103: Residential | C103: =SUM(C104:C106) -> 338.56762 | D103: =SUM(D104:D106) -> 347.71041 | E103: =SUM(E104:E106) -> 353.96781 | F103: =SUM(F104:F106) -> 366.08176 | G103: =SUM(G104:G106) -> 357.04722 | H103: =SUM(H104:H106) -> 353.13358 | I103: =SUM(I104:I106) -> 383.47443 | J103: =SUM(J104:J106) -> 365.03335 | ... AI103: =SUM(AI104:AI106) -> 333.09983 | AJ103: =IFERROR((AI103-$C103)/$C103,"NA") -> -0.016149773 | AK103: =IFERROR((AI103-AH103)/AH103,"NA") -> 0.047373104
B104: Coal | C104: =C8 -> 2.9876953 | D104: =D8 -> 2.4418666 | E104: =E8 -> 2.4754382 | F104: =F8 -> 2.4697528 | G104: =G8 -> 1.9941821 | H104: =H8 -> 1.6716718 | I104: =I8 -> 1.5825802 | J104: =J8 -> 1.5181716 | ... AI104: =AI8 -> 0 | AJ104: =IFERROR((AI104-$C104)/$C104,"NA") -> -1 | AK104: =IFERROR((AI104-AH104)/AH104,"NA") -> NA
B105: Natural Gas | C105: =C15 -> 237.79751 | D105: =D15 -> 247.31637 | E105: =E15 -> 254.59498 | F105: =F15 -> 268.22933 | G105: =G15 -> 262.94356 | H105: =H15 -> 262.76571 | I105: =I15 -> 283.99195 | J105: =J15 -> 270.12382 | ... AI105: =AI15 -> 271.98682 | AJ105: =IFERROR((AI105-$C105)/$C105,"NA") -> 0.14377487 | AK105: =IFERROR((AI105-AH105)/AH105,"NA") -> 0.05157512 | AN105: =AI105/AI103 -> 0.81653244 | AO105: NG % of residential
B106: Petroleum | C106: =C22 -> 97.782412 | D106: =D22 -> 97.95217 | E106: =E22 -> 96.897398 | F106: =F22 -> 95.382683 | G106: =G22 -> 92.10948 | H106: =H22 -> 88.696195 | I106: =I22 -> 97.899891 | J106: =J22 -> 93.391359 | ... AI106: =AI22 -> 61.113012 | AJ106: =IFERROR((AI106-$C106)/$C106,"NA") -> -0.37501019 | AK106: =IFERROR((AI106-AH106)/AH106,"NA") -> 0.029071999
B107: Commercial | C107: =SUM(C108:C110) -> 228.29253 | D107: =SUM(D108:D110) -> 232.66022 | E107: =SUM(E108:E110) -> 228.03781 | F107: =SUM(F108:F110) -> 222.98548 | G107: =SUM(G108:G110) -> 224.69761 | H107: =SUM(H108:H110) -> 227.78709 | I107: =SUM(I108:I110) -> 237.5583 | J107: =SUM(J108:J110) -> 237.81886 | ... AI107: =SUM(AI108:AI110) -> 244.71402 | AJ107: =IFERROR((AI107-$C107)/$C107,"NA") -> 0.071931795 | AK107: =IFERROR((AI107-AH107)/AH107,"NA") -> 0.030254931
B108: Coal | C108: =C9 -> 11.950781 | D108: =D9 -> 11.123952 | E108: =E9 -> 11.276792 | F108: =F9 -> 11.251192 | G108: =G9 -> 11.30011 | H108: =H9 -> 11.187394 | I108: =I9 -> 11.605302 | J108: =J9 -> 12.2835 | ... AI108: =AI9 -> 1.3881297 | AJ108: =IFERROR((AI108-$C108)/$C108,"NA") -> -0.88384611 | AK108: =IFERROR((AI108-AH108)/AH108,"NA") -> -0.029562883
B109: Natural Gas | C109: =C16 -> 142.02474 | D109: =D16 -> 148.12843 | E109: =E16 -> 152.14428 | F109: =F16 -> 154.86031 | G109: =G16 -> 157.02801 | H109: =H16 -> 164.20846 | I109: =I16 -> 171.12094 | J109: =J16 -> 174.2504 | ... AI109: =AI16 -> 192.26242 | AJ109: =IFERROR((AI109-$C109)/$C109,"NA") -> 0.35372491 | AK109: =IFERROR((AI109-AH109)/AH109,"NA") -> 0.065975887 | AN109: =AI109/AI107 -> 0.78566167 | AO109: NG % of commercial
B110: Petroleum | C110: =C23 -> 74.317009 | D110: =D23 -> 73.407834 | E110: =E23 -> 64.61673 | F110: =F23 -> 56.873975 | G110: =G23 -> 56.369485 | H110: =H23 -> 52.39124 | I110: =I23 -> 54.832061 | J110: =J23 -> 51.284956 | ... AI110: =AI23 -> 51.063465 | AJ110: =IFERROR((AI110-$C110)/$C110,"NA") -> -0.31289667 | AK110: =IFERROR((AI110-AH110)/AH110,"NA") -> -0.083806923
B111: Industrial | C111: =SUM(C112:C114) -> 871.14799 | D111: =SUM(D112:D114) -> 861.01771 | E111: =SUM(E112:E114) -> 880.61333 | F111: =SUM(F112:F114) -> 882.63935 | G111: =SUM(G112:G114) -> 880.59953 | H111: =SUM(H112:H114) -> 900.66986 | I111: =SUM(I112:I114) -> 917.4553 | J111: =SUM(J112:J114) -> 912.28259 | ... AI111: =SUM(AI112:AI114) -> 775.85903 | AJ111: =IFERROR((AI111-$C111)/$C111,"NA") -> -0.1093832 | AK111: =IFERROR((AI111-AH111)/AH111,"NA") -> 0.0091381702
B112: Coal | C112: =C10 -> 157.83904 | D112: =D10 -> 154.63822 | E112: =E10 -> 150.27496 | F112: =F10 -> 152.54779 | G112: =G10 -> 153.46903 | H112: =H10 -> 147.21569 | I112: =I10 -> 140.08938 | J112: =J10 -> 140.23965 | ... AI112: =AI10 -> 42.659993 | AJ112: =IFERROR((AI112-$C112)/$C112,"NA") -> -0.72972471 | AK112: =IFERROR((AI112-AH112)/AH112,"NA") -> -0.0085159048
...

Sheet Oct 2023 MER Comparison
A1: Comparison to 2022 ER Results
B2: Difference from Previous Cycles' Estimates: | AM2: 2022PR:
B3: Fuel Type/Sector | C3: 1990 | D3: 1991 | E3: 1992 | F3: 1993 | G3: 1994 | H3: 1995 | I3: 1996 | J3: 1997 | K3: 1998 | L3: 1999 | M3: 2000 | N3: 2001 | O3: 2002 | P3: 2003 | Q3: 2004 | R3: 2005 | S3: 2006 | T3: 2007 | U3: 2008 | V3: 2009 | W3: 2010 | X3: 2011 | Y3: 2012 | Z3: 2013 | AA3: 2014 | AB3: 2015 | AC3: 2016 | AD3: 2017 | AE3: 2018 | AF3: 2019 | AG3: 2020 | AH3: 2021 | AI3: 2022 | AJ3: Average Annual Change | AM3: Fuel Type/Sector | AN3: 1990 | AO3: 1991 | AP3: 1992 | AQ3: 1993 | AR3: 1994 | AS3: 1995 | AT3: 1996 | AU3: 1997 | AV3: 1998 | AW3: 1999 | AX3: 2000 | AY3: 2001 | AZ3: 2002 | BA3: 2003 | BB3: 2004 | BC3: 2005 | BD3: 2006 | BE3: 2007 | BF3: 2008 | BG3: 2009 | BH3: 2010 | BI3: 2011 | BJ3: 2012 | BK3: 2013 | BL3: 2014 | BM3: 2015 | BN3: 2016 | BO3: 2017 | BP3: 2018 | BQ3: 2019 | BR3: 2020 | BS3: 2021 | BT3: 2022
B4: Coal | C4: =IFERROR((AN4-C31)/C31, "NA") -> -1.7727065e-06 | D4: =IFERROR((AO4-D31)/D31, "NA") -> -1.5378368e-06 | E4: =IFERROR((AP4-E31)/E31, "NA") -> -1.674823e-06 | F4: =IFERROR((AQ4-F31)/F31, "NA") -> -1.5487016e-06 | G4: =IFERROR((AR4-G31)/G31, "NA") -> -1.1467464e-06 | H4: =IFERROR((AS4-H31)/H31, "NA") -> -1.7005696e-06 | I4: =IFERROR((AT4-I31)/I31, "NA") -> -4.0439795e-06 | J4: =IFERROR((AU4-J31)/J31, "NA") -> -2.7398277e-06 | ... AI4: =IFERROR((BT4-AI31)/AI31, "NA") -> 0.0045058331 | AM4: Coal | AN4: ='Summary Table'!C7 -> 1719.7906 | AO4: ='Summary Table'!D7 -> 1715.8415 | AP4: ='Summary Table'!E7 -> 1732.9641 | AQ4: ='Summary Table'!F7 -> 1798.3022 | AR4: ='Summary Table'!G7 -> 1805.0388 | AS4: ='Summary Table'!H7 -> 1820.3662 | AT4: ='Summary Table'!I7 -> 1905.2425 | AU4: ='Summary Table'!J7 -> 1950.5093 | ... BT4: ='Summary Table'!AI7 -> 898.40875
B5: Residential | C5: =IFERROR((AN5-C32)/C32, "NA") -> 0 | D5: =IFERROR((AO5-D32)/D32, "NA") -> 0 | E5: =IFERROR((AP5-E32)/E32, "NA") -> 0 | F5: =IFERROR((AQ5-F32)/F32, "NA") -> 0 | G5: =IFERROR((AR5-G32)/G32, "NA") -> 0 | H5: =IFERROR((AS5-H32)/H32, "NA") -> 0 | I5: =IFERROR((AT5-I32)/I32, "NA") -> 0 | J5: =IFERROR((AU5-J32)/J32, "NA") -> 0 | ... AI5: =IFERROR((BT5-AI32)/AI32, "NA") -> NA | AM5: Residential | AN5: ='Summary Table'!C8 -> 2.9876953 | AO5: ='Summary Table'!D8 -> 2.4418666 | AP5: ='Summary Table'!E8 -> 2.4754382 | AQ5: ='Summary Table'!F8 -> 2.4697528 | AR5: ='Summary Table'!G8 -> 1.9941821 | AS5: ='Summary Table'!H8 -> 1.6716718 | AT5: ='Summary Table'!I8 -> 1.5825802 | AU5: ='Summary Table'!J8 -> 1.5181716 | ... BT5: ='Summary Table'!AI8 -> 0
B6: Commercial | C6: =IFERROR((AN6-C33)/C33, "NA") -> 0 | D6: =IFERROR((AO6-D33)/D33, "NA") -> 0 | E6: =IFERROR((AP6-E33)/E33, "NA") -> 0 | F6: =IFERROR((AQ6-F33)/F33, "NA") -> 0 | G6: =IFERROR((AR6-G33)/G33, "NA") -> 0 | H6: =IFERROR((AS6-H33)/H33, "NA") -> 0 | I6: =IFERROR((AT6-I33)/I33, "NA") -> 0 | J6: =IFERROR((AU6-J33)/J33, "NA") -> 0 | ... AI6: =IFERROR((BT6-AI33)/AI33, "NA") -> 0.0009037822 | AM6: Commercial | AN6: ='Summary Table'!C9 -> 11.950781 | AO6: ='Summary Table'!D9 -> 11.123952 | AP6: ='Summary Table'!E9 -> 11.276792 | AQ6: ='Summary Table'!F9 -> 11.251192 | AR6: ='Summary Table'!G9 -> 11.30011 | AS6: ='Summary Table'!H9 -> 11.187394 | AT6: ='Summary Table'!I9 -> 11.605302 | AU6: ='Summary Table'!J9 -> 12.2835 | ... BT6: ='Summary Table'!AI9 -> 1.3881297
B7: Industrial | C7: =IFERROR((AN7-C34)/C34, "NA") -> -1.9314806e-05 | D7: =IFERROR((AO7-D34)/D34, "NA") -> -1.7063332e-05 | E7: =IFERROR((AP7-E34)/E34, "NA") -> -1.9313643e-05 | F7: =IFERROR((AQ7-F34)/F34, "NA") -> -1.8256489e-05 | G7: =IFERROR((AR7-G34)/G34, "NA") -> -1.3487387e-05 | H7: =IFERROR((AS7-H34)/H34, "NA") -> -2.1027648e-05 | I7: =IFERROR((AT7-I34)/I34, "NA") -> -5.4996097e-05 | J7: =IFERROR((AU7-J34)/J34, "NA") -> -3.8105275e-05 | ... AI7: =IFERROR((BT7-AI34)/AI34, "NA") -> 0.00019310174 | AJ7: =AVERAGE(C7:AH7) -> -5.1846644e-05 | AM7: Industrial | AN7: ='Summary Table'!C10 -> 157.83904 | AO7: ='Summary Table'!D10 -> 154.63822 | AP7: ='Summary Table'!E10 -> 150.27496 | AQ7: ='Summary Table'!F10 -> 152.54779 | AR7: ='Summary Table'!G10 -> 153.46903 | AS7: ='Summary Table'!H10 -> 147.21569 | AT7: ='Summary Table'!I10 -> 140.08938 | AU7: ='Summary Table'!J10 -> 140.23965 | ... BT7: ='Summary Table'!AI10 -> 42.659993
B8: Transportation | C8: =IFERROR((AN8-C35)/C35, "NA") -> NA | D8: =IFERROR((AO8-D35)/D35, "NA") -> NA | E8: =IFERROR((AP8-E35)/E35, "NA") -> NA | F8: =IFERROR((AQ8-F35)/F35, "NA") -> NA | G8: =IFERROR((AR8-G35)/G35, "NA") -> NA | H8: =IFERROR((AS8-H35)/H35, "NA") -> NA | I8: =IFERROR((AT8-I35)/I35, "NA") -> NA | J8: =IFERROR((AU8-J35)/J35, "NA") -> NA | ... AI8: =IFERROR((BT8-AI35)/AI35, "NA") -> NA | AM8: Transportation | AN8: ='Summary Table'!C11 -> NO | AO8: ='Summary Table'!D11 -> NO | AP8: ='Summary Table'!E11 -> NO | AQ8: ='Summary Table'!F11 -> NO | AR8: ='Summary Table'!G11 -> NO | AS8: ='Summary Table'!H11 -> NO | AT8: ='Summary Table'!I11 -> NO | AU8: ='Summary Table'!J11 -> NO | ... BT8: ='Summary Table'!AI11 -> NO
B9: Electric Power | C9: =IFERROR((AN9-C36)/C36, "NA") -> 0 | D9: =IFERROR((AO9-D36)/D36, "NA") -> 0 | E9: =IFERROR((AP9-E36)/E36, "NA") -> 0 | F9: =IFERROR((AQ9-F36)/F36, "NA") -> 0 | G9: =IFERROR((AR9-G36)/G36, "NA") -> 0 | H9: =IFERROR((AS9-H36)/H36, "NA") -> 0 | I9: =IFERROR((AT9-I36)/I36, "NA") -> 0 | J9: =IFERROR((AU9-J36)/J36, "NA") -> 0 | ... AI9: =IFERROR((BT9-AI36)/AI36, "NA") -> 0.0047441435 | AM9: Electric Power | AN9: ='Summary Table'!C12 -> 1546.5139 | AO9: ='Summary Table'!D12 -> 1547.1745 | AP9: ='Summary Table'!E12 -> 1568.5415 | AQ9: ='Summary Table'!F12 -> 1631.6188 | AR9: ='Summary Table'!G12 -> 1637.8528 | AS9: ='Summary Table'!H12 -> 1659.8609 | AT9: ='Summary Table'!I12 -> 1751.5234 | AU9: ='Summary Table'!J12 -> 1796.0189 | ... BT9: ='Summary Table'!AI12 -> 851.47206
B10: U.S. Territories | C10: =IFERROR((AN10-C37)/C37, "NA") -> 0 | D10: =IFERROR((AO10-D37)/D37, "NA") -> 0 | E10: =IFERROR((AP10-E37)/E37, "NA") -> 0 | F10: =IFERROR((AQ10-F37)/F37, "NA") -> 0 | G10: =IFERROR((AR10-G37)/G37, "NA") -> 0 | H10: =IFERROR((AS10-H37)/H37, "NA") -> 0 | I10: =IFERROR((AT10-I37)/I37, "NA") -> 0 | J10: =IFERROR((AU10-J37)/J37, "NA") -> 0 | ... AI10: =IFERROR((BT10-AI37)/AI37, "NA") -> 0 | AJ10: =AVERAGE(C10:AH10) -> 0 | AM10: U.S. Territories | AN10: ='Summary Table'!C13 -> 0.49918364 | AO10: ='Summary Table'!D13 -> 0.46298199 | AP10: ='Summary Table'!E13 -> 0.3954042 | AQ10: ='Summary Table'!F13 -> 0.41466458 | AR10: ='Summary Table'!G13 -> 0.42259532 | AS10: ='Summary Table'!H13 -> 0.43052606 | AT10: ='Summary Table'!I13 -> 0.4418557 | AU10: ='Summary Table'!J13 -> 0.44910667 | ... BT10: ='Summary Table'!AI13 -> 2.888569
B11: Natural Gas | C11: =IFERROR((AN11-C38)/C38, "NA") -> 0 | D11: =IFERROR((AO11-D38)/D38, "NA") -> 0 | E11: =IFERROR((AP11-E38)/E38, "NA") -> 0 | F11: =IFERROR((AQ11-F38)/F38, "NA") -> 0 | G11: =IFERROR((AR11-G38)/G38, "NA") -> 0 | H11: =IFERROR((AS11-H38)/H38, "NA") -> 0 | I11: =IFERROR((AT11-I38)/I38, "NA") -> 0 | J11: =IFERROR((AU11-J38)/J38, "NA") -> 0 | ... AI11: =IFERROR((BT11-AI38)/AI38, "NA") -> -0.0019110309 | AJ11: =AVERAGE(AE11:AH11) -> 0.00070972887 | AM11: Natural Gas | AN11: ='Summary Table'!C14 -> 998.62349 | AO11: ='Summary Table'!D14 -> 1020.8767 | AP11: ='Summary Table'!E14 -> 1054.3449 | AQ11: ='Summary Table'!F14 -> 1081.8088 | AR11: ='Summary Table'!G14 -> 1106.5976 | AS11: ='Summary Table'!H14 -> 1155.0126 | AT11: ='Summary Table'!I14 -> 1176.2845 | AU11: ='Summary Table'!J14 -> 1182.4608 | ... BT11: ='Summary Table'!AI14 -> 1709.0814
B12: Residential | C12: =IFERROR((AN12-C39)/C39, "NA") -> 0 | D12: =IFERROR((AO12-D39)/D39, "NA") -> 0 | E12: =IFERROR((AP12-E39)/E39, "NA") -> 0 | F12: =IFERROR((AQ12-F39)/F39, "NA") -> 0 | G12: =IFERROR((AR12-G39)/G39, "NA") -> 0 | H12: =IFERROR((AS12-H39)/H39, "NA") -> 0 | I12: =IFERROR((AT12-I39)/I39, "NA") -> 0 | J12: =IFERROR((AU12-J39)/J39, "NA") -> 0 | ... AI12: =IFERROR((BT12-AI39)/AI39, "NA") -> -0.005461791 | AM12: Residential | AN12: ='Summary Table'!C15 -> 237.79751 | AO12: ='Summary Table'!D15 -> 247.31637 | AP12: ='Summary Table'!E15 -> 254.59498 | AQ12: ='Summary Table'!F15 -> 268.22933 | AR12: ='Summary Table'!G15 -> 262.94356 | AS12: ='Summary Table'!H15 -> 262.76571 | AT12: ='Summary Table'!I15 -> 283.99195 | AU12: ='Summary Table'!J15 -> 270.12382 | ... BT12: ='Summary Table'!AI15 -> 271.98682
B13: Commercial | C13: =IFERROR((AN13-C40)/C40, "NA") -> 0 | D13: =IFERROR((AO13-D40)/D40, "NA") -> 0 | E13: =IFERROR((AP13-E40)/E40, "NA") -> 0 | F13: =IFERROR((AQ13-F40)/F40, "NA") -> 0 | G13: =IFERROR((AR13-G40)/G40, "NA") -> 0 | H13: =IFERROR((AS13-H40)/H40, "NA") -> 0 | I13: =IFERROR((AT13-I40)/I40, "NA") -> 0 | J13: =IFERROR((AU13-J40)/J40, "NA") -> 0 | ... AI13: =IFERROR((BT13-AI40)/AI40, "NA") -> -0.0046697327 | AM13: Commercial | AN13: ='Summary Table'!C16 -> 142.02474 | AO13: ='Summary Table'!D16 -> 148.12843 | AP13: ='Summary Table'!E16 -> 152.14428 | AQ13: ='Summary Table'!F16 -> 154.86031 | AR13: ='Summary Table'!G16 -> 157.02801 | AS13: ='Summary Table'!H16 -> 164.20846 | AT13: ='Summary Table'!I16 -> 171.12094 | AU13: ='Summary Table'!J16 -> 174.2504 | ... BT13: ='Summary Table'!AI16 -> 192.26242
B14: Industrial | C14: =IFERROR((AN14-C41)/C41, "NA") -> 0 | D14: =IFERROR((AO14-D41)/D41, "NA") -> 0 | E14: =IFERROR((AP14-E41)/E41, "NA") -> 0 | F14: =IFERROR((AQ14-F41)/F41, "NA") -> 0 | G14: =IFERROR((AR14-G41)/G41, "NA") -> 0 | H14: =IFERROR((AS14-H41)/H41, "NA") -> 0 | I14: =IFERROR((AT14-I41)/I41, "NA") -> 0 | J14: =IFERROR((AU14-J41)/J41, "NA") -> 0 | ... AI14: =IFERROR((BT14-AI41)/AI41, "NA") -> -0.0021872625 | AM14: Industrial | AN14: ='Summary Table'!C17 -> 407.44058 | AO14: ='Summary Table'!D17 -> 413.59445 | AP14: ='Summary Table'!E17 -> 429.30738 | AQ14: ='Summary Table'!F17 -> 436.9822 | AR14: ='Summary Table'!G17 -> 438.20865 | AS14: ='Summary Table'!H17 -> 461.468 | AT14: ='Summary Table'!I17 -> 477.22705 | AU14: ='Summary Table'!J17 -> 477.88613 | ... BT14: ='Summary Table'!AI17 -> 511.44589
B15: Transportation | C15: =IFERROR((AN15-C42)/C42, "NA") -> 0 | D15: =IFERROR((AO15-D42)/D42, "NA") -> 0 | E15: =IFERROR((AP15-E42)/E42, "NA") -> 0 | F15: =IFERROR((AQ15-F42)/F42, "NA") -> 0 | G15: =IFERROR((AR15-G42)/G42, "NA") -> 0 | H15: =IFERROR((AS15-H42)/H42, "NA") -> 0 | I15: =IFERROR((AT15-I42)/I42, "NA") -> 0 | J15: =IFERROR((AU15-J42)/J42, "NA") -> 0 | ... AI15: =IFERROR((BT15-AI42)/AI42, "NA") -> 0.0272448 | AM15: Transportation | AN15: ='Summary Table'!C18 -> 36.000629 | AO15: ='Summary Table'!D18 -> 32.870999 | AP15: ='Summary Table'!E18 -> 32.223566 | AQ15: ='Summary Table'!F18 -> 34.154614 | AR15: ='Summary Table'!G18 -> 37.562805 | AS15: ='Summary Table'!H18 -> 38.39776 | AT15: ='Summary Table'!I18 -> 39.083768 | AU15: ='Summary Table'!J18 -> 41.387043 | ... BT15: ='Summary Table'!AI18 -> 70.161309
B16: Electric Power | C16: =IFERROR((AN16-C43)/C43, "NA") -> 0 | D16: =IFERROR((AO16-D43)/D43, "NA") -> 0 | E16: =IFERROR((AP16-E43)/E43, "NA") -> 0 | F16: =IFERROR((AQ16-F43)/F43, "NA") -> 0 | G16: =IFERROR((AR16-G43)/G43, "NA") -> 0 | H16: =IFERROR((AS16-H43)/H43, "NA") -> 0 | I16: =IFERROR((AT16-I43)/I43, "NA") -> 0 | J16: =IFERROR((AU16-J43)/J43, "NA") -> 0 | ... AI16: =IFERROR((BT16-AI43)/AI43, "NA") -> -0.0024456085 | AM16: Electric Power | AN16: ='Summary Table'!C19 -> 175.36004 | AO16: ='Summary Table'!D19 -> 178.96642 | AP16: ='Summary Table'!E19 -> 186.07466 | AQ16: ='Summary Table'!F19 -> 187.58235 | AR16: ='Summary Table'!G19 -> 210.85462 | AS16: ='Summary Table'!H19 -> 228.17266 | AT16: ='Summary Table'!I19 -> 204.86081 | AU16: ='Summary Table'!J19 -> 218.81343 | ... BT16: ='Summary Table'!AI19 -> 659.30521
B17: U.S. Territories | C17: =IFERROR((AN17-C44)/C44, "NA") -> NA | D17: =IFERROR((AO17-D44)/D44, "NA") -> NA | E17: =IFERROR((AP17-E44)/E44, "NA") -> NA | F17: =IFERROR((AQ17-F44)/F44, "NA") -> NA | G17: =IFERROR((AR17-G44)/G44, "NA") -> NA | H17: =IFERROR((AS17-H44)/H44, "NA") -> NA | I17: =IFERROR((AT17-I44)/I44, "NA") -> NA | J17: =IFERROR((AU17-J44)/J44, "NA") -> NA | ... AI17: =IFERROR((BT17-AI44)/AI44, "NA") -> 0 | AM17: U.S. Territories | AN17: ='Summary Table'!C20 -> NO | AO17: ='Summary Table'!D20 -> NO | AP17: ='Summary Table'!E20 -> NO | AQ17: ='Summary Table'!F20 -> NO | AR17: ='Summary Table'!G20 -> NO | AS17: ='Summary Table'!H20 -> NO | AT17: ='Summary Table'!I20 -> NO | AU17: ='Summary Table'!J20 -> NO | ... BT17: ='Summary Table'!AI20 -> 3.919756
B18: Petroleum | C18: =IFERROR((AN18-C45)/C45, "NA") -> 0.005178978 | D18: =IFERROR((AO18-D45)/D45, "NA") -> 0.0069443122 | E18: =IFERROR((AP18-E45)/E45, "NA") -> 0.0023127763 | F18: =IFERROR((AQ18-F45)/F45, "NA") -> 0.003475609 | G18: =IFERROR((AR18-G45)/G45, "NA") -> -0.0009980148 | H18: =IFERROR((AS18-H45)/H45, "NA") -> 0.00052935248 | I18: =IFERROR((AT18-I45)/I45, "NA") -> -0.0072277876 | J18: =IFERROR((AU18-J45)/J45, "NA") -> -0.0067330261 | ... AI18: =IFERROR((BT18-AI45)/AI45, "NA") -> -0.009189317 | AJ18: =AVERAGE(C18:AH18) -> -0.0033283759 | AK18: =AVERAGE(W18:AH18) -> -0.0058193162 | AM18: Petroleum | AN18: ='Summary Table'!C21 -> 2027.9585 | AO18: ='Summary Table'!D21 -> 1962.9996 | AP18: ='Summary Table'!E21 -> 2005.0432 | AQ18: ='Summary Table'!F21 -> 2028.4434 | AR18: ='Summary Table'!G21 -> 2059.3415 | AS18: ='Summary Table'!H21 -> 2055.1835 | AT18: ='Summary Table'!I21 -> 2123.8827 | AU18: ='Summary Table'!J21 -> 2132.8019 | ... BT18: ='Summary Table'!AI21 -> 2082.0121
B19: Residential | C19: =IFERROR((AN19-C46)/C46, "NA") -> -6.1917133e-08 | D19: =IFERROR((AO19-D46)/D46, "NA") -> 2.5730152e-07 | E19: =IFERROR((AP19-E46)/E46, "NA") -> -1.5289532e-07 | F19: =IFERROR((AQ19-F46)/F46, "NA") -> 3.9927293e-08 | G19: =IFERROR((AR19-G46)/G46, "NA") -> -1.9142887e-07 | H19: =IFERROR((AS19-H46)/H46, "NA") -> 6.1500966e-09 | I19: =IFERROR((AT19-I46)/I46, "NA") -> 7.3192651e-09 | J19: =IFERROR((AU19-J46)/J46, "NA") -> -1.9598857e-07 | ... AI19: =IFERROR((BT19-AI46)/AI46, "NA") -> 0.13464639 | AJ19: =AVERAGE(C19:AH19) -> 0.0047870786 | AM19: Residential | AN19: ='Summary Table'!C22 -> 97.782412 | AO19: ='Summary Table'!D22 -> 97.95217 | AP19: ='Summary Table'!E22 -> 96.897398 | AQ19: ='Summary Table'!F22 -> 95.382683 | AR19: ='Summary Table'!G22 -> 92.10948 | AS19: ='Summary Table'!H22 -> 88.696195 | AT19: ='Summary Table'!I22 -> 97.899891 | AU19: ='Summary Table'!J22 -> 93.391359 | ... BT19: ='Summary Table'!AI22 -> 61.113012
B20: Commercial | C20: =IFERROR((AN20-C47)/C47, "NA") -> -4.4628748e-08 | D20: =IFERROR((AO20-D47)/D47, "NA") -> 1.9092307e-07 | E20: =IFERROR((AP20-E47)/E47, "NA") -> -1.1857875e-07 | F20: =IFERROR((AQ20-F47)/F47, "NA") -> 3.3902695e-08 | G20: =IFERROR((AR20-G47)/G47, "NA") -> -1.6325799e-07 | H20: =IFERROR((AS20-H47)/H47, "NA") -> 5.5109496e-09 | I20: =IFERROR((AT20-I47)/I47, "NA") -> 6.8151465e-09 | J20: =IFERROR((AU20-J47)/J47, "NA") -> -1.8114134e-07 | ... AI20: =IFERROR((BT20-AI47)/AI47, "NA") -> 0.039454044 | AJ20: =AVERAGE(C20:AH20) -> 0.0033975582 | AM20: Commercial | AN20: ='Summary Table'!C23 -> 74.317009 | AO20: ='Summary Table'!D23 -> 73.407834 | AP20: ='Summary Table'!E23 -> 64.61673 | AQ20: ='Summary Table'!F23 -> 56.873975 | AR20: ='Summary Table'!G23 -> 56.369485 | AS20: ='Summary Table'!H23 -> 52.39124 | AT20: ='Summary Table'!I23 -> 54.832061 | AU20: ='Summary Table'!J23 -> 51.284956 | ... BT20: ='Summary Table'!AI23 -> 51.063465
B21: Industrial | C21: =IFERROR((AN21-C48)/C48, "NA") -> 0.035368826 | D21: =IFERROR((AO21-D48)/D48, "NA") -> 0.048478993 | E21: =IFERROR((AP21-E48)/E48, "NA") -> 0.015608871 | F21: =IFERROR((AQ21-F48)/F48, "NA") -> 0.024558029 | G21: =IFERROR((AR21-G48)/G48, "NA") -> -0.0070701967 | H21: =IFERROR((AS21-H48)/H48, "NA") -> 0.0037378634 | I21: =IFERROR((AT21-I48)/I48, "NA") -> -0.048994476 | J21: =IFERROR((AU21-J48)/J48, "NA") -> -0.04684658 | ... AI21: =IFERROR((BT21-AI48)/AI48, "NA") -> -0.10634211 | AJ21: =AVERAGE(C21:AH21) -> -0.02654473 | AK21: =AVERAGE(W21:AH21) -> -0.051017987 | AM21: Industrial | AN21: ='Summary Table'!C24 -> 305.86837 | AO21: ='Summary Table'!D24 -> 292.78504 | AP21: ='Summary Table'!E24 -> 301.03099 | AQ21: ='Summary Table'!F24 -> 293.10936 | AR21: ='Summary Table'!G24 -> 288.92185 | AS21: ='Summary Table'!H24 -> 291.98617 | AT21: ='Summary Table'!I24 -> 300.13888 | AU21: ='Summary Table'!J24 -> 294.15681 | ... BT21: ='Summary Table'!AI24 -> 221.75315
B22: Transportation | C22: =IFERROR((AN22-C49)/C49, "NA") -> 0 | D22: =IFERROR((AO22-D49)/D49, "NA") -> 0 | E22: =IFERROR((AP22-E49)/E49, "NA") -> 0 | F22: =IFERROR((AQ22-F49)/F49, "NA") -> 0 | G22: =IFERROR((AR22-G49)/G49, "NA") -> 0 | H22: =IFERROR((AS22-H49)/H49, "NA") -> 0 | I22: =IFERROR((AT22-I49)/I49, "NA") -> 0 | J22: =IFERROR((AU22-J49)/J49, "NA") -> 0 | ... AI22: =IFERROR((BT22-AI49)/AI49, "NA") -> -0.0013037982 | AJ22: =AVERAGE(C22:AH22) -> 7.2541617e-06 | AK22: =AVERAGE(W22:AH22) -> 1.9344431e-05 | AM22: Transportation | AN22: ='Summary Table'!C25 -> 1432.9433 | AO22: ='Summary Table'!D25 -> 1389.4564 | AP22: ='Summary Table'!E25 -> 1445.4199 | AQ22: ='Summary Table'!F25 -> 1474.4524 | AR22: ='Summary Table'!G25 -> 1516.3845 | AS22: ='Summary Table'!H25 -> 1542.2801 | AT22: ='Summary Table'!I25 -> 1588.2793 | AU22: ='Summary Table'!J25 -> 1602.1285 | ... BT22: ='Summary Table'!AI25 -> 1710.6019
B23: Electric Power | C23: =IFERROR((AN23-C50)/C50, "NA") -> 0 | D23: =IFERROR((AO23-D50)/D50, "NA") -> 0 | E23: =IFERROR((AP23-E50)/E50, "NA") -> 0 | F23: =IFERROR((AQ23-F50)/F50, "NA") -> 0 | G23: =IFERROR((AR23-G50)/G50, "NA") -> 0 | H23: =IFERROR((AS23-H50)/H50, "NA") -> 0 | I23: =IFERROR((AT23-I50)/I50, "NA") -> 0 | J23: =IFERROR((AU23-J50)/J50, "NA") -> 0 | ... AI23: =IFERROR((BT23-AI50)/AI50, "NA") -> 0.0059246864 | AJ23: =AVERAGE(C23:AH23) -> 0 | AM23: Electric Power | AN23: ='Summary Table'!C26 -> 97.538491 | AO23: ='Summary Table'!D26 -> 90.678662 | AP23: ='Summary Table'!E26 -> 75.527743 | AQ23: ='Summary Table'!F26 -> 86.415413 | AR23: ='Summary Table'!G26 -> 81.24685 | AS23: ='Summary Table'!H26 -> 58.711775 | AT23: ='Summary Table'!I26 -> 63.396293 | AU23: ='Summary Table'!J26 -> 72.207404 | ... BT23: ='Summary Table'!AI26 -> 20.522249
B24: U.S. Territories | C24: =IFERROR((AN24-C51)/C51, "NA") -> 0 | D24: =IFERROR((AO24-D51)/D51, "NA") -> 0 | E24: =IFERROR((AP24-E51)/E51, "NA") -> 0 | F24: =IFERROR((AQ24-F51)/F51, "NA") -> 0 | G24: =IFERROR((AR24-G51)/G51, "NA") -> 0 | H24: =IFERROR((AS24-H51)/H51, "NA") -> 0 | I24: =IFERROR((AT24-I51)/I51, "NA") -> 0 | J24: =IFERROR((AU24-J51)/J51, "NA") -> 0 | ... AI24: =IFERROR((BT24-AI51)/AI51, "NA") -> 4.9992394e-06 | AJ24: =AVERAGE(C24:AH24) -> 0 | AK24: =AVERAGE(W24:AH24) -> 0 | AM24: U.S. Territories | AN24: ='Summary Table'!C27 -> 19.50896 | AO24: ='Summary Table'!D27 -> 18.719463 | AP24: ='Summary Table'!E27 -> 21.550453 | AQ24: ='Summary Table'!F27 -> 22.209566 | AR24: ='Summary Table'!G27 -> 24.30933 | AS24: ='Summary Table'!H27 -> 21.118063 | AT24: ='Summary Table'!I27 -> 19.336238 | AU24: ='Summary Table'!J27 -> 19.632813 | ... BT24: ='Summary Table'!AI27 -> 16.958327
B25: Geothermal | C25: =IFERROR((AN25-C52)/C52, "NA") -> 0 | D25: =IFERROR((AO25-D52)/D52, "NA") -> 0 | E25: =IFERROR((AP25-E52)/E52, "NA") -> 0 | F25: =IFERROR((AQ25-F52)/F52, "NA") -> 0 | G25: =IFERROR((AR25-G52)/G52, "NA") -> 0 | H25: =IFERROR((AS25-H52)/H52, "NA") -> 0 | I25: =IFERROR((AT25-I52)/I52, "NA") -> 0 | J25: =IFERROR((AU25-J52)/J52, "NA") -> 0 | ... AI25: =IFERROR((BT25-AI52)/AI52, "NA") -> -0.0045391773 | AM25: Geothermal | AN25: ='Summary Table'!C28 -> 0.53819392 | AO25: ='Summary Table'!D28 -> 0.53913329 | AP25: ='Summary Table'!E28 -> 0.54407239 | AQ25: ='Summary Table'!F28 -> 0.55549804 | AR25: ='Summary Table'!G28 -> 0.51416615 | AS25: ='Summary Table'!H28 -> 0.4278974 | AT25: ='Summary Table'!I28 -> 0.46247774 | AU25: ='Summary Table'!J28 -> 0.48008445 | ... BT25: ='Summary Table'!AI28 -> 0.38055713
B26: Electric Power | C26: =IFERROR((AN26-C53)/C53, "NA") -> 0 | D26: =IFERROR((AO26-D53)/D53, "NA") -> 0 | E26: =IFERROR((AP26-E53)/E53, "NA") -> 0 | F26: =IFERROR((AQ26-F53)/F53, "NA") -> 0 | G26: =IFERROR((AR26-G53)/G53, "NA") -> 0 | H26: =IFERROR((AS26-H53)/H53, "NA") -> 0 | I26: =IFERROR((AT26-I53)/I53, "NA") -> 0 | J26: =IFERROR((AU26-J53)/J53, "NA") -> 0 | ... AI26: =IFERROR((BT26-AI53)/AI53, "NA") -> -0.0045391773 | AM26: Electric Power | AN26: ='Summary Table'!C29 -> 0.53819392 | AO26: ='Summary Table'!D29 -> 0.53913329 | AP26: ='Summary Table'!E29 -> 0.54407239 | AQ26: ='Summary Table'!F29 -> 0.55549804 | AR26: ='Summary Table'!G29 -> 0.51416615 | AS26: ='Summary Table'!H29 -> 0.4278974 | AT26: ='Summary Table'!I29 -> 0.46247774 | AU26: ='Summary Table'!J29 -> 0.48008445 | ... BT26: ='Summary Table'!AI29 -> 0.38055713
B27: Total | C27: =IFERROR((AN27-C54)/C54, "NA") -> 0.0022053557 | D27: =IFERROR((AO27-D54)/D54, "NA") -> 0.0028879532 | E27: =IFERROR((AP27-E54)/E54, "NA") -> 0.00096561207 | F27: =IFERROR((AQ27-F54)/F54, "NA") -> 0.0014326291 | G27: =IFERROR((AR27-G54)/G54, "NA") -> -0.00041406558 | H27: =IFERROR((AS27-H54)/H54, "NA") -> 0.00021555974 | I27: =IFERROR((AT27-I54)/I54, "NA") -> -0.0029629236 | J27: =IFERROR((AU27-J54)/J54, "NA") -> -0.0027388143 | ... AI27: =IFERROR((BT27-AI54)/AI54, "NA") -> -0.003940562 | AJ27: =AVERAGE(C27:AH27) -> -0.0013941767 | AM27: Total | AN27: ='Summary Table'!C30 -> 4746.9108 | AO27: ='Summary Table'!D30 -> 4700.2569 | AP27: ='Summary Table'!E30 -> 4792.8962 | AQ27: ='Summary Table'!F30 -> 4909.1099 | AR27: ='Summary Table'!G30 -> 4971.4921 | AS27: ='Summary Table'!H30 -> 5030.9902 | AT27: ='Summary Table'!I30 -> 5205.8722 | AU27: ='Summary Table'!J30 -> 5266.2521 | ... BT27: ='Summary Table'!AI30 -> 4689.8828 | BU27: Average Annual Change
AN28: =AN27-C54 -> 10.445591 | AO28: =AO27-D54 -> 13.535033 | AP28: =AP27-E54 -> 4.6236138 | AQ28: =AQ27-F54 -> 7.0228727 | AR28: =AR27-G54 -> -2.0593765 | AS28: =AS27-H54 -> 1.0842452 | AT28: =AT27-I54 -> -15.470439 | AU28: =AU27-J54 -> -14.462898 | ... BT28: =BT27-AI54 -> -18.553887
B29: ER2022:
B30: Fuel Type/Sector | C30: 1990 | D30: 1991 | E30: 1992 | F30: 1993 | G30: 1994 | H30: 1995 | I30: 1996 | J30: 1997 | K30: 1998 | L30: 1999 | M30: 2000 | N30: 2001 | O30: 2002 | P30: 2003 | Q30: 2004 | R30: 2005 | S30: 2006 | T30: 2007 | U30: 2008 | V30: 2009 | W30: 2010 | X30: 2011 | Y30: 2012 | Z30: 2013 | AA30: 2014 | AB30: 2015 | AC30: 2016 | AD30: 2017 | AE30: 2018 | AF30: 2019 | AG30: 2020 | AH30: 2021 | AI30: 2022
B31: Coal | C31: 1719.7936 | D31: 1715.8441 | E31: 1732.967 | F31: 1798.305 | G31: 1805.0408 | H31: 1820.3693 | I31: 1905.2502 | J31: 1950.5147 | K31: 1979.3917 | L31: 1979.4021 | M31: 2065.1733 | N31: 2009.9898 | O31: 2019.6989 | P31: 2061.0558 | Q31: 2076.259 | R31: 2113.6971 | S31: 2078.5288 | T31: 2107.8261 | U31: 2075.5129 | V31: 1837.554 | W31: 1931.1865 | X31: 1817.6083 | Y31: 1597.3443 | Z31: 1658.011 | AA31: 1655.0621 | AB31: 1427.6382 | AC31: 1310.7067 | AD31: 1270.0204 | AE31: 1211.6465 | AF31: 1028.1637 | AG31: 835.60549 | AH31: 957.41585 | AI31: 894.37883
B32: Residential | C32: 2.9876953 | D32: 2.4418666 | E32: 2.4754382 | F32: 2.4697528 | G32: 1.9941821 | H32: 1.6716718 | I32: 1.5825802 | J32: 1.5181716 | K32: 1.1032454 | L32: 1.3314381 | M32: 1.0827569 | N32: 1.140845 | O32: 1.1660507 | P32: 1.1687673 | Q32: 1.0852534 | R32: 0.80525533 | S32: 0.61705166 | T32: 0.73943487 | U32: 0 | V32: 0 | W32: 0 | X32: 0 | Y32: 0 | Z32: 0 | AA32: 0 | AB32: 0 | AC32: 0 | AD32: 0 | AE32: 0 | AF32: 0 | AG32: 0 | AH32: 0 | AI32: 0
B33: Commercial | C33: 11.950781 | D33: 11.123952 | E33: 11.276792 | F33: 11.251192 | G33: 11.30011 | H33: 11.187394 | I33: 11.605302 | J33: 12.2835 | K33: 8.9264664 | L33: 9.7635618 | M33: 8.7603401 | N33: 9.2306379 | O33: 8.5511655 | P33: 7.8219705 | Q33: 9.7670905 | R33: 9.2601022 | S33: 6.238789 | T33: 6.6546288 | U33: 7.6116886 | V33: 6.9212945 | W33: 6.5764502 | X33: 5.8411055 | Y33: 4.1332779 | Z33: 3.9349591 | AA33: 3.8157474 | AB33: 2.9645721 | AC33: 2.2649918 | AD33: 1.975917 | AE33: 1.7911941 | AF33: 1.6000992 | AG33: 1.3945917 | AH33: 1.4304169 | AI33: 1.3868762
B34: Industrial | C34: 157.84209 | D34: 154.64086 | E34: 150.27787 | F34: 152.55057 | G34: 153.4711 | H34: 147.21878 | I34: 140.09708 | J34: 140.245 | K34: 141.76016 | L34: 132.48455 | M34: 128.49007 | N34: 130.18693 | O34: 119.06364 | P34: 119.4445 | Q34: 120.44114 | R34: 117.84664 | S34: 115.58457 | T34: 110.77985 | U34: 106.08016 | V34: 87.070439 | W34: 94.169116 | X34: 85.959053 | Y34: 78.230091 | Z34: 79.549338 | AA34: 79.247794 | AB34: 69.97511 | AC34: 63.154312 | AD34: 58.677272 | AE34: 54.422085 | AF34: 49.463303 | AG34: 42.968686 | AH34: 43.032402 | AI34: 42.651756
B35: Transportation | C35: NO | D35: NO | E35: NO | F35: NO | G35: NO | H35: NO | I35: NO | J35: NO | K35: NO | L35: NO | M35: NO | N35: NO | O35: NO | P35: NO | Q35: NO | R35: NO | S35: NO | T35: NO | U35: NO | V35: NO | W35: NO | X35: NO | Y35: NO | Z35: NO | AA35: NO | AB35: NO | AC35: NO | AD35: NO | AE35: NO | AF35: NO | AG35: NO | AH35: NO | AI35: NO
B36: Electric Power | C36: 1546.5139 | D36: 1547.1745 | E36: 1568.5415 | F36: 1631.6188 | G36: 1637.8528 | H36: 1659.8609 | I36: 1751.5234 | J36: 1796.0189 | K36: 1827.1477 | L36: 1835.4022 | M36: 1926.3651 | N36: 1868.8345 | O36: 1888.8947 | P36: 1929.9567 | Q36: 1942.0198 | R36: 1982.7714 | S36: 1952.6895 | T36: 1986.2498 | U36: 1958.3876 | V36: 1740.1527 | W36: 1827.2452 | X36: 1722.3699 | Y36: 1511.6931 | Z36: 1571.2511 | AA36: 1568.5562 | AB36: 1351.3884 | AC36: 1242.0167 | AD36: 1207.0667 | AE36: 1152.8764 | AF36: 973.53978 | AG36: 788.15963 | AH36: 910.06446 | AI36: 847.45162
B37: U.S. Territories | C37: 0.49918364 | D37: 0.46298199 | E37: 0.3954042 | F37: 0.41466458 | G37: 0.42259532 | H37: 0.43052606 | I37: 0.4418557 | J37: 0.44910667 | K37: 0.45409171 | L37: 0.4203294 | M37: 0.47500389 | N37: 0.59682902 | O37: 2.0233696 | P37: 2.6638948 | Q37: 2.9457047 | R37: 3.0136825 | S37: 3.39889 | T37: 3.4023709 | U37: 3.4334171 | V37: 3.4095812 | W37: 3.195713 | X37: 3.4382816 | Y37: 3.2878465 | Z37: 3.2755493 | AA37: 3.442353 | AB37: 3.3100766 | AC37: 3.2706873 | AD37: 2.3004829 | AE37: 2.5567789 | AF37: 3.5604735 | AG37: 3.0825891 | AH37: 2.888569 | AI37: 2.888569
B38: Natural Gas | C38: 998.62349 | D38: 1020.8767 | E38: 1054.3449 | F38: 1081.8088 | G38: 1106.5976 | H38: 1155.0126 | I38: 1176.2845 | J38: 1182.4608 | K38: 1158.6521 | L38: 1162.9369 | M38: 1218.6319 | N38: 1169.4461 | O38: 1207.9329 | P38: 1176.9527 | Q38: 1182.8258 | R38: 1166.1619 | S38: 1151.049 | T38: 1225.0297 | U38: 1235.8808 | V38: 1214.2348 | W38: 1273.1434 | X38: 1292.7854 | Y38: 1352.7983 | Z38: 1390.8096 | AA38: 1419.1265 | AB38: 1455.3863 | AC38: 1461.3213 | AD38: 1433.2473 | AE38: 1591.9667 | AF38: 1649.2529 | AG38: 1612.3396 | AH38: 1620.8152 | AI38: 1712.3538
B39: Residential | C39: 237.79751 | D39: 247.31637 | E39: 254.59498 | F39: 268.22933 | G39: 262.94356 | H39: 262.76571 | I39: 283.99195 | J39: 270.12382 | K39: 246.13968 | L39: 256.37922 | M39: 270.8059 | N39: 259.18896 | O39: 265.05319 | P39: 276.17535 | Q39: 264.17878 | R39: 262.22861 | S39: 237.2884 | T39: 256.4079 | U39: 265.6675 | V39: 259.05602 | W39: 258.91128 | X39: 255.06803 | Y39: 225.10148 | Z39: 266.35053 | AA39: 277.67161 | AB39: 252.72391 | AC39: 238.38223 | AD39: 241.48609 | AE39: 273.81437 | AF39: 275.46888 | AG39: 256.36072 | AH39: 258.62082 | AI39: 273.48051
B40: Commercial | C40: 142.02474 | D40: 148.12843 | E40: 152.14428 | F40: 154.86031 | G40: 157.02801 | H40: 164.20846 | I40: 171.12094 | J40: 174.2504 | K40: 163.32937 | L40: 165.18012 | M40: 172.49807 | N40: 164.19987 | O40: 170.46501 | P40: 172.87591 | Q40: 169.77666 | R40: 162.92509 | S40: 153.83156 | T40: 163.59043 | U40: 171.19325 | V40: 169.05333 | W40: 167.96888 | X40: 170.73802 | Y40: 157.04279 | Z40: 179.2196 | AA40: 189.18939 | AB40: 175.41175 | AC40: 170.54057 | AD40: 173.19012 | AE40: 192.52838 | AF40: 192.91621 | AG40: 173.8493 | AH40: 180.86325 | AI40: 193.16445
B41: Industrial | C41: 407.44058 | D41: 413.59445 | E41: 429.30738 | F41: 436.9822 | G41: 438.20865 | H41: 461.468 | I41: 477.22705 | J41: 477.88613 | K41: 466.22858 | L41: 445.62145 | M41: 458.18471 | N41: 420.60013 | O41: 428.10994 | P41: 415.08604 | Q41: 418.88609 | R41: 387.78439 | S41: 387.43557 | T41: 396.96909 | U41: 398.65113 | V41: 374.19964 | W41: 407.08949 | X41: 417.16969 | Y41: 433.87411 | Z41: 450.93612 | AA41: 465.93607 | AB41: 459.64628 | AC41: 463.98258 | AD41: 468.13316 | AE41: 493.46898 | AF41: 501.51732 | AG41: 485.9814 | AH41: 499.54937 | AI41: 512.56701
B42: Transportation | C42: 36.000629 | D42: 32.870999 | E42: 32.223566 | F42: 34.154614 | G42: 37.562805 | H42: 38.39776 | I42: 39.083768 | J42: 41.387043 | K42: 35.288384 | L42: 35.810853 | M42: 35.650076 | N42: 34.885996 | O42: 37.087114 | P42: 33.263751 | Q42: 31.927149 | R42: 33.075921 | S42: 33.132752 | T42: 35.181266 | U42: 36.70165 | V42: 37.924974 | W42: 38.159193 | X42: 38.942984 | Y42: 41.378009 | Z42: 47.049247 | AA42: 40.238123 | AB42: 39.405905 | AC42: 40.058807 | AD42: 42.257759 | AE42: 50.915434 | AF42: 58.928768 | AG42: 58.653794 | AH42: 65.084835 | AI42: 68.300476
B43: Electric Power | C43: 175.36004 | D43: 178.96642 | E43: 186.07466 | F43: 187.58235 | G43: 210.85462 | H43: 228.17266 | I43: 204.86081 | J43: 218.81343 | K43: 247.66613 | L43: 259.94521 | M43: 280.82105 | N43: 289.35863 | O43: 306.00875 | P43: 278.1274 | Q43: 296.7503 | R43: 318.8584 | S43: 337.97496 | T43: 371.46513 | U43: 362.11598 | V43: 372.54775 | W43: 399.53809 | X43: 409.42962 | Y43: 492.7922 | Z43: 444.16593 | AA43: 442.88201 | AB43: 525.16054 | AC43: 544.99213 | AD43: 505.63466 | AE43: 577.93546 | AF43: 616.64869 | AG43: 634.84678 | AH43: 612.77428 | AI43: 660.92157
B44: U.S. Territories | C44: NO | D44: NO | E44: NO | F44: NO | G44: NO | H44: NO | I44: NO | J44: NO | K44: NO | L44: NO | M44: 0.67212201 | N44: 1.2125167 | O44: 1.2089206 | P44: 1.424226 | Q44: 1.3068074 | R44: 1.2895019 | S44: 1.3857334 | T44: 1.4159216 | U44: 1.5513055 | V44: 1.4531354 | W44: 1.4764952 | X44: 1.4370506 | Y44: 2.6097333 | Z44: 3.0881755 | AA44: 3.2092986 | AB44: 3.037931 | AC44: 3.3649959 | AD44: 2.5455514 | AE44: 3.3040677 | AF44: 3.7730227 | AG44: 2.6475837 | AH44: 3.9226452 | AI44: 3.919756
B45: Petroleum | C45: 2017.5099 | D45: 1949.4619 | E45: 2000.4167 | F45: 2021.4178 | G45: 2061.3989 | H45: 2054.0962 | I45: 2139.3454 | J45: 2147.2594 | K45: 2187.2469 | L45: 2234.5557 | M45: 2329.6147 | N45: 2356.3482 | O45: 2342.1835 | P45: 2407.1583 | Q45: 2463.5169 | R45: 2473.4906 | S45: 2438.0323 | T45: 2421.7972 | U45: 2245.1807 | V45: 2131.8107 | W45: 2145.2996 | X45: 2100.8276 | Y45: 2056.6992 | Z45: 2076.8384 | AA45: 2093.6383 | AB45: 2129.1875 | AC45: 2141.2271 | AD45: 2154.5821 | AE45: 2193.2809 | AF45: 2189.2634 | AG45: 1908.2818 | AH45: 2071.9386 | AI45: 2101.3218
B46: Residential | C46: 97.782418 | D46: 97.952145 | E46: 96.897412 | F46: 95.382679 | G46: 92.109498 | H46: 88.696195 | I46: 97.89989 | J46: 93.391377 | K46: 84.36724 | L46: 93.196113 | M46: 99.814276 | N46: 102.72305 | O46: 94.863232 | P46: 102.78141 | Q46: 103.79642 | R46: 95.863657 | S46: 83.820353 | T46: 84.02378 | U46: 82.221956 | V46: 77.367832 | W46: 75.839547 | X46: 71.084473 | Y46: 57.266798 | Z46: 62.761444 | AA46: 68.869622 | AB46: 64.585804 | AC46: 54.391173 | AD46: 51.924146 | AE46: 64.403711 | AF46: 65.931458 | AG46: 56.814754 | AH46: 53.81502 | AI46: 53.860843
B47: Commercial | C47: 74.317013 | D47: 73.40782 | E47: 64.616738 | F47: 56.873973 | G47: 56.369494 | H47: 52.39124 | I47: 54.83206 | J47: 51.284966 | K47: 47.862171 | L47: 45.786687 | M47: 55.272251 | N47: 55.025835 | O47: 49.991161 | P47: 59.437944 | Q47: 58.432242 | R47: 54.944855 | S47: 51.735183 | T47: 52.843905 | U47: 48.705633 | V47: 52.069699 | W47: 49.914129 | X47: 47.884291 | Y47: 39.132754 | Z47: 41.064262 | AA47: 39.418167 | AB47: 66.228009 | AC47: 58.741706 | AD47: 56.832711 | AE47: 51.518203 | AF47: 56.186801 | AG47: 53.218928 | AH47: 51.915464 | AI47: 49.125274
B48: Industrial | C48: 295.41972 | D48: 279.2474 | E48: 296.40445 | F48: 286.08371 | G48: 290.97913 | H48: 290.89883 | I48: 315.60161 | J48: 308.61434 | K48: 291.13161 | L48: 276.15519 | M48: 293.56946 | N48: 324.61901 | O48: 312.6241 | P48: 324.81489 | Q48: 343.48699 | R48: 351.68644 | S48: 376.72403 | T48: 364.58056 | U48: 319.40784 | V48: 285.51088 | W48: 299.83055 | X48: 295.40564 | Y48: 296.88693 | Z48: 306.83132 | AA48: 271.31094 | AB48: 273.5377 | AC48: 269.25943 | AD48: 267.75484 | AE48: 272.86241 | AF48: 275.79776 | AG48: 250.4058 | AH48: 243.52799 | AI48: 248.14098
B49: Transportation | C49: 1432.9433 | D49: 1389.4564 | E49: 1445.4199 | F49: 1474.4524 | G49: 1516.3845 | H49: 1542.2801 | I49: 1588.2793 | J49: 1602.1285 | K49: 1643.632 | L49: 1710.5335 | M49: 1756.5518 | N49: 1727.5781 | O49: 1765.9312 | P49: 1778.7205 | Q49: 1813.2936 | R49: 1825.4762 | S49: 1826.0003 | T49: 1825.5562 | U49: 1722.9797 | V49: 1650.5556 | W49: 1658.4553 | X49: 1631.4346 | Y49: 1618.0233 | Z49: 1621.9967 | AA49: 1667.1086 | AB49: 1678.9753 | AC49: 1717.8477 | AD49: 1738.0501 | AE49: 1762.2192 | AF49: 1757.7069 | AG49: 1514.1276 | AH49: 1688.0064 | AI49: 1712.8351
B50: Electric Power | C50: 97.538491 | D50: 90.678662 | E50: 75.527743 | F50: 86.415413 | G50: 81.24685 | H50: 58.711775 | I50: 63.396293 | J50: 72.207404 | K50: 101.26272 | L50: 93.833305 | M50: 88.524424 | N50: 98.561016 | O50: 76.854862 | P50: 95.127635 | Q50: 95.845222 | R50: 97.966698 | S50: 53.276122 | T50: 52.964489 | U50: 38.386648 | V50: 32.211435 | W50: 31.428997 | X50: 25.831554 | Y50: 18.333109 | Z50: 22.42005 | AA50: 25.30437 | AB50: 23.674449 | AC50: 21.458011 | AD50: 18.920639 | AE50: 22.215729 | AF50: 16.161309 | AG50: 16.166105 | AH50: 17.713212 | AI50: 20.401377
B51: U.S. Territories | C51: 19.50896 | D51: 18.719463 | E51: 21.550453 | F51: 22.209566 | G51: 24.30933 | H51: 21.118063 | I51: 19.336238 | J51: 19.632813 | K51: 18.991174 | L51: 15.050966 | M51: 35.88245 | N51: 47.841261 | O51: 41.918924 | P51: 46.275896 | Q51: 48.662481 | R51: 47.55267 | S51: 46.476346 | T51: 41.828252 | U51: 33.478968 | V51: 34.095302 | W51: 29.831093 | X51: 29.187061 | Y51: 27.05632 | Z51: 21.764648 | AA51: 21.6266 | AB51: 22.186279 | AC51: 19.529039 | AD51: 21.09965 | AE51: 20.061671 | AF51: 17.47925 | AG51: 17.548655 | AH51: 16.96049 | AI51: 16.958243
B52: Geothermal* | C52: 0.53819392 | D52: 0.53913329 | E52: 0.54407239 | F52: 0.55549804 | G52: 0.51416615 | H52: 0.4278974 | I52: 0.46247774 | J52: 0.48008445 | K52: 0.47808352 | L52: 0.4850693 | M52: 0.46106106 | N52: 0.44952387 | O52: 0.46881399 | P52: 0.46668759 | Q52: 0.46734375 | R52: 0.46101771 | S52: 0.45493035 | T52: 0.45791243 | U52: 0.44186046 | V52: 0.43404581 | W52: 0.42666894 | X52: 0.43609815 | Y52: 0.43740649 | Z52: 0.43301643 | AA52: 0.42329941 | AB52: 0.41438842 | AC52: 0.40471026 | AD52: 0.41067902 | AE52: 0.40475222 | AF52: 0.37101446 | AG52: 0.39082597 | AH52: 0.37701789 | AI52: 0.38229243
B53: Electric Power | C53: 0.53819392 | D53: 0.53913329 | E53: 0.54407239 | F53: 0.55549804 | G53: 0.51416615 | H53: 0.4278974 | I53: 0.46247774 | J53: 0.48008445 | K53: 0.47808352 | L53: 0.4850693 | M53: 0.46106106 | N53: 0.44952387 | O53: 0.46881399 | P53: 0.46668759 | Q53: 0.46734375 | R53: 0.46101771 | S53: 0.45493035 | T53: 0.45791243 | U53: 0.44186046 | V53: 0.43404581 | W53: 0.42666894 | X53: 0.43609815 | Y53: 0.43740649 | Z53: 0.43301643 | AA53: 0.42329941 | AB53: 0.41438842 | AC53: 0.40471026 | AD53: 0.41067902 | AE53: 0.40475222 | AF53: 0.37101446 | AG53: 0.39082597 | AH53: 0.37701789 | AI53: 0.38229243
B54: Total | C54: 4736.4652 | D54: 4686.7218 | E54: 4788.2726 | F54: 4902.0871 | G54: 4973.5515 | H54: 5029.906 | I54: 5221.3426 | J54: 5280.715 | K54: 5325.7688 | L54: 5377.3798 | M54: 5613.881 | N54: 5536.2336 | O54: 5570.2841 | P54: 5645.6335 | Q54: 5723.069 | R54: 5753.8105 | S54: 5668.065 | T54: 5755.1109 | U54: 5557.0163 | V54: 5184.0336 | W54: 5350.0562 | X54: 5211.6574 | Y54: 5007.2793 | Z54: 5126.092 | AA54: 5168.2502 | AB54: 5012.6264 | AC54: 4913.6598 | AD54: 4858.2605 | AE54: 4997.2989 | AF54: 4867.051 | AG54: 4356.6177 | AH54: 4650.5467 | AI54: 4708.4367
B57: Absolute Change:
B58: Fuel Type/Sector | C58: 1990 | D58: 1991 | E58: 1992 | F58: 1993 | G58: 1994 | H58: 1995 | I58: 1996 | J58: 1997 | K58: 1998 | L58: 1999 | M58: 2000 | N58: 2001 | O58: 2002 | P58: 2003 | Q58: 2004 | R58: 2005 | S58: 2006 | T58: 2007 | U58: 2008 | V58: 2009 | W58: 2010 | X58: 2011 | Y58: 2012 | Z58: 2013 | AA58: 2014 | AB58: 2015 | AC58: 2016 | AD58: 2017 | AE58: 2018 | AF58: 2019 | AG58: 2020 | AH58: 2021 | AI58: 2022
B59: Coal | C59: =(AN4-C31) -> -0.0030486894 | D59: =(AO4-D31) -> -0.0026386882 | E59: =(AP4-E31) -> -0.002902413 | F59: =(AQ4-F31) -> -0.0027850379 | G59: =(AR4-G31) -> -0.0020699241 | H59: =(AS4-H31) -> -0.0030956647 | I59: =(AT4-I31) -> -0.0077047928 | J59: =(AU4-J31) -> -0.0053440742 | ... AI59: =(BT4-AI31) -> 4.0299217
B60: Residential | C60: =(AN5-C32) -> 0 | D60: =(AO5-D32) -> 0 | E60: =(AP5-E32) -> 0 | F60: =(AQ5-F32) -> 0 | G60: =(AR5-G32) -> 0 | H60: =(AS5-H32) -> 0 | I60: =(AT5-I32) -> 0 | J60: =(AU5-J32) -> 0 | ... AI60: =(BT5-AI32) -> 0
B61: Commercial | C61: =(AN6-C33) -> 0 | D61: =(AO6-D33) -> 0 | E61: =(AP6-E33) -> 0 | F61: =(AQ6-F33) -> 0 | G61: =(AR6-G33) -> 0 | H61: =(AS6-H33) -> 0 | I61: =(AT6-I33) -> 0 | J61: =(AU6-J33) -> 0 | ... AI61: =(BT6-AI33) -> 0.0012534341
B62: Industrial | C62: =(AN7-C34) -> -0.0030486894 | D62: =(AO7-D34) -> -0.0026386882 | E62: =(AP7-E34) -> -0.002902413 | F62: =(AQ7-F34) -> -0.0027850379 | G62: =(AR7-G34) -> -0.0020699241 | H62: =(AS7-H34) -> -0.0030956647 | I62: =(AT7-I34) -> -0.0077047928 | J62: =(AU7-J34) -> -0.0053440742 | ... AI62: =(BT7-AI34) -> 0.0082361284
B63: Transportation | C63: =(AN8-C35) -> 0 | D63: =(AO8-D35) -> 0 | E63: =(AP8-E35) -> 0 | F63: =(AQ8-F35) -> 0 | G63: =(AR8-G35) -> 0 | H63: =(AS8-H35) -> 0 | I63: =(AT8-I35) -> 0 | J63: =(AU8-J35) -> 0 | ... AI63: =(BT8-AI35) -> 0
B64: Electric Power | C64: =(AN9-C36) -> 0 | D64: =(AO9-D36) -> 0 | E64: =(AP9-E36) -> 0 | F64: =(AQ9-F36) -> 0 | G64: =(AR9-G36) -> 0 | H64: =(AS9-H36) -> 0 | I64: =(AT9-I36) -> 0 | J64: =(AU9-J36) -> 0 | ... AI64: =(BT9-AI36) -> 4.0204322
B65: U.S. Territories | C65: =(AN10-C37) -> 0 | D65: =(AO10-D37) -> 0 | E65: =(AP10-E37) -> 0 | F65: =(AQ10-F37) -> 0 | G65: =(AR10-G37) -> 0 | H65: =(AS10-H37) -> 0 | I65: =(AT10-I37) -> 0 | J65: =(AU10-J37) -> 0 | ... AI65: =(BT10-AI37) -> 0 | AJ65: =AVERAGE(C65:AH65) -> 0
B66: Natural Gas | C66: =(AN11-C38) -> 0 | D66: =(AO11-D38) -> 0 | E66: =(AP11-E38) -> 0 | F66: =(AQ11-F38) -> 0 | G66: =(AR11-G38) -> 0 | H66: =(AS11-H38) -> 0 | I66: =(AT11-I38) -> 0 | J66: =(AU11-J38) -> 0 | ... AI66: =(BT11-AI38) -> -3.272361 | AJ66: =AVERAGE(AE66:AH66) -> 1.1459129
B67: Residential | C67: =(AN12-C39) -> 0 | D67: =(AO12-D39) -> 0 | E67: =(AP12-E39) -> 0 | F67: =(AQ12-F39) -> 0 | G67: =(AR12-G39) -> 0 | H67: =(AS12-H39) -> 0 | I67: =(AT12-I39) -> 0 | J67: =(AU12-J39) -> 0 | ... AI67: =(BT12-AI39) -> -1.4936934
B68: Commercial | C68: =(AN13-C40) -> 0 | D68: =(AO13-D40) -> 0 | E68: =(AP13-E40) -> 0 | F68: =(AQ13-F40) -> 0 | G68: =(AR13-G40) -> 0 | H68: =(AS13-H40) -> 0 | I68: =(AT13-I40) -> 0 | J68: =(AU13-J40) -> 0 | ... AI68: =(BT13-AI40) -> -0.90202634
B69: Industrial | C69: =(AN14-C41) -> 0 | D69: =(AO14-D41) -> 0 | E69: =(AP14-E41) -> 0 | F69: =(AQ14-F41) -> 0 | G69: =(AR14-G41) -> 0 | H69: =(AS14-H41) -> 0 | I69: =(AT14-I41) -> 0 | J69: =(AU14-J41) -> 0 | ... AI69: =(BT14-AI41) -> -1.1211186
B70: Transportation | C70: =(AN15-C42) -> 0 | D70: =(AO15-D42) -> 0 | E70: =(AP15-E42) -> 0 | F70: =(AQ15-F42) -> 0 | G70: =(AR15-G42) -> 0 | H70: =(AS15-H42) -> 0 | I70: =(AT15-I42) -> 0 | J70: =(AU15-J42) -> 0 | ... AI70: =(BT15-AI42) -> 1.8608328
B71: Electric Power | C71: =(AN16-C43) -> 0 | D71: =(AO16-D43) -> 0 | E71: =(AP16-E43) -> 0 | F71: =(AQ16-F43) -> 0 | G71: =(AR16-G43) -> 0 | H71: =(AS16-H43) -> 0 | I71: =(AT16-I43) -> 0 | J71: =(AU16-J43) -> 0 | ... AI71: =(BT16-AI43) -> -1.6163554
B72: U.S. Territories | C72: =(AN17-C44) -> 0 | D72: =(AO17-D44) -> 0 | E72: =(AP17-E44) -> 0 | F72: =(AQ17-F44) -> 0 | G72: =(AR17-G44) -> 0 | H72: =(AS17-H44) -> 0 | I72: =(AT17-I44) -> 0 | J72: =(AU17-J44) -> 0 | ... AI72: =(BT17-AI44) -> 0
B73: Petroleum | C73: =(AN18-C45) -> 10.448639 | D73: =(AO18-D45) -> 13.537672 | E73: =(AP18-E45) -> 4.6265162 | F73: =(AQ18-F45) -> 7.0256577 | G73: =(AR18-G45) -> -2.0573066 | H73: =(AS18-H45) -> 1.0873409 | I73: =(AT18-I45) -> -15.462734 | J73: =(AU18-J45) -> -14.457554 | ... AI73: =(BT18-AI45) -> -19.309712 | AJ73: =AVERAGE(C73:AH73) -> -7.4149386 | AK73: =AVERAGE(W73:AH73) -> -12.144612
B74: Residential | C74: =(AN19-C46) -> -6.054407e-06 | D74: =(AO19-D46) -> 2.5203235e-05 | E74: =(AP19-E46) -> -1.4815161e-05 | F74: =(AQ19-F46) -> 3.8083722e-06 | G74: =(AR19-G46) -> -1.7632417e-05 | H74: =(AS19-H46) -> 5.4549017e-07 | I74: =(AT19-I46) -> 7.1655525e-07 | J74: =(AU19-J46) -> -1.8303642e-05 | ... AI74: =(BT19-AI46) -> 7.2521683 | AJ74: =AVERAGE(C74:AH74) -> 0.23395907
B75: Commercial | C75: =(AN20-C47) -> -3.3166752e-06 | D75: =(AO20-D47) -> 1.4015246e-05 | E75: =(AP20-E47) -> -7.6621717e-06 | F75: =(AQ20-F47) -> 1.9281809e-06 | G75: =(AR20-G47) -> -9.2027701e-06 | H75: =(AS20-H47) -> 2.8872548e-07 | I75: =(AT20-I47) -> 3.7368852e-07 | J75: =(AU20-J47) -> -9.2898275e-06 | ... AI75: =(BT20-AI47) -> 1.9381907 | AJ75: =AVERAGE(C75:AH75) -> 0.1798903
B76: Industrial | C76: =(AN21-C48) -> 10.448649 | D76: =(AO21-D48) -> 13.537633 | E76: =(AP21-E48) -> 4.6265387 | F76: =(AQ21-F48) -> 7.025652 | G76: =(AR21-G48) -> -2.0572797 | H76: =(AS21-H48) -> 1.0873401 | I76: =(AT21-I48) -> -15.462736 | J76: =(AU21-J48) -> -14.457526 | ... AI76: =(BT21-AI48) -> -26.387836 | AJ76: =AVERAGE(C76:AH76) -> -7.8408936 | AK76: =AVERAGE(W76:AH76) -> -13.751686
B77: Transportation | C77: =(AN22-C49) -> 0 | D77: =(AO22-D49) -> 0 | E77: =(AP22-E49) -> 0 | F77: =(AQ22-F49) -> 0 | G77: =(AR22-G49) -> 0 | H77: =(AS22-H49) -> 0 | I77: =(AT22-I49) -> 0 | J77: =(AU22-J49) -> 0 | ... AI77: =(BT22-AI49) -> -2.2331912 | AJ77: =AVERAGE(C77:AH77) -> 0.012105714 | AK77: =AVERAGE(W77:AH77) -> 0.032281904
B78: Electric Power | C78: =(AN23-C50) -> 0 | D78: =(AO23-D50) -> 0 | E78: =(AP23-E50) -> 0 | F78: =(AQ23-F50) -> 0 | G78: =(AR23-G50) -> 0 | H78: =(AS23-H50) -> 0 | I78: =(AT23-I50) -> 0 | J78: =(AU23-J50) -> 0 | ... AI78: =(BT23-AI50) -> 0.12087176 | AJ78: =AVERAGE(C78:AH78) -> 0
B79: U.S. Territories | C79: =(AN24-C51) -> 0 | D79: =(AO24-D51) -> 0 | E79: =(AP24-E51) -> 0 | F79: =(AQ24-F51) -> 0 | G79: =(AR24-G51) -> 0 | H79: =(AS24-H51) -> 0 | I79: =(AT24-I51) -> 0 | J79: =(AU24-J51) -> 0 | ... AI79: =(BT24-AI51) -> 8.4778314e-05 | AJ79: =AVERAGE(C79:AH79) -> 0 | AK79: =AVERAGE(W79:AH79) -> 0
B80: Geothermal | C80: =(AN25-C52) -> 0 | D80: =(AO25-D52) -> 0 | E80: =(AP25-E52) -> 0 | F80: =(AQ25-F52) -> 0 | G80: =(AR25-G52) -> 0 | H80: =(AS25-H52) -> 0 | I80: =(AT25-I52) -> 0 | J80: =(AU25-J52) -> 0 | ... AI80: =(BT25-AI52) -> -0.0017352931 | AJ80: =AVERAGE(C80:AH80) -> 0
B81: Electric Power | C81: =(AN26-C53) -> 0 | D81: =(AO26-D53) -> 0 | E81: =(AP26-E53) -> 0 | F81: =(AQ26-F53) -> 0 | G81: =(AR26-G53) -> 0 | H81: =(AS26-H53) -> 0 | I81: =(AT26-I53) -> 0 | J81: =(AU26-J53) -> 0 | ... AI81: =(BT26-AI53) -> -0.0017352931
B82: Total | C82: =(AN27-C54) -> 10.445591 | D82: =(AO27-D54) -> 13.535033 | E82: =(AP27-E54) -> 4.6236138 | F82: =(AQ27-F54) -> 7.0228727 | G82: =(AR27-G54) -> -2.0593765 | H82: =(AS27-H54) -> 1.0842452 | I82: =(AT27-I54) -> -15.470439 | J82: =(AU27-J54) -> -14.462898 | ... AI82: =(BT27-AI54) -> -18.553887 | AJ82: =AVERAGE(C82:AH82) -> -7.2764303

Sheet 2022ER Comparison
A1: Comparison to 2022 ER Results
B2: Difference from Previous Cycles' Estimates: | AM2: 2022PR:
B3: Fuel Type/Sector | C3: 1990 | D3: 1991 | E3: 1992 | F3: 1993 | G3: 1994 | H3: 1995 | I3: 1996 | J3: 1997 | K3: 1998 | L3: 1999 | M3: 2000 | N3: 2001 | O3: 2002 | P3: 2003 | Q3: 2004 | R3: 2005 | S3: 2006 | T3: 2007 | U3: 2008 | V3: 2009 | W3: 2010 | X3: 2011 | Y3: 2012 | Z3: 2013 | AA3: 2014 | AB3: 2015 | AC3: 2016 | AD3: 2017 | AE3: 2018 | AF3: 2019 | AG3: 2020 | AH3: 2021 | AI3: 2022 | AJ3: Average Annual Change | AM3: Fuel Type/Sector | AN3: 1990 | AO3: 1991 | AP3: 1992 | AQ3: 1993 | AR3: 1994 | AS3: 1995 | AT3: 1996 | AU3: 1997 | AV3: 1998 | AW3: 1999 | AX3: 2000 | AY3: 2001 | AZ3: 2002 | BA3: 2003 | BB3: 2004 | BC3: 2005 | BD3: 2006 | BE3: 2007 | BF3: 2008 | BG3: 2009 | BH3: 2010 | BI3: 2011 | BJ3: 2012 | BK3: 2013 | BL3: 2014 | BM3: 2015 | BN3: 2016 | BO3: 2017 | BP3: 2018 | BQ3: 2019 | BR3: 2020 | BS3: 2021 | BT3: 2022
B4: Coal | C4: =IFERROR((AN4-C31)/C31, "NA") -> -1.7727065e-06 | D4: =IFERROR((AO4-D31)/D31, "NA") -> -1.5378368e-06 | E4: =IFERROR((AP4-E31)/E31, "NA") -> -1.674823e-06 | F4: =IFERROR((AQ4-F31)/F31, "NA") -> -1.5487016e-06 | G4: =IFERROR((AR4-G31)/G31, "NA") -> -1.1467464e-06 | H4: =IFERROR((AS4-H31)/H31, "NA") -> -1.7005696e-06 | I4: =IFERROR((AT4-I31)/I31, "NA") -> -4.0439795e-06 | J4: =IFERROR((AU4-J31)/J31, "NA") -> -2.7398277e-06 | ... AI4: =IFERROR((BT4-AI31)/AI31, "NA") -> 0.0045058331 | AM4: Coal | AN4: ='Summary Table'!C7 -> 1719.7906 | AO4: ='Summary Table'!D7 -> 1715.8415 | AP4: ='Summary Table'!E7 -> 1732.9641 | AQ4: ='Summary Table'!F7 -> 1798.3022 | AR4: ='Summary Table'!G7 -> 1805.0388 | AS4: ='Summary Table'!H7 -> 1820.3662 | AT4: ='Summary Table'!I7 -> 1905.2425 | AU4: ='Summary Table'!J7 -> 1950.5093 | ... BT4: ='Summary Table'!AI7 -> 898.40875
B5: Residential | C5: =IFERROR((AN5-C32)/C32, "NA") -> 0 | D5: =IFERROR((AO5-D32)/D32, "NA") -> 0 | E5: =IFERROR((AP5-E32)/E32, "NA") -> 0 | F5: =IFERROR((AQ5-F32)/F32, "NA") -> 0 | G5: =IFERROR((AR5-G32)/G32, "NA") -> 0 | H5: =IFERROR((AS5-H32)/H32, "NA") -> 0 | I5: =IFERROR((AT5-I32)/I32, "NA") -> 0 | J5: =IFERROR((AU5-J32)/J32, "NA") -> 0 | ... AI5: =IFERROR((BT5-AI32)/AI32, "NA") -> NA | AM5: Residential | AN5: ='Summary Table'!C8 -> 2.9876953 | AO5: ='Summary Table'!D8 -> 2.4418666 | AP5: ='Summary Table'!E8 -> 2.4754382 | AQ5: ='Summary Table'!F8 -> 2.4697528 | AR5: ='Summary Table'!G8 -> 1.9941821 | AS5: ='Summary Table'!H8 -> 1.6716718 | AT5: ='Summary Table'!I8 -> 1.5825802 | AU5: ='Summary Table'!J8 -> 1.5181716 | ... BT5: ='Summary Table'!AI8 -> 0
B6: Commercial | C6: =IFERROR((AN6-C33)/C33, "NA") -> 0 | D6: =IFERROR((AO6-D33)/D33, "NA") -> 0 | E6: =IFERROR((AP6-E33)/E33, "NA") -> 0 | F6: =IFERROR((AQ6-F33)/F33, "NA") -> 0 | G6: =IFERROR((AR6-G33)/G33, "NA") -> 0 | H6: =IFERROR((AS6-H33)/H33, "NA") -> 0 | I6: =IFERROR((AT6-I33)/I33, "NA") -> 0 | J6: =IFERROR((AU6-J33)/J33, "NA") -> 0 | ... AI6: =IFERROR((BT6-AI33)/AI33, "NA") -> 0.0009037822 | AM6: Commercial | AN6: ='Summary Table'!C9 -> 11.950781 | AO6: ='Summary Table'!D9 -> 11.123952 | AP6: ='Summary Table'!E9 -> 11.276792 | AQ6: ='Summary Table'!F9 -> 11.251192 | AR6: ='Summary Table'!G9 -> 11.30011 | AS6: ='Summary Table'!H9 -> 11.187394 | AT6: ='Summary Table'!I9 -> 11.605302 | AU6: ='Summary Table'!J9 -> 12.2835 | ... BT6: ='Summary Table'!AI9 -> 1.3881297
B7: Industrial | C7: =IFERROR((AN7-C34)/C34, "NA") -> -1.9314806e-05 | D7: =IFERROR((AO7-D34)/D34, "NA") -> -1.7063332e-05 | E7: =IFERROR((AP7-E34)/E34, "NA") -> -1.9313643e-05 | F7: =IFERROR((AQ7-F34)/F34, "NA") -> -1.8256489e-05 | G7: =IFERROR((AR7-G34)/G34, "NA") -> -1.3487387e-05 | H7: =IFERROR((AS7-H34)/H34, "NA") -> -2.1027648e-05 | I7: =IFERROR((AT7-I34)/I34, "NA") -> -5.4996097e-05 | J7: =IFERROR((AU7-J34)/J34, "NA") -> -3.8105275e-05 | ... AI7: =IFERROR((BT7-AI34)/AI34, "NA") -> 0.00019310174 | AJ7: =AVERAGE(C7:AI7) -> -4.4423966e-05 | AM7: Industrial | AN7: ='Summary Table'!C10 -> 157.83904 | AO7: ='Summary Table'!D10 -> 154.63822 | AP7: ='Summary Table'!E10 -> 150.27496 | AQ7: ='Summary Table'!F10 -> 152.54779 | AR7: ='Summary Table'!G10 -> 153.46903 | AS7: ='Summary Table'!H10 -> 147.21569 | AT7: ='Summary Table'!I10 -> 140.08938 | AU7: ='Summary Table'!J10 -> 140.23965 | ... BT7: ='Summary Table'!AI10 -> 42.659993
B8: Transportation | C8: =IFERROR((AN8-C35)/C35, "NA") -> NA | D8: =IFERROR((AO8-D35)/D35, "NA") -> NA | E8: =IFERROR((AP8-E35)/E35, "NA") -> NA | F8: =IFERROR((AQ8-F35)/F35, "NA") -> NA | G8: =IFERROR((AR8-G35)/G35, "NA") -> NA | H8: =IFERROR((AS8-H35)/H35, "NA") -> NA | I8: =IFERROR((AT8-I35)/I35, "NA") -> NA | J8: =IFERROR((AU8-J35)/J35, "NA") -> NA | ... AI8: =IFERROR((BT8-AI35)/AI35, "NA") -> NA | AM8: Transportation | AN8: ='Summary Table'!C11 -> NO | AO8: ='Summary Table'!D11 -> NO | AP8: ='Summary Table'!E11 -> NO | AQ8: ='Summary Table'!F11 -> NO | AR8: ='Summary Table'!G11 -> NO | AS8: ='Summary Table'!H11 -> NO | AT8: ='Summary Table'!I11 -> NO | AU8: ='Summary Table'!J11 -> NO | ... BT8: ='Summary Table'!AI11 -> NO
B9: Electric Power | C9: =IFERROR((AN9-C36)/C36, "NA") -> 0 | D9: =IFERROR((AO9-D36)/D36, "NA") -> 0 | E9: =IFERROR((AP9-E36)/E36, "NA") -> 0 | F9: =IFERROR((AQ9-F36)/F36, "NA") -> 0 | G9: =IFERROR((AR9-G36)/G36, "NA") -> 0 | H9: =IFERROR((AS9-H36)/H36, "NA") -> 0 | I9: =IFERROR((AT9-I36)/I36, "NA") -> 0 | J9: =IFERROR((AU9-J36)/J36, "NA") -> 0 | ... AI9: =IFERROR((BT9-AI36)/AI36, "NA") -> 0.0047441435 | AM9: Electric Power | AN9: ='Summary Table'!C12 -> 1546.5139 | AO9: ='Summary Table'!D12 -> 1547.1745 | AP9: ='Summary Table'!E12 -> 1568.5415 | AQ9: ='Summary Table'!F12 -> 1631.6188 | AR9: ='Summary Table'!G12 -> 1637.8528 | AS9: ='Summary Table'!H12 -> 1659.8609 | AT9: ='Summary Table'!I12 -> 1751.5234 | AU9: ='Summary Table'!J12 -> 1796.0189 | ... BT9: ='Summary Table'!AI12 -> 851.47206
B10: U.S. Territories | C10: =IFERROR((AN10-C37)/C37, "NA") -> 0 | D10: =IFERROR((AO10-D37)/D37, "NA") -> 0 | E10: =IFERROR((AP10-E37)/E37, "NA") -> 0 | F10: =IFERROR((AQ10-F37)/F37, "NA") -> 0 | G10: =IFERROR((AR10-G37)/G37, "NA") -> 0 | H10: =IFERROR((AS10-H37)/H37, "NA") -> 0 | I10: =IFERROR((AT10-I37)/I37, "NA") -> 0 | J10: =IFERROR((AU10-J37)/J37, "NA") -> 0 | ... AI10: =IFERROR((BT10-AI37)/AI37, "NA") -> 0 | AJ10: =AVERAGE(C10:AI10) -> 0 | AM10: U.S. Territories | AN10: ='Summary Table'!C13 -> 0.49918364 | AO10: ='Summary Table'!D13 -> 0.46298199 | AP10: ='Summary Table'!E13 -> 0.3954042 | AQ10: ='Summary Table'!F13 -> 0.41466458 | AR10: ='Summary Table'!G13 -> 0.42259532 | AS10: ='Summary Table'!H13 -> 0.43052606 | AT10: ='Summary Table'!I13 -> 0.4418557 | AU10: ='Summary Table'!J13 -> 0.44910667 | ... BT10: ='Summary Table'!AI13 -> 2.888569
B11: Natural Gas | C11: =IFERROR((AN11-C38)/C38, "NA") -> 0 | D11: =IFERROR((AO11-D38)/D38, "NA") -> 0 | E11: =IFERROR((AP11-E38)/E38, "NA") -> 0 | F11: =IFERROR((AQ11-F38)/F38, "NA") -> 0 | G11: =IFERROR((AR11-G38)/G38, "NA") -> 0 | H11: =IFERROR((AS11-H38)/H38, "NA") -> 0 | I11: =IFERROR((AT11-I38)/I38, "NA") -> 0 | J11: =IFERROR((AU11-J38)/J38, "NA") -> 0 | ... AI11: =IFERROR((BT11-AI38)/AI38, "NA") -> -0.0019110309 | AJ11: =AVERAGE(C11:AI11) -> 2.8117715e-05 | AM11: Natural Gas | AN11: ='Summary Table'!C14 -> 998.62349 | AO11: ='Summary Table'!D14 -> 1020.8767 | AP11: ='Summary Table'!E14 -> 1054.3449 | AQ11: ='Summary Table'!F14 -> 1081.8088 | AR11: ='Summary Table'!G14 -> 1106.5976 | AS11: ='Summary Table'!H14 -> 1155.0126 | AT11: ='Summary Table'!I14 -> 1176.2845 | AU11: ='Summary Table'!J14 -> 1182.4608 | ... BT11: ='Summary Table'!AI14 -> 1709.0814
B12: Residential | C12: =IFERROR((AN12-C39)/C39, "NA") -> 0 | D12: =IFERROR((AO12-D39)/D39, "NA") -> 0 | E12: =IFERROR((AP12-E39)/E39, "NA") -> 0 | F12: =IFERROR((AQ12-F39)/F39, "NA") -> 0 | G12: =IFERROR((AR12-G39)/G39, "NA") -> 0 | H12: =IFERROR((AS12-H39)/H39, "NA") -> 0 | I12: =IFERROR((AT12-I39)/I39, "NA") -> 0 | J12: =IFERROR((AU12-J39)/J39, "NA") -> 0 | ... AI12: =IFERROR((BT12-AI39)/AI39, "NA") -> -0.005461791 | AM12: Residential | AN12: ='Summary Table'!C15 -> 237.79751 | AO12: ='Summary Table'!D15 -> 247.31637 | AP12: ='Summary Table'!E15 -> 254.59498 | AQ12: ='Summary Table'!F15 -> 268.22933 | AR12: ='Summary Table'!G15 -> 262.94356 | AS12: ='Summary Table'!H15 -> 262.76571 | AT12: ='Summary Table'!I15 -> 283.99195 | AU12: ='Summary Table'!J15 -> 270.12382 | ... BT12: ='Summary Table'!AI15 -> 271.98682
B13: Commercial | C13: =IFERROR((AN13-C40)/C40, "NA") -> 0 | D13: =IFERROR((AO13-D40)/D40, "NA") -> 0 | E13: =IFERROR((AP13-E40)/E40, "NA") -> 0 | F13: =IFERROR((AQ13-F40)/F40, "NA") -> 0 | G13: =IFERROR((AR13-G40)/G40, "NA") -> 0 | H13: =IFERROR((AS13-H40)/H40, "NA") -> 0 | I13: =IFERROR((AT13-I40)/I40, "NA") -> 0 | J13: =IFERROR((AU13-J40)/J40, "NA") -> 0 | ... AI13: =IFERROR((BT13-AI40)/AI40, "NA") -> -0.0046697327 | AM13: Commercial | AN13: ='Summary Table'!C16 -> 142.02474 | AO13: ='Summary Table'!D16 -> 148.12843 | AP13: ='Summary Table'!E16 -> 152.14428 | AQ13: ='Summary Table'!F16 -> 154.86031 | AR13: ='Summary Table'!G16 -> 157.02801 | AS13: ='Summary Table'!H16 -> 164.20846 | AT13: ='Summary Table'!I16 -> 171.12094 | AU13: ='Summary Table'!J16 -> 174.2504 | ... BT13: ='Summary Table'!AI16 -> 192.26242
B14: Industrial | C14: =IFERROR((AN14-C41)/C41, "NA") -> 0 | D14: =IFERROR((AO14-D41)/D41, "NA") -> 0 | E14: =IFERROR((AP14-E41)/E41, "NA") -> 0 | F14: =IFERROR((AQ14-F41)/F41, "NA") -> 0 | G14: =IFERROR((AR14-G41)/G41, "NA") -> 0 | H14: =IFERROR((AS14-H41)/H41, "NA") -> 0 | I14: =IFERROR((AT14-I41)/I41, "NA") -> 0 | J14: =IFERROR((AU14-J41)/J41, "NA") -> 0 | ... AI14: =IFERROR((BT14-AI41)/AI41, "NA") -> -0.0021872625 | AM14: Industrial | AN14: ='Summary Table'!C17 -> 407.44058 | AO14: ='Summary Table'!D17 -> 413.59445 | AP14: ='Summary Table'!E17 -> 429.30738 | AQ14: ='Summary Table'!F17 -> 436.9822 | AR14: ='Summary Table'!G17 -> 438.20865 | AS14: ='Summary Table'!H17 -> 461.468 | AT14: ='Summary Table'!I17 -> 477.22705 | AU14: ='Summary Table'!J17 -> 477.88613 | ... BT14: ='Summary Table'!AI17 -> 511.44589
B15: Transportation | C15: =IFERROR((AN15-C42)/C42, "NA") -> 0 | D15: =IFERROR((AO15-D42)/D42, "NA") -> 0 | E15: =IFERROR((AP15-E42)/E42, "NA") -> 0 | F15: =IFERROR((AQ15-F42)/F42, "NA") -> 0 | G15: =IFERROR((AR15-G42)/G42, "NA") -> 0 | H15: =IFERROR((AS15-H42)/H42, "NA") -> 0 | I15: =IFERROR((AT15-I42)/I42, "NA") -> 0 | J15: =IFERROR((AU15-J42)/J42, "NA") -> 0 | ... AI15: =IFERROR((BT15-AI42)/AI42, "NA") -> 0.0272448 | AM15: Transportation | AN15: ='Summary Table'!C18 -> 36.000629 | AO15: ='Summary Table'!D18 -> 32.870999 | AP15: ='Summary Table'!E18 -> 32.223566 | AQ15: ='Summary Table'!F18 -> 34.154614 | AR15: ='Summary Table'!G18 -> 37.562805 | AS15: ='Summary Table'!H18 -> 38.39776 | AT15: ='Summary Table'!I18 -> 39.083768 | AU15: ='Summary Table'!J18 -> 41.387043 | ... BT15: ='Summary Table'!AI18 -> 70.161309
B16: Electric Power | C16: =IFERROR((AN16-C43)/C43, "NA") -> 0 | D16: =IFERROR((AO16-D43)/D43, "NA") -> 0 | E16: =IFERROR((AP16-E43)/E43, "NA") -> 0 | F16: =IFERROR((AQ16-F43)/F43, "NA") -> 0 | G16: =IFERROR((AR16-G43)/G43, "NA") -> 0 | H16: =IFERROR((AS16-H43)/H43, "NA") -> 0 | I16: =IFERROR((AT16-I43)/I43, "NA") -> 0 | J16: =IFERROR((AU16-J43)/J43, "NA") -> 0 | ... AI16: =IFERROR((BT16-AI43)/AI43, "NA") -> -0.0024456085 | AM16: Electric Power | AN16: ='Summary Table'!C19 -> 175.36004 | AO16: ='Summary Table'!D19 -> 178.96642 | AP16: ='Summary Table'!E19 -> 186.07466 | AQ16: ='Summary Table'!F19 -> 187.58235 | AR16: ='Summary Table'!G19 -> 210.85462 | AS16: ='Summary Table'!H19 -> 228.17266 | AT16: ='Summary Table'!I19 -> 204.86081 | AU16: ='Summary Table'!J19 -> 218.81343 | ... BT16: ='Summary Table'!AI19 -> 659.30521
B17: U.S. Territories | C17: =IFERROR((AN17-C44)/C44, "NA") -> NA | D17: =IFERROR((AO17-D44)/D44, "NA") -> NA | E17: =IFERROR((AP17-E44)/E44, "NA") -> NA | F17: =IFERROR((AQ17-F44)/F44, "NA") -> NA | G17: =IFERROR((AR17-G44)/G44, "NA") -> NA | H17: =IFERROR((AS17-H44)/H44, "NA") -> NA | I17: =IFERROR((AT17-I44)/I44, "NA") -> NA | J17: =IFERROR((AU17-J44)/J44, "NA") -> NA | ... AI17: =IFERROR((BT17-AI44)/AI44, "NA") -> 0 | AM17: U.S. Territories | AN17: ='Summary Table'!C20 -> NO | AO17: ='Summary Table'!D20 -> NO | AP17: ='Summary Table'!E20 -> NO | AQ17: ='Summary Table'!F20 -> NO | AR17: ='Summary Table'!G20 -> NO | AS17: ='Summary Table'!H20 -> NO | AT17: ='Summary Table'!I20 -> NO | AU17: ='Summary Table'!J20 -> NO | ... BT17: ='Summary Table'!AI20 -> 3.919756
